date,code,open,high,low,close,preclose,volume,amount,pctChg,振幅
2018-01-02,sh.000300,4045.208,4087.778,4045.208,4087.401,4030.854,14693543424,178402033664.0,1.4029,1.0561
2018-01-03,sh.000300,4091.46,4140.054,4088.73,4111.392,4087.401,15185221888,205726887936.0,0.587,1.2557
2018-01-04,sh.000300,4114.121,4137.642,4105.885,4128.811,4111.392,13454379520,174523555840.0,0.4237,0.7724
2018-01-05,sh.000300,4133.343,4151.281,4123.281,4138.75,4128.811,14900987136,185206292480.0,0.2407,0.6782
2018-01-08,sh.000300,4140.854,4166.318,4127.308,4160.159,4138.75,17387766528,226403872768.0,0.5173,0.9426
2018-01-09,sh.000300,4157.539,4191.284,4153.502,4189.297,4160.159,13903429376,181975080960.0,0.7004,0.9082
2018-01-10,sh.000300,4187.204,4211.054,4175.135,4207.813,4189.297,15112166656,194850254848.0,0.442,0.8574
2018-01-11,sh.000300,4197.113,4211.799,4181.957,4205.586,4207.813,12157853952,170407305216.0,-0.0529,0.7092
2018-01-12,sh.000300,4205.144,4227.392,4199.025,4225.001,4205.586,11135479296,157606211584.0,0.4616,0.6745
2018-01-15,sh.000300,4229.835,4262.931,4216.358,4225.239,4225.001,17090789632,234986586112.0,0.0056,1.1023
2018-01-16,sh.000300,4215.624,4260.211,4213.127,4258.473,4225.239,16149496320,228271226880.0,0.7866,1.1144
2018-01-17,sh.000300,4261.783,4283.344,4230.536,4248.116,4258.473,21431103232,284554358784.0,-0.2432,1.2401
2018-01-18,sh.000300,4259.375,4292.637,4246.684,4271.416,4248.116,17203284736,225289687040.0,0.5485,1.0817
2018-01-19,sh.000300,4281.937,4316.571,4269.616,4285.395,4271.416,20949057024,258554724352.0,0.3273,1.0993
2018-01-22,sh.000300,4276.481,4338.483,4275.897,4336.597,4285.395,17464319488,233960222720.0,1.1948,1.4604
2018-01-23,sh.000300,4346.888,4383.572,4346.792,4382.612,4336.597,20186758400,257113358336.0,1.0611,0.8481
2018-01-24,sh.000300,4389.454,4397.819,4349.086,4389.885,4382.612,21981889024,284470808576.0,0.166,1.112
2018-01-25,sh.000300,4381.976,4392.196,4336.238,4365.079,4389.885,19537495040,250308091904.0,-0.5651,1.2747
2018-01-26,sh.000300,4352.221,4403.337,4351.487,4381.299,4365.079,17722723584,223331307520.0,0.3716,1.1878
2018-01-29,sh.000300,4387.057,4395.905,4287.112,4302.018,4381.299,19110035456,256176324608.0,-1.8095,2.4831
2018-01-30,sh.000300,4286.683,4308.511,4251.57,4256.102,4302.018,13903472896,186650566656.0,-1.0673,1.3236
2018-01-31,sh.000300,4234.11,4287.857,4232.772,4275.898,4256.102,14521016320,194401800192.0,0.4651,1.2943
2018-02-01,sh.000300,4276.342,4287.388,4214.29,4245.897,4275.898,19000293376,239230300160.0,-0.7016,1.7095
2018-02-02,sh.000300,4213.938,4271.764,4181.779,4271.232,4245.897,14606682624,191169867776.0,0.5967,2.1193
2018-02-05,sh.000300,4204.458,4274.146,4200.14,4274.146,4271.232,16134779904,217360146432.0,0.0682,1.7327
2018-02-06,sh.000300,4182.325,4211.523,4131.556,4148.885,4274.146,21491045120,279415083008.0,-2.9307,1.8709
2018-02-07,sh.000300,4205.736,4212.567,4048.422,4050.497,4148.885,20312749312,261507026944.0,-2.3714,3.9564
2018-02-08,sh.000300,4022.88,4071.665,3974.677,4012.047,4050.497,15926998528,199061770240.0,-0.9493,2.3945
2018-02-09,sh.000300,3896.169,3911.291,3759.146,3840.652,4012.047,20634982912,246774829056.0,-4.272,3.7922
2018-02-12,sh.000300,3846.267,3907.843,3828.069,3890.104,3840.652,11618263808,149858041856.0,1.2876,2.0771
2018-02-13,sh.000300,3925.595,3986.98,3925.595,3935.632,3890.104,11256588544,144479354880.0,1.1704,1.578
2018-02-14,sh.000300,3945.094,3971.404,3923.126,3966.961,3935.632,7108133888,93110202368.0,0.796,1.2267
2018-02-22,sh.000300,4020.973,4058.787,4009.92,4052.733,3966.961,10581157120,138334363648.0,2.1622,1.2318
2018-02-23,sh.000300,4061.754,4085.2,4035.231,4071.088,4052.733,9945874688,128195833856.0,0.4529,1.233
2018-02-26,sh.000300,4093.398,4128.743,4048.983,4118.418,4071.088,13788100096,179013095424.0,1.1626,1.9592
2018-02-27,sh.000300,4120.871,4120.871,4051.805,4058.98,4118.418,12593446912,169684901888.0,-1.4432,1.677
2018-02-28,sh.000300,4016.791,4051.712,3991.706,4023.641,4058.98,10934359296,152493907968.0,-0.8706,1.4784
2018-03-01,sh.000300,3994.868,4061.032,3986.894,4049.086,4023.641,11019985152,146003456000.0,0.6324,1.8426
2018-03-02,sh.000300,4014.951,4044.418,4006.943,4016.461,4049.086,9616499968,130931179520.0,-0.8057,0.9255
2018-03-05,sh.000300,4021.657,4042.834,3995.871,4018.097,4016.461,8795254784,118197858304.0,0.0407,1.1693
2018-03-06,sh.000300,4034.985,4067.552,3998.931,4066.564,4018.097,13876244480,171370655744.0,1.2062,1.7078
2018-03-07,sh.000300,4063.502,4089.696,4027.936,4036.653,4066.564,10695242496,136572305408.0,-0.7355,1.5187
2018-03-08,sh.000300,4038.952,4078.226,4029.714,4077.6,4036.653,9115580928,123634638848.0,1.0144,1.2018
2018-03-09,sh.000300,4088.07,4110.673,4076.453,4108.865,4077.6,11370180864,150024118272.0,0.7668,0.8392
2018-03-12,sh.000300,4130.708,4139.525,4112.765,4127.666,4108.865,14090673920,190367592448.0,0.4576,0.6513
2018-03-13,sh.000300,4124.331,4130.282,4087.562,4091.253,4127.666,11176643072,141174161408.0,-0.8822,1.035
2018-03-14,sh.000300,4076.062,4089.094,4066.489,4073.344,4091.253,9901340928,131537960960.0,-0.4377,0.5525
2018-03-15,sh.000300,4058.705,4098.989,4058.705,4096.162,4073.344,8816115712,126882451456.0,0.5602,0.989
2018-03-16,sh.000300,4096.885,4110.045,4055.822,4056.422,4096.162,8489618688,122125340672.0,-0.9702,1.3238
2018-03-19,sh.000300,4054.616,4074.518,4033.521,4074.247,4056.422,8150288128,118183817216.0,0.4394,1.0107
2018-03-20,sh.000300,4045.742,4080.192,4040.308,4077.704,4074.247,8060528128,111980232704.0,0.0849,0.9789
2018-03-21,sh.000300,4097.024,4110.115,4046.24,4061.05,4077.704,9760948736,139330412544.0,-0.4084,1.5664
2018-03-22,sh.000300,4062.066,4072.377,4003.721,4020.349,4061.05,8909526016,127664336896.0,-1.0022,1.6906
2018-03-23,sh.000300,3896.735,3928.511,3834.937,3904.935,4020.349,18008044800,218905030656.0,-2.8707,2.3275
2018-03-26,sh.000300,3862.694,3883.901,3829.915,3879.893,3904.935,11513912832,156604526592.0,-0.6413,1.3825
2018-03-27,sh.000300,3927.492,3936.778,3881.872,3913.268,3879.893,11370071040,162291548160.0,0.8602,1.4151
2018-03-28,sh.000300,3865.045,3907.281,3835.882,3842.715,3913.268,10149490688,155848949760.0,-1.8029,1.8245
2018-03-29,sh.000300,3854.591,3913.957,3794.261,3894.049,3842.715,11662906624,164996784128.0,1.3359,3.1149
2018-03-30,sh.000300,3893.746,3915.347,3879.212,3898.497,3894.049,9751227136,137959280640.0,0.1142,0.928
2018-04-02,sh.000300,3897.005,3937.018,3882.885,3886.918,3898.497,11124266496,159356080128.0,-0.297,1.3886
2018-04-03,sh.000300,3850.154,3878.15,3839.933,3862.479,3886.918,9513736960,132049936384.0,-0.6287,0.9832
2018-04-04,sh.000300,3873.626,3898.612,3852.495,3854.862,3862.479,8873060864,131593068544.0,-0.1972,1.194
2018-04-09,sh.000300,3851.954,3870.673,3827.413,3852.929,3854.862,8410546176,118167273472.0,-0.0501,1.1222
2018-04-10,sh.000300,3860.722,3927.424,3851.795,3927.172,3852.929,10617372160,137941299200.0,1.9269,1.9629
2018-04-11,sh.000300,3934.169,3958.707,3924.96,3938.343,3927.172,11193302016,139989291008.0,0.2845,0.8593
2018-04-12,sh.000300,3935.673,3937.783,3896.178,3898.635,3938.343,8269948928,108075565056.0,-1.0082,1.0564
2018-04-13,sh.000300,3920.737,3929.952,3866.186,3871.144,3898.635,7154420224,98921828352.0,-0.7051,1.6356
2018-04-16,sh.000300,3862.473,3869.156,3789.612,3808.863,3871.144,9921776896,131566866432.0,-1.6089,2.0548
2018-04-17,sh.000300,3812.874,3822.626,3745.444,3748.641,3808.863,9061079040,126518751232.0,-1.5811,2.0264
2018-04-18,sh.000300,3785.305,3789.659,3708.106,3766.282,3748.641,10667670528,143077675008.0,0.4706,2.1755
2018-04-19,sh.000300,3774.784,3824.032,3767.797,3811.843,3766.282,9905405952,127520120832.0,1.2097,1.4931
2018-04-20,sh.000300,3801.207,3815.444,3750.103,3760.854,3811.843,9928292608,123550662656.0,-1.3376,1.7142
2018-04-23,sh.000300,3754.689,3787.395,3735.184,3766.325,3760.854,9035629056,111763030016.0,0.1455,1.3883
2018-04-24,sh.000300,3769.878,3854.429,3769.878,3843.488,3766.325,11421952512,145700511744.0,2.0488,2.2449
2018-04-25,sh.000300,3824.592,3838.692,3817.032,3828.701,3843.488,7817261312,105750450176.0,-0.3847,0.5636
2018-04-26,sh.000300,3823.392,3828.712,3744.885,3755.494,3828.701,8715064064,125772304384.0,-1.9121,2.1894
2018-04-27,sh.000300,3771.036,3776.975,3714.644,3756.876,3755.494,8953172736,142113628160.0,0.0368,1.6597
2018-05-02,sh.000300,3769.925,3787.302,3744.547,3763.646,3756.876,8330103552,120083484672.0,0.1802,1.138
2018-05-03,sh.000300,3756.165,3797.526,3732.371,3793.0,3763.646,9396111872,122740170752.0,0.7799,1.7312
2018-05-04,sh.000300,3784.316,3801.524,3770.938,3774.598,3793.0,7155428864,98315255808.0,-0.4852,0.8064
2018-05-07,sh.000300,3782.54,3834.587,3776.029,3834.187,3774.598,8728619520,126354800640.0,1.5787,1.5514
2018-05-08,sh.000300,3834.614,3892.073,3833.729,3878.676,3834.187,9421515776,135445864448.0,1.1603,1.5217
2018-05-09,sh.000300,3876.129,3878.938,3855.739,3871.615,3878.676,6671296512,92322897920.0,-0.182,0.5981
2018-05-10,sh.000300,3882.835,3894.49,3867.308,3893.056,3871.615,7066780928,103255142400.0,0.5538,0.7021
2018-05-11,sh.000300,3902.148,3903.337,3871.952,3872.838,3893.056,7335660288,107715457024.0,-0.5193,0.8062
2018-05-14,sh.000300,3886.873,3919.299,3886.873,3909.293,3872.838,8197600000,122520047616.0,0.9413,0.8373
2018-05-15,sh.000300,3920.139,3924.342,3892.919,3924.097,3909.293,7604955392,106091905024.0,0.3787,0.8038
2018-05-16,sh.000300,3909.818,3923.343,3889.187,3892.844,3924.097,7191364608,106533928960.0,-0.7964,0.8704
2018-05-17,sh.000300,3895.489,3899.513,3858.852,3864.05,3892.844,5903012352,87104163840.0,-0.7397,1.0445
2018-05-18,sh.000300,3860.164,3903.063,3841.896,3903.063,3864.05,7261395712,96823853056.0,1.0096,1.583
2018-05-21,sh.000300,3925.539,3937.46,3913.604,3921.242,3903.063,9264173824,120528728064.0,0.4658,0.6112
2018-05-22,sh.000300,3918.815,3918.815,3881.169,3906.208,3921.242,7536877824,102883344384.0,-0.3834,0.9601
2018-05-23,sh.000300,3898.268,3898.268,3854.582,3854.582,3906.208,8372231936,110684504064.0,-1.3216,1.1184
2018-05-24,sh.000300,3853.291,3859.103,3823.923,3827.217,3854.582,6834502144,93408219136.0,-0.7099,0.9127
2018-05-25,sh.000300,3823.744,3841.124,3804.134,3816.498,3827.217,7083638528,95667544064.0,-0.2801,0.9665
2018-05-28,sh.000300,3816.264,3846.552,3799.32,3833.259,3816.498,7152113152,100001640448.0,0.4392,1.2376
2018-05-29,sh.000300,3824.19,3841.779,3800.674,3804.009,3833.259,8155266304,117288579072.0,-0.7631,1.0723
2018-05-30,sh.000300,3755.176,3767.887,3722.071,3723.372,3804.009,8791328512,115858976768.0,-2.1198,1.2044
2018-05-31,sh.000300,3749.295,3804.791,3742.528,3802.375,3723.372,9266689536,130545422336.0,2.1218,1.6722
2018-06-01,sh.000300,3789.671,3802.536,3753.839,3770.589,3802.375,7782181376,105934864384.0,-0.8359,1.2807
2018-06-04,sh.000300,3785.186,3813.406,3776.618,3807.578,3770.589,7662434048,115146469376.0,0.981,0.9757
2018-06-05,sh.000300,3811.285,3845.564,3800.925,3845.316,3807.578,7868736000,121261465600.0,0.9911,1.1724
2018-06-06,sh.000300,3839.683,3848.329,3830.895,3837.351,3845.316,7311723776,107142041600.0,-0.2071,0.4534
2018-06-07,sh.000300,3846.936,3859.847,3827.687,3831.012,3837.351,8025614592,112365711360.0,-0.1652,0.8381
2018-06-08,sh.000300,3819.447,3819.46,3759.271,3779.615,3831.012,8333733632,107818799104.0,-1.3416,1.5711
2018-06-11,sh.000300,3770.208,3792.548,3756.514,3779.981,3779.615,6870983424,105597923328.0,0.0097,0.9534
2018-06-12,sh.000300,3783.185,3830.471,3765.264,3825.953,3779.981,7320624384,116217139200.0,1.2162,1.7251
2018-06-13,sh.000300,3814.617,3817.452,3782.072,3788.339,3825.953,6637797120,97185497088.0,-0.9831,0.9247
2018-06-14,sh.000300,3774.639,3808.161,3759.248,3773.365,3788.339,6847132160,99234013184.0,-0.3953,1.2911
2018-06-15,sh.000300,3763.04,3780.336,3737.428,3753.433,3773.365,8548889344,109534900224.0,-0.5282,1.1371
2018-06-19,sh.000300,3702.668,3712.816,3583.02,3621.116,3753.433,16070654208,193848799232.0,-3.5252,3.4581
2018-06-20,sh.000300,3602.551,3649.335,3578.174,3635.443,3621.116,8671809792,112804814848.0,0.3957,1.9652
2018-06-21,sh.000300,3633.555,3673.562,3589.489,3592.965,3635.443,9390855168,115584147456.0,-1.1684,2.3126
2018-06-22,sh.000300,3567.893,3609.075,3542.456,3608.904,3592.965,7511786496,89687281664.0,0.4436,1.8542
2018-06-25,sh.000300,3625.798,3631.025,3559.034,3560.477,3608.904,7987707904,106690347008.0,-1.3419,1.9948
2018-06-26,sh.000300,3521.587,3541.782,3478.213,3531.111,3560.477,8498526976,108132167680.0,-0.8248,1.7854
2018-06-27,sh.000300,3525.132,3537.656,3441.785,3459.262,3531.111,8149181696,107628896256.0,-2.0347,2.715
2018-06-28,sh.000300,3434.944,3477.056,3416.947,3423.525,3459.262,7591805184,98570526720.0,-1.0331,1.7376
2018-06-29,sh.000300,3431.961,3512.383,3425.215,3510.984,3423.525,7725703168,97616367616.0,2.5546,2.5461
2018-07-02,sh.000300,3504.457,3506.899,3383.5,3407.963,3510.984,8435144960,107601539072.0,-2.9342,3.5147
2018-07-03,sh.000300,3410.476,3422.039,3319.288,3409.28,3407.963,9527869184,129898020864.0,0.0386,3.015
2018-07-04,sh.000300,3398.778,3418.331,3359.086,3363.747,3409.28,7515799808,93648560128.0,-1.3356,1.7378
2018-07-05,sh.000300,3365.554,3398.485,3330.711,3342.437,3363.747,8158798080,97544617984.0,-0.6335,2.0148
2018-07-06,sh.000300,3347.062,3396.245,3295.729,3365.122,3342.437,8609757952,109481943040.0,0.6787,3.0073
2018-07-09,sh.000300,3378.905,3459.315,3378.905,3459.183,3365.122,7660154624,100918861824.0,2.7952,2.3895
2018-07-10,sh.000300,3464.906,3474.139,3437.27,3467.515,3459.183,6954882304,90127446016.0,0.2409,1.0658
2018-07-11,sh.000300,3398.926,3427.57,3375.144,3407.529,3467.515,7204094976,89661505536.0,-1.7299,1.5119
2018-07-12,sh.000300,3403.33,3499.097,3403.33,3481.055,3407.529,9635356416,117805514752.0,2.1577,2.8105
2018-07-13,sh.000300,3488.496,3499.764,3474.912,3492.689,3481.055,7295589632,99800186880.0,0.3342,0.7139
2018-07-16,sh.000300,3488.967,3506.235,3459.731,3472.085,3492.689,6828199936,90754289664.0,-0.5899,1.3315
2018-07-17,sh.000300,3466.423,3467.185,3420.971,3449.377,3472.085,6198307584,85720563712.0,-0.654,1.331
2018-07-18,sh.000300,3456.606,3479.263,3430.156,3431.322,3449.377,6653032960,88556871680.0,-0.5234,1.4236
2018-07-19,sh.000300,3444.803,3466.505,3417.962,3428.343,3431.322,6847771648,88804909056.0,-0.0868,1.4147
2018-07-20,sh.000300,3426.455,3505.928,3398.953,3492.893,3428.343,10198472704,122196955136.0,1.8828,3.1203
2018-07-23,sh.000300,3471.855,3527.533,3464.647,3525.75,3492.893,11903662592,143960932352.0,0.9407,1.8004
2018-07-24,sh.000300,3530.664,3596.512,3530.664,3581.705,3525.75,15691243520,177448955904.0,1.587,1.8676
2018-07-25,sh.000300,3589.505,3589.984,3566.314,3577.752,3581.705,9675849984,112176693248.0,-0.1104,0.6609
2018-07-26,sh.000300,3583.317,3593.922,3528.644,3536.245,3577.752,9034964224,105577283584.0,-1.1601,1.8246
2018-07-27,sh.000300,3533.771,3545.405,3512.703,3521.226,3536.245,7017810432,81192173568.0,-0.4247,0.9248
2018-07-30,sh.000300,3520.853,3550.902,3489.549,3515.079,3521.226,8211699456,96183099392.0,-0.1746,1.7424
2018-07-31,sh.000300,3510.474,3528.154,3493.154,3517.656,3515.079,6798081792,80022151168.0,0.0733,0.9957
2018-08-01,sh.000300,3530.029,3543.606,3446.776,3447.388,3517.656,9034861824,107477213184.0,-1.9976,2.7527
2018-08-02,sh.000300,3434.351,3434.351,3322.096,3370.957,3447.388,10130872832,122401284096.0,-2.2171,3.2562
2018-08-03,sh.000300,3366.663,3381.341,3315.2,3315.283,3370.957,7079691008,91395985408.0,-1.6516,1.9621
2018-08-06,sh.000300,3312.815,3344.246,3257.685,3273.272,3315.283,7797508352,97517989888.0,-1.2672,2.611
2018-08-07,sh.000300,3284.978,3368.962,3263.498,3368.869,3273.272,9178391552,107512225792.0,2.9205,3.222
2018-08-08,sh.000300,3362.148,3368.16,3311.769,3314.507,3368.869,7928486400,90958913536.0,-1.6137,1.6739
2018-08-09,sh.000300,3303.476,3408.391,3299.615,3397.529,3314.507,9195757312,108802314240.0,2.5048,3.2818
2018-08-10,sh.000300,3398.413,3424.041,3380.573,3405.019,3397.529,6896729856,85634523136.0,0.2205,1.2794
2018-08-13,sh.000300,3369.981,3396.188,3336.695,3390.344,3405.019,7619153152,90869288960.0,-0.431,1.7472
2018-08-14,sh.000300,3386.483,3391.729,3356.614,3372.913,3390.344,6065144576,72121991168.0,-0.5141,1.0357
2018-08-15,sh.000300,3371.959,3372.136,3288.708,3291.976,3372.913,6817405440,83402194944.0,-2.3996,2.4735
2018-08-16,sh.000300,3251.855,3315.203,3231.556,3276.727,3291.976,7654736640,89269174272.0,-0.4632,2.5409
2018-08-17,sh.000300,3305.895,3311.572,3224.099,3229.619,3276.727,6739541248,84452454400.0,-1.4377,2.6695
2018-08-20,sh.000300,3238.215,3267.249,3209.011,3267.249,3229.619,7090422784,88963383296.0,1.1652,1.8032
2018-08-21,sh.000300,3271.84,3331.707,3270.03,3326.648,3267.249,7520558336,97925840896.0,1.818,1.8877
2018-08-22,sh.000300,3328.969,3328.969,3299.393,3307.954,3326.648,5078705664,66548536320.0,-0.5619,0.8891
2018-08-23,sh.000300,3308.458,3336.112,3285.814,3320.025,3307.954,6111233536,80212787200.0,0.3649,1.5205
2018-08-24,sh.000300,3308.477,3353.044,3291.865,3325.334,3320.025,6376589824,77197848576.0,0.1599,1.8427
2018-08-27,sh.000300,3339.389,3406.573,3339.264,3406.573,3325.334,9427008256,114960965632.0,2.443,2.0241
2018-08-28,sh.000300,3408.15,3416.592,3388.814,3400.17,3406.573,7544536320,94945951744.0,-0.188,0.8154
2018-08-29,sh.000300,3393.052,3398.713,3377.123,3386.573,3400.17,6702040320,79072301056.0,-0.3999,0.635
2018-08-30,sh.000300,3385.805,3402.562,3349.468,3351.094,3386.573,6838529024,80226054144.0,-1.0476,1.5678
2018-08-31,sh.000300,3333.38,3356.575,3310.872,3334.503,3351.094,7620562944,96091893760.0,-0.4951,1.3638
2018-09-03,sh.000300,3320.689,3325.607,3291.784,3321.824,3334.503,6642985472,81305681920.0,-0.3802,1.0143
2018-09-04,sh.000300,3324.186,3370.963,3307.958,3363.898,3321.824,6708880640,85892034560.0,1.2666,1.8967
2018-09-05,sh.000300,3349.698,3354.199,3298.141,3298.141,3363.898,6430188800,80656674816.0,-1.9548,1.6665
2018-09-06,sh.000300,3286.664,3311.497,3253.755,3262.88,3298.141,6230028800,79373139968.0,-1.0691,1.7507
2018-09-07,sh.000300,3273.89,3316.614,3253.725,3277.643,3262.88,6394740736,81263439872.0,0.4525,1.9274
2018-09-10,sh.000300,3271.381,3277.884,3227.848,3230.068,3277.643,6381705216,76175581184.0,-1.4515,1.5266
2018-09-11,sh.000300,3229.705,3245.617,3209.112,3224.211,3230.068,5849130496,67722118912.0,-0.1813,1.1302
2018-09-12,sh.000300,3216.991,3225.601,3194.978,3202.024,3224.211,5462789888,68887019520.0,-0.6881,0.9498
2018-09-13,sh.000300,3239.685,3249.593,3191.397,3236.566,3202.024,6729032704,85887963136.0,1.0788,1.8175
2018-09-14,sh.000300,3242.83,3254.104,3227.943,3242.09,3236.566,6013063936,76481212416.0,0.1707,0.8083
2018-09-17,sh.000300,3224.926,3230.787,3200.509,3204.922,3242.09,5225954816,60650940928.0,-1.1464,0.9339
2018-09-18,sh.000300,3193.642,3270.107,3193.642,3269.431,3204.922,7042503424,83899138048.0,2.0128,2.3859
2018-09-19,sh.000300,3261.997,3335.991,3258.309,3312.482,3269.431,8917066496,109395423232.0,1.3168,2.376
2018-09-20,sh.000300,3314.875,3332.309,3303.073,3310.125,3312.482,6456105728,76660846592.0,-0.0712,0.8826
2018-09-21,sh.000300,3320.695,3410.485,3307.767,3410.485,3310.125,10841600512,123573116928.0,3.0319,3.1031
2018-09-25,sh.000300,3375.971,3394.377,3367.025,3379.804,3410.485,6905469184,82870030336.0,-0.8996,0.802
2018-09-26,sh.000300,3388.557,3448.259,3383.235,3417.241,3379.804,9317334272,119113318400.0,1.1077,1.9239
2018-09-27,sh.000300,3415.953,3423.71,3394.732,3403.59,3417.241,6976524032,87573299200.0,-0.3995,0.848
2018-09-28,sh.000300,3409.959,3444.988,3404.697,3438.864,3403.59,8437775616,94880276480.0,1.0364,1.1838
2018-10-08,sh.000300,3361.559,3364.464,3285.253,3290.898,3438.864,9788898816,114164219904.0,-4.3028,2.3034
2018-10-09,sh.000300,3290.17,3309.797,3276.132,3288.69,3290.898,6672327424,78372941824.0,-0.0671,1.023
2018-10-10,sh.000300,3295.428,3315.731,3256.581,3281.597,3288.69,6449282816,79166808064.0,-0.2157,1.7986
2018-10-11,sh.000300,3179.54,3209.52,3099.04,3124.113,3281.597,12094134272,125723082752.0,-4.799,3.3667
2018-10-12,sh.000300,3123.371,3184.122,3094.965,3170.726,3124.113,9861115136,104423075840.0,1.492,2.8538
2018-10-15,sh.000300,3173.846,3183.129,3120.23,3126.451,3170.726,6960502272,77137698816.0,-1.3964,1.9837
2018-10-16,sh.000300,3128.576,3166.091,3089.366,3100.973,3126.451,6888772096,75206471680.0,-0.8149,2.4541
2018-10-17,sh.000300,3140.683,3149.134,3062.554,3118.246,3100.973,7683713792,86132695040.0,0.557,2.792
2018-10-18,sh.000300,3097.79,3097.79,3043.381,3044.391,3118.246,7377196800,79703732224.0,-2.3685,1.7449
2018-10-19,sh.000300,3017.748,3137.747,3009.498,3134.945,3044.391,9883968768,110951370752.0,2.9745,4.2126
2018-10-22,sh.000300,3159.561,3297.38,3159.561,3270.273,3134.945,14586204416,170651308032.0,4.3168,4.3962
2018-10-23,sh.000300,3273.127,3276.02,3163.57,3183.425,3270.273,12101324032,142589177856.0,-2.6557,3.4386
2018-10-24,sh.000300,3169.457,3245.397,3164.293,3188.201,3183.425,11090974464,120954388480.0,0.15,2.5477
2018-10-25,sh.000300,3107.84,3197.321,3099.888,3194.308,3188.201,10695181824,113291747328.0,0.1916,3.056
2018-10-26,sh.000300,3204.284,3218.102,3151.924,3173.635,3194.308,10129935360,106070368256.0,-0.6472,2.0717
2018-10-29,sh.000300,3157.487,3158.811,3062.58,3076.888,3173.635,9183979008,108479492096.0,-3.0485,3.0322
2018-10-30,sh.000300,3061.93,3146.627,3050.77,3110.26,3076.888,11607010048,131767103488.0,1.0846,3.1154
2018-10-31,sh.000300,3116.658,3168.918,3106.027,3153.823,3110.26,11120745472,117099696128.0,1.4006,2.022
2018-11-01,sh.000300,3185.202,3217.803,3173.099,3177.033,3153.823,13265337856,145919303680.0,0.7359,1.4175
2018-11-02,sh.000300,3258.609,3290.245,3222.435,3290.245,3177.033,15346610432,178340642816.0,3.5635,2.1344
2018-11-05,sh.000300,3269.469,3279.878,3230.363,3262.835,3290.245,10970668288,123630923776.0,-0.8331,1.5049
2018-11-06,sh.000300,3254.977,3254.977,3213.895,3243.15,3262.835,8386913792,91703898112.0,-0.6033,1.2591
2018-11-07,sh.000300,3243.877,3270.5,3218.421,3221.91,3243.15,9161552896,101814919168.0,-0.6549,1.6058
2018-11-08,sh.000300,3251.728,3253.573,3207.708,3212.773,3221.91,7641454080,85221666816.0,-0.2836,1.4235
2018-11-09,sh.000300,3193.303,3193.303,3166.31,3167.444,3212.773,8428276224,88194191360.0,-1.4109,0.8402
2018-11-12,sh.000300,3160.246,3206.512,3152.439,3205.14,3167.444,8806239232,97363050496.0,1.1901,1.7071
2018-11-13,sh.000300,3164.922,3254.768,3161.097,3237.382,3205.14,12649346304,125603045376.0,1.006,2.9225
2018-11-14,sh.000300,3233.64,3239.244,3200.228,3204.942,3237.382,11380865792,105386565632.0,-1.002,1.2052
2018-11-15,sh.000300,3201.281,3242.383,3198.781,3242.371,3204.942,9855880960,100119191552.0,1.1679,1.3605
2018-11-16,sh.000300,3242.879,3282.39,3223.721,3257.673,3242.371,12687683584,135379804160.0,0.4719,1.8094
2018-11-19,sh.000300,3258.791,3294.603,3251.066,3294.603,3257.673,11595659520,123188776960.0,1.1336,1.3364
2018-11-20,sh.000300,3268.076,3278.784,3213.683,3218.407,3294.603,10936115456,114155065344.0,-2.3128,1.976
2018-11-21,sh.000300,3187.102,3230.257,3185.239,3226.491,3218.407,8411972608,87813275648.0,0.2512,1.3988
2018-11-22,sh.000300,3232.973,3235.452,3199.698,3214.427,3226.491,6509829120,70083371008.0,-0.3739,1.1081
2018-11-23,sh.000300,3208.593,3212.195,3139.385,3143.475,3214.427,8463825408,86864945152.0,-2.2073,2.2651
2018-11-26,sh.000300,3148.672,3169.441,3131.636,3141.243,3143.475,5937914112,61899479552.0,-0.071,1.2026
2018-11-27,sh.000300,3152.774,3162.012,3126.289,3137.241,3141.243,5540783104,61946260992.0,-0.1274,1.1372
2018-11-28,sh.000300,3137.747,3179.41,3126.617,3178.932,3137.241,7488195584,77620551680.0,1.3289,1.6828
2018-11-29,sh.000300,3198.825,3204.856,3137.654,3137.654,3178.932,8049846528,86927613952.0,-1.2985,2.114
2018-11-30,sh.000300,3136.196,3175.154,3132.423,3172.69,3137.654,7092104448,77297696768.0,1.1166,1.3619
2018-12-03,sh.000300,3260.686,3273.639,3228.361,3260.95,3172.69,12148715776,145828417536.0,2.7819,1.4271
2018-12-04,sh.000300,3256.228,3267.94,3243.695,3267.709,3260.95,7941504000,90543599616.0,0.2073,0.7435
2018-12-05,sh.000300,3224.255,3266.903,3219.978,3252.004,3267.709,7615305216,90909093888.0,-0.4806,1.436
2018-12-06,sh.000300,3218.113,3223.521,3179.894,3181.673,3252.004,7632877056,95678881792.0,-2.1627,1.3415
2018-12-07,sh.000300,3187.491,3193.819,3176.706,3181.564,3181.673,5336192512,66323970560.0,-0.0034,0.5379
2018-12-10,sh.000300,3153.522,3170.152,3134.384,3144.763,3181.564,6343727360,73717202944.0,-1.1567,1.1242
2018-12-11,sh.000300,3148.225,3161.955,3143.607,3159.815,3144.763,5322387712,60014969856.0,0.4786,0.5834
2018-12-12,sh.000300,3181.566,3182.21,3160.278,3170.609,3159.815,5330991360,60536223488.0,0.3416,0.6941
2018-12-13,sh.000300,3178.891,3234.081,3169.423,3219.692,3170.609,9044275456,103375478784.0,1.5481,2.0393
2018-12-14,sh.000300,3207.348,3210.722,3165.91,3165.91,3219.692,8430125056,91576901632.0,-1.6704,1.3918
2018-12-17,sh.000300,3158.284,3167.512,3134.365,3161.196,3165.91,6649700608,77151490048.0,-0.1489,1.047
2018-12-18,sh.000300,3139.949,3165.001,3114.468,3128.426,3161.196,6382031872,72035450880.0,-1.0366,1.5985
2018-12-19,sh.000300,3133.741,3137.009,3086.757,3091.125,3128.426,5552229888,67872922368.0,-1.1923,1.6063
2018-12-20,sh.000300,3083.544,3097.72,3044.292,3067.416,3091.125,6974946304,78181425152.0,-0.767,1.7284
2018-12-21,sh.000300,3055.325,3057.4,3007.609,3029.395,3067.416,7675810048,84824064000.0,-1.2395,1.6232
2018-12-24,sh.000300,3015.497,3040.352,3007.329,3038.198,3029.395,5729961472,63880740608.0,0.2906,1.0901
2018-12-25,sh.000300,3006.878,3030.141,2964.875,3017.281,3038.198,7868942592,80413569024.0,-0.6885,2.1482
2018-12-26,sh.000300,3012.869,3029.06,2996.482,3002.032,3017.281,5564703232,58574969088.0,-0.5054,1.0797
2018-12-27,sh.000300,3042.949,3047.234,2990.505,2990.505,3002.032,8054178560,81159270400.0,-0.384,1.8897
2018-12-28,sh.000300,2994.795,3024.352,2984.817,3010.653,2990.505,7105377792,78145310720.0,0.6737,1.322
2019-01-02,sh.000300,3017.067,3018.775,2958.488,2969.535,3010.653,6866302208,76105572352.0,-1.3658,2.0025
2019-01-03,sh.000300,2963.018,3000.441,2953.254,2964.842,2969.535,7086710272,76664799232.0,-0.158,1.589
2019-01-04,sh.000300,2940.191,3036.814,2935.829,3035.874,2964.842,10331897088,107141038080.0,2.3958,3.4061
2019-01-07,sh.000300,3055.153,3061.749,3035.912,3054.303,3035.874,10116435968,105703940096.0,0.607,0.8511
2019-01-08,sh.000300,3049.874,3055.51,3038.533,3047.703,3054.303,8617058560,79628881920.0,-0.2161,0.5558
2019-01-09,sh.000300,3065.23,3117.961,3062.847,3078.475,3047.703,10736434944,117129678848.0,1.0097,1.8084
2019-01-10,sh.000300,3077.481,3092.541,3062.572,3072.686,3078.475,8527175680,90206871552.0,-0.188,0.9735
2019-01-11,sh.000300,3082.261,3102.833,3071.026,3094.778,3072.686,7178642432,77420240896.0,0.719,1.0352
2019-01-14,sh.000300,3092.498,3097.406,3064.382,3067.784,3094.778,6612170240,68115969024.0,-0.8722,1.0671
2019-01-15,sh.000300,3071.518,3129.37,3064.67,3127.99,3067.784,8877296128,99976892416.0,1.9625,2.109
2019-01-16,sh.000300,3126.134,3135.011,3117.292,3128.651,3127.99,8021434112,85781590016.0,0.0211,0.5665
2019-01-17,sh.000300,3132.628,3141.709,3110.06,3111.416,3128.651,8017487104,82888208384.0,-0.5509,1.0116
2019-01-18,sh.000300,3124.502,3171.686,3120.345,3168.173,3111.416,10396383488,106780659712.0,1.8242,1.6501
2019-01-21,sh.000300,3170.877,3199.213,3170.877,3185.636,3168.173,9391502336,105536987136.0,0.5512,0.8944
2019-01-22,sh.000300,3181.949,3181.949,3135.337,3143.317,3185.636,7299052800,78150877184.0,-1.3284,1.4632
2019-01-23,sh.000300,3136.096,3157.626,3131.867,3141.053,3143.317,5987047936,62669651968.0,-0.072,0.8195
2019-01-24,sh.000300,3146.604,3165.629,3125.3,3158.781,3141.053,7293463552,80963878912.0,0.5644,1.2839
2019-01-25,sh.000300,3165.181,3203.174,3164.408,3184.469,3158.781,8396772864,93207953408.0,0.8132,1.2272
2019-01-28,sh.000300,3203.118,3228.867,3174.724,3183.777,3184.469,8262243072,97371496448.0,-0.0217,1.7002
2019-01-29,sh.000300,3177.261,3200.989,3148.234,3193.969,3183.777,7765833472,85943910400.0,0.3201,1.657
2019-01-30,sh.000300,3181.655,3202.896,3167.893,3168.482,3193.969,6374651648,73005121536.0,-0.798,1.0959
2019-01-31,sh.000300,3182.698,3216.067,3178.01,3201.633,3168.482,8624783872,97509924864.0,1.0463,1.2011
2019-02-01,sh.000300,3225.733,3247.495,3207.716,3247.397,3201.633,8201964032,94766411776.0,1.4294,1.2425
2019-02-11,sh.000300,3239.807,3307.063,3239.807,3306.472,3247.397,9881843456,114752356352.0,1.8191,2.0711
2019-02-12,sh.000300,3306.352,3335.36,3298.633,3330.335,3306.472,12223246336,122834100224.0,0.7217,1.1108
2019-02-13,sh.000300,3337.779,3405.577,3329.143,3397.027,3330.335,16382833152,168866263040.0,2.0026,2.2951
2019-02-14,sh.000300,3392.854,3415.399,3381.982,3402.14,3397.027,15112729088,138649288704.0,0.1505,0.9837
2019-02-15,sh.000300,3391.242,3395.029,3335.87,3338.704,3402.14,14366860288,141555060736.0,-1.8646,1.7389
2019-02-18,sh.000300,3366.423,3445.744,3366.423,3445.744,3338.704,18288609024,180449742848.0,3.206,2.3758
2019-02-19,sh.000300,3454.721,3480.793,3419.073,3439.607,3445.744,17908378624,185762746368.0,-0.1781,1.7912
2019-02-20,sh.000300,3449.932,3463.773,3421.505,3451.927,3439.607,14739031040,145570263040.0,0.3582,1.2289
2019-02-21,sh.000300,3450.141,3500.251,3431.631,3442.705,3451.927,18014328832,185197154304.0,-0.2672,1.9879
2019-02-22,sh.000300,3439.378,3520.118,3417.978,3520.118,3442.705,18723797504,202869288960.0,2.2486,2.9669
2019-02-25,sh.000300,3575.852,3729.483,3574.688,3729.483,3520.118,34255712256,376382394368.0,5.9477,4.3974
2019-02-26,sh.000300,3734.705,3762.112,3679.27,3684.693,3729.483,35803869696,387632861184.0,-1.201,2.2213
2019-02-27,sh.000300,3682.811,3737.631,3638.333,3678.392,3684.693,28623600640,307306147840.0,-0.171,2.6949
2019-02-28,sh.000300,3675.264,3695.464,3650.053,3669.37,3678.392,18481021952,206010957824.0,-0.2453,1.2345
2019-03-01,sh.000300,3699.215,3749.714,3668.765,3749.714,3669.37,20471100416,235620622336.0,2.1896,2.2061
2019-03-04,sh.000300,3783.036,3886.579,3764.776,3794.104,3749.714,32349012736,376397283328.0,1.1838,3.2483
2019-03-05,sh.000300,3785.376,3816.162,3770.785,3816.013,3794.104,23085316608,261464121344.0,0.5774,1.196
2019-03-06,sh.000300,3822.858,3855.155,3787.522,3848.09,3816.013,31807737088,331155615744.0,0.8406,1.7723
2019-03-07,sh.000300,3841.145,3845.182,3778.8,3808.849,3848.09,32984654848,359339151360.0,-1.0198,1.7251
2019-03-08,sh.000300,3721.401,3774.543,3656.191,3657.579,3808.849,31799007744,349296693248.0,-3.9715,3.1073
2019-03-11,sh.000300,3663.977,3731.909,3650.812,3729.954,3657.579,23091286528,268718460928.0,1.9788,2.2172
2019-03-12,sh.000300,3758.315,3804.72,3723.678,3755.351,3729.954,27492638208,325180620800.0,0.6809,2.1727
2019-03-13,sh.000300,3758.713,3763.092,3708.814,3724.194,3755.351,23368224768,286171049984.0,-0.8297,1.4454
2019-03-14,sh.000300,3710.293,3747.819,3673.85,3698.485,3724.194,19081723648,231820148736.0,-0.6903,1.9862
2019-03-15,sh.000300,3713.936,3782.236,3713.936,3745.005,3698.485,17517454336,224194363392.0,1.2578,1.8467
2019-03-18,sh.000300,3753.643,3851.747,3733.678,3851.747,3745.005,21692805888,276473450496.0,2.8503,3.1527
2019-03-19,sh.000300,3856.588,3868.335,3815.218,3833.962,3851.747,18172710912,224096890880.0,-0.4617,1.379
2019-03-20,sh.000300,3825.335,3855.146,3790.511,3835.439,3833.962,17563208960,215406993408.0,0.0385,1.6859
2019-03-21,sh.000300,3840.278,3864.069,3823.466,3836.891,3835.439,19631031040,231993446400.0,0.0379,1.0586
2019-03-22,sh.000300,3838.125,3845.58,3786.591,3833.801,3836.891,17135699200,198518386688.0,-0.0805,1.5374
2019-03-25,sh.000300,3776.442,3807.179,3741.606,3742.825,3833.801,19858632960,223396564992.0,-2.373,1.7104
2019-03-26,sh.000300,3766.528,3770.843,3687.547,3700.438,3742.825,17304657920,196547809280.0,-1.1325,2.2255
2019-03-27,sh.000300,3724.405,3750.264,3703.45,3743.387,3700.438,13875845376,177507528704.0,1.1606,1.2651
2019-03-28,sh.000300,3731.061,3755.716,3710.081,3728.395,3743.387,13327212800,172604391424.0,-0.4005,1.2191
2019-03-29,sh.000300,3739.773,3876.379,3739.773,3872.341,3728.395,21563910400,283022299136.0,3.8608,3.6639
2019-04-01,sh.000300,3901.169,3982.909,3901.169,3973.928,3872.341,27138270464,340799401984.0,2.6234,2.1109
2019-04-02,sh.000300,3986.344,3988.097,3956.505,3971.285,3973.928,22600034048,281892057088.0,-0.0665,0.795
2019-04-03,sh.000300,3947.869,4026.497,3939.783,4022.156,3971.285,23191736832,284826497024.0,1.281,2.1835
2019-04-04,sh.000300,4039.741,4072.113,4021.705,4062.23,4022.156,26041093888,313539432448.0,0.9963,1.2533
2019-04-08,sh.000300,4097.102,4122.603,4017.488,4057.228,4062.23,26750557696,324670451712.0,-0.1231,2.5876
2019-04-09,sh.000300,4063.813,4084.243,4038.282,4075.43,4057.228,18295680768,243187912704.0,0.4486,1.1328
2019-04-10,sh.000300,4062.442,4115.378,4035.474,4085.847,4075.43,19468761344,278282027008.0,0.2556,1.9606
2019-04-11,sh.000300,4083.461,4097.124,3990.239,3997.577,4085.847,16904964096,236259155968.0,-2.1604,2.616
2019-04-12,sh.000300,3986.782,4006.933,3961.464,3988.616,3997.577,13586211840,178795937792.0,-0.2242,1.1374
2019-04-15,sh.000300,4056.491,4085.388,3974.226,3975.524,3988.616,18264557056,236298723328.0,-0.3282,2.787
2019-04-16,sh.000300,3958.096,4085.789,3943.487,4085.789,3975.524,20204196608,250569207808.0,2.7736,3.5795
2019-04-17,sh.000300,4080.717,4106.615,4057.503,4087.239,4085.789,18036711680,228824428544.0,0.0355,1.202
2019-04-18,sh.000300,4085.114,4094.053,4056.235,4072.075,4087.239,14656212224,187812687872.0,-0.371,0.9253
2019-04-19,sh.000300,4076.295,4120.635,4046.204,4120.607,4072.075,15079491072,194701692928.0,1.1918,1.8278
2019-04-22,sh.000300,4125.971,4126.09,4015.474,4025.61,4120.607,18935374592,244380549120.0,-2.3054,2.6845
2019-04-23,sh.000300,4021.627,4061.085,4005.283,4019.005,4025.61,15561165056,204121505792.0,-0.1641,1.3862
2019-04-24,sh.000300,4033.629,4044.337,3967.805,4030.088,4019.005,14549869568,186497961984.0,0.2758,1.9043
2019-04-25,sh.000300,4013.602,4022.563,3938.325,3941.816,4030.088,15972207104,197530996736.0,-2.1903,2.0902
2019-04-26,sh.000300,3921.89,3943.833,3887.252,3889.274,3941.816,14200806912,186572136448.0,-1.3329,1.4354
2019-04-29,sh.000300,3896.582,3953.228,3875.452,3900.333,3889.274,15387092736,203946553344.0,0.2843,1.9998
2019-04-30,sh.000300,3887.179,3923.108,3885.147,3913.211,3900.333,11623337728,161665925120.0,0.3302,0.9733
2019-05-06,sh.000300,3775.076,3791.611,3647.14,3684.616,3913.211,19747288320,254115401728.0,-5.8416,3.6919
2019-05-07,sh.000300,3702.265,3738.176,3671.834,3720.668,3684.616,13284765440,183659159552.0,0.9784,1.8005
2019-05-08,sh.000300,3648.548,3722.932,3642.498,3667.457,3720.668,11286735616,145058488320.0,-1.4301,2.1618
2019-05-09,sh.000300,3637.346,3656.896,3584.822,3599.7,3667.457,10103739392,141829095424.0,-1.8475,1.9652
2019-05-10,sh.000300,3643.055,3732.923,3589.29,3730.451,3599.7,14800384768,195067170816.0,3.6323,3.9901
2019-05-13,sh.000300,3675.759,3702.901,3658.0,3668.725,3730.451,10339185920,135053926400.0,-1.6546,1.2036
2019-05-14,sh.000300,3630.438,3683.261,3630.438,3645.15,3668.725,10231345920,135262867456.0,-0.6426,1.4398
2019-05-15,sh.000300,3674.993,3741.04,3674.993,3727.092,3645.15,11016176896,152534548480.0,2.248,1.8119
2019-05-16,sh.000300,3720.039,3745.14,3707.903,3743.963,3727.092,11625827328,139851939840.0,0.4527,0.9991
2019-05-17,sh.000300,3744.875,3745.355,3637.582,3648.76,3743.963,12845324544,154092351488.0,-2.5428,2.8786
2019-05-20,sh.000300,3635.735,3644.5,3583.832,3617.792,3648.76,10896347648,134194262016.0,-0.8487,1.6627
2019-05-21,sh.000300,3619.436,3690.088,3610.681,3666.776,3617.792,11102291968,133071380480.0,1.354,2.1949
2019-05-22,sh.000300,3663.153,3679.272,3634.747,3649.379,3666.776,9834612736,121775243264.0,-0.4744,1.2143
2019-05-23,sh.000300,3629.528,3631.474,3578.112,3583.964,3649.379,9989778176,125611970560.0,-1.7925,1.4622
2019-05-24,sh.000300,3584.901,3623.39,3580.785,3593.913,3583.964,8093404928,101337497600.0,0.2776,1.1888
2019-05-27,sh.000300,3592.602,3648.026,3556.256,3637.197,3593.913,10883087104,133399052288.0,1.2044,2.5535
2019-05-28,sh.000300,3633.018,3683.23,3627.787,3672.26,3637.197,11788624128,148966334464.0,0.964,1.5243
2019-05-29,sh.000300,3642.541,3693.227,3637.348,3663.909,3672.26,9335544064,120002035712.0,-0.2274,1.5217
2019-05-30,sh.000300,3648.849,3650.971,3612.624,3641.183,3663.909,9420256000,112864079872.0,-0.6203,1.0466
2019-05-31,sh.000300,3640.996,3668.179,3627.544,3629.789,3641.183,8922226688,108264202240.0,-0.3129,1.116
2019-06-03,sh.000300,3640.612,3672.813,3613.127,3632.012,3629.789,10072317952,123902447616.0,0.0612,1.6443
2019-06-04,sh.000300,3632.56,3636.128,3584.461,3598.466,3632.012,8709709312,109467238400.0,-0.9236,1.4225
2019-06-05,sh.000300,3627.794,3634.453,3593.951,3597.105,3598.466,8864201984,114634227712.0,-0.0378,1.1255
2019-06-06,sh.000300,3601.035,3601.035,3557.016,3564.677,3597.105,8553440256,104367267840.0,-0.9015,1.2237
2019-06-10,sh.000300,3578.008,3623.73,3568.278,3610.743,3564.677,9237506048,117346607104.0,1.2923,1.5556
2019-06-11,sh.000300,3617.523,3723.141,3617.523,3719.275,3610.743,14348280576,180899074048.0,3.0058,2.9251
2019-06-12,sh.000300,3706.863,3711.879,3683.939,3691.095,3719.275,11917885184,132296097792.0,-0.7577,0.7512
2019-06-13,sh.000300,3689.583,3697.591,3654.274,3685.393,3691.095,9633171712,110459904000.0,-0.1545,1.1736
2019-06-14,sh.000300,3690.476,3709.652,3650.909,3654.879,3685.393,10181700352,116584259584.0,-0.828,1.5939
2019-06-17,sh.000300,3654.443,3683.774,3645.498,3654.824,3654.879,7297667840,93092581376.0,-0.0015,1.0473
2019-06-18,sh.000300,3661.129,3675.645,3638.78,3667.618,3654.824,7069226496,89472839680.0,0.3501,1.0087
2019-06-19,sh.000300,3761.338,3771.347,3715.133,3715.938,3667.618,12559571456,172574179328.0,1.3175,1.5327
2019-06-20,sh.000300,3718.941,3845.791,3717.185,3828.518,3715.938,16887207424,227726983168.0,3.0297,3.4609
2019-06-21,sh.000300,3832.732,3856.085,3817.306,3833.938,3828.518,15363515392,199961616384.0,0.1416,1.0129
2019-06-24,sh.000300,3836.305,3853.545,3819.769,3841.265,3833.938,10008462080,143644733440.0,0.1911,0.881
2019-06-25,sh.000300,3837.425,3838.057,3755.009,3801.309,3841.265,12407591168,169358794752.0,-1.0402,2.162
2019-06-26,sh.000300,3779.512,3809.758,3771.716,3794.331,3801.309,8182028288,112106860544.0,-0.1836,1.0008
2019-06-27,sh.000300,3807.537,3854.08,3805.832,3834.817,3794.331,10531635712,156483420160.0,1.067,1.2716
2019-06-28,sh.000300,3832.059,3835.232,3803.054,3825.587,3834.817,8476613888,116512051200.0,-0.2407,0.8391
2019-07-01,sh.000300,3899.331,3936.668,3886.909,3935.811,3825.587,15837033984,217470251008.0,2.8812,1.3007
2019-07-02,sh.000300,3931.048,3942.425,3918.937,3937.169,3935.811,13186349568,173997043712.0,0.0345,0.5968
2019-07-03,sh.000300,3927.436,3927.436,3878.84,3893.534,3937.169,11199260416,163145732096.0,-1.1083,1.2343
2019-07-04,sh.000300,3895.197,3906.889,3854.693,3873.101,3893.534,9934225664,142669254656.0,-0.5248,1.3406
2019-07-05,sh.000300,3875.373,3900.309,3857.928,3893.202,3873.101,7400652800,116236521472.0,0.519,1.0942
2019-07-08,sh.000300,3875.754,3875.754,3775.025,3802.789,3893.202,10953908736,147198418944.0,-2.3223,2.5873
2019-07-09,sh.000300,3798.095,3811.099,3774.764,3793.129,3802.789,7484273152,113147604992.0,-0.254,0.9555
2019-07-10,sh.000300,3807.949,3810.396,3774.23,3786.739,3793.129,7283394816,101355479040.0,-0.1685,0.9535
2019-07-11,sh.000300,3806.185,3830.738,3774.413,3785.221,3786.739,7531196416,113674616832.0,-0.0401,1.4874
2019-07-12,sh.000300,3783.073,3820.235,3774.522,3808.731,3785.221,7546596608,107007922176.0,0.6211,1.2077
2019-07-15,sh.000300,3792.64,3844.868,3745.854,3824.187,3808.731,10120522240,142493044736.0,0.4058,2.5997
2019-07-16,sh.000300,3819.247,3828.325,3799.866,3806.844,3824.187,8073095168,108449681408.0,-0.4535,0.7442
2019-07-17,sh.000300,3800.106,3820.271,3787.897,3804.638,3806.844,9518388480,116766781440.0,-0.0579,0.8504
2019-07-18,sh.000300,3793.189,3793.391,3767.995,3768.401,3804.638,8749644544,111669366784.0,-0.9524,0.6675
2019-07-19,sh.000300,3787.507,3828.151,3787.507,3807.955,3768.401,8808614912,117797527552.0,1.0496,1.0785
2019-07-22,sh.000300,3813.502,3816.538,3765.442,3781.683,3807.955,9210137600,117810446336.0,-0.6899,1.3418
2019-07-23,sh.000300,3783.541,3792.964,3768.761,3789.913,3781.683,7131334656,103866609664.0,0.2176,0.64
2019-07-24,sh.000300,3803.586,3840.057,3803.573,3819.832,3789.913,9094068480,129940586496.0,0.7894,0.9627
2019-07-25,sh.000300,3821.389,3851.066,3812.953,3851.066,3819.832,9374041600,125899501568.0,0.8177,0.9978
2019-07-26,sh.000300,3835.228,3863.587,3832.522,3858.568,3851.066,8325929984,110929727488.0,0.1948,0.8067
2019-07-29,sh.000300,3857.939,3862.746,3842.426,3854.27,3858.568,8481436928,111679107072.0,-0.1114,0.5266
2019-07-30,sh.000300,3861.569,3890.729,3861.569,3870.317,3854.27,9412395520,120480280576.0,0.4163,0.7566
2019-07-31,sh.000300,3856.745,3856.745,3830.091,3835.358,3870.317,8215115520,111083892736.0,-0.9033,0.6887
2019-08-01,sh.000300,3819.324,3831.264,3791.546,3803.469,3835.358,8411418112,117649162240.0,-0.8314,1.0356
2019-08-02,sh.000300,3729.13,3754.532,3720.058,3747.437,3803.469,10833589760,141874786304.0,-1.4732,0.9064
2019-08-05,sh.000300,3724.409,3739.503,3675.688,3675.688,3747.437,10132598016,133061099520.0,-1.9146,1.7029
2019-08-06,sh.000300,3609.111,3649.895,3575.862,3636.328,3675.688,12983387136,167267479552.0,-1.0708,2.0141
2019-08-07,sh.000300,3654.632,3659.077,3621.431,3621.431,3636.328,8423871488,108667666432.0,-0.4097,1.0353
2019-08-08,sh.000300,3651.357,3675.46,3646.938,3669.293,3621.431,8845770752,114981617664.0,1.3216,0.7876
2019-08-09,sh.000300,3686.749,3689.177,3628.116,3633.529,3669.293,8529558016,116355690496.0,-0.9747,1.6641
2019-08-12,sh.000300,3647.866,3699.104,3643.316,3699.104,3633.529,8208305664,121129345024.0,1.8047,1.5354
2019-08-13,sh.000300,3675.586,3686.43,3658.012,3665.751,3699.104,7650030336,103764320256.0,-0.9017,0.7682
2019-08-14,sh.000300,3712.065,3717.557,3680.608,3682.401,3665.751,9120259072,128301670400.0,0.4542,1.008
2019-08-15,sh.000300,3618.009,3694.298,3612.11,3694.0,3682.401,8859883264,119241080832.0,0.315,2.2319
2019-08-16,sh.000300,3697.94,3738.096,3687.075,3710.538,3694.0,8831916800,132696911872.0,0.4477,1.3812
2019-08-19,sh.000300,3736.034,3791.094,3720.689,3791.094,3710.538,13932701184,195448938496.0,2.171,1.8974
2019-08-20,sh.000300,3786.026,3799.897,3778.73,3787.732,3791.094,10860208896,149115342848.0,-0.0887,0.5583
2019-08-21,sh.000300,3778.309,3792.595,3775.447,3781.757,3787.732,8229988096,121688506368.0,-0.1577,0.4527
2019-08-22,sh.000300,3793.855,3797.329,3771.204,3793.506,3781.757,8580779264,120708136960.0,0.3107,0.6908
2019-08-23,sh.000300,3796.882,3829.36,3788.034,3820.863,3793.506,8795458304,137802153984.0,0.7212,1.0894
2019-08-26,sh.000300,3756.361,3778.866,3753.164,3765.91,3820.863,9385926912,142350987264.0,-1.4382,0.6727
2019-08-27,sh.000300,3791.458,3848.235,3790.873,3816.945,3765.91,12473147904,181748785152.0,1.3552,1.5232
2019-08-28,sh.000300,3818.812,3822.588,3790.138,3802.584,3816.945,8875081216,137667276800.0,-0.3762,0.8502
2019-08-29,sh.000300,3805.494,3808.595,3774.396,3790.186,3802.584,8408338688,126475677696.0,-0.326,0.8994
2019-08-30,sh.000300,3816.678,3828.969,3778.918,3799.586,3790.186,9669515008,152408670208.0,0.248,1.3205
2019-09-02,sh.000300,3803.689,3855.776,3799.816,3848.319,3799.586,11028934912,164994457600.0,1.2826,1.4728
2019-09-03,sh.000300,3852.579,3856.681,3833.757,3853.61,3848.319,9771463168,146270633984.0,0.1375,0.5957
2019-09-04,sh.000300,3848.648,3886.001,3846.421,3886.001,3853.61,12662861568,176839745536.0,0.8405,1.0271
2019-09-05,sh.000300,3909.208,3970.003,3909.208,3925.323,3886.001,18165623040,244681224192.0,1.0119,1.5645
2019-09-06,sh.000300,3946.685,3948.539,3922.336,3948.507,3925.323,12188237568,181718269952.0,0.5906,0.6675
2019-09-09,sh.000300,3980.957,3985.239,3954.875,3972.948,3948.507,14680975360,209545388032.0,0.619,0.769
2019-09-10,sh.000300,3976.869,3976.922,3938.744,3959.265,3972.948,13088938496,184494350336.0,-0.3444,0.9609
2019-09-11,sh.000300,3969.675,3971.223,3922.953,3930.099,3959.265,13159487488,190165008384.0,-0.7366,1.2192
2019-09-12,sh.000300,3944.691,3975.931,3933.436,3972.379,3930.099,11024127232,156750651392.0,1.0758,1.0813
2019-09-16,sh.000300,3981.361,3982.204,3943.373,3957.715,3972.379,11025980416,154736553984.0,-0.3691,0.9775
2019-09-17,sh.000300,3947.157,3947.157,3879.485,3891.22,3957.715,11369431808,154899300352.0,-1.6801,1.7099
2019-09-18,sh.000300,3902.994,3923.146,3902.51,3910.083,3891.22,8205615104,130159558656.0,0.4848,0.5303
2019-09-19,sh.000300,3923.963,3924.382,3897.066,3924.382,3910.083,8598423808,127421792256.0,0.3657,0.6986
2019-09-20,sh.000300,3933.459,3942.224,3921.412,3935.651,3924.382,10345595392,153162588160.0,0.2871,0.5303
2019-09-23,sh.000300,3925.185,3925.185,3868.214,3890.661,3935.651,9403622400,139223506944.0,-1.1431,1.4476
2019-09-24,sh.000300,3895.866,3927.011,3886.14,3901.075,3890.661,8778322944,142341398528.0,0.2677,1.0505
2019-09-25,sh.000300,3887.554,3889.839,3867.227,3870.983,3901.075,8952083456,133224464384.0,-0.7714,0.5796
2019-09-26,sh.000300,3884.702,3890.745,3840.247,3841.138,3870.983,10269830144,150806749184.0,-0.771,1.3045
2019-09-27,sh.000300,3843.458,3859.5,3832.246,3852.653,3841.138,7400394752,109130485760.0,0.2998,0.7095
2019-09-30,sh.000300,3842.074,3857.231,3813.549,3814.528,3852.653,6593131264,100487270400.0,-0.9896,1.1338
2019-10-08,sh.000300,3818.589,3861.642,3818.589,3837.679,3814.528,7665786112,118365683712.0,0.6069,1.1287
2019-10-09,sh.000300,3822.606,3845.34,3805.067,3843.239,3837.679,7585451264,112406208512.0,0.1449,1.0494
2019-10-10,sh.000300,3838.486,3877.142,3829.432,3874.639,3843.239,7922269440,127474044928.0,0.817,1.2414
2019-10-11,sh.000300,3885.519,3922.369,3868.841,3911.725,3874.639,9341257728,139817299968.0,0.9572,1.3815
2019-10-14,sh.000300,3944.859,3983.811,3934.732,3953.241,3911.725,12239361024,167857131520.0,1.0613,1.2547
2019-10-15,sh.000300,3953.164,3953.164,3928.151,3936.249,3953.241,8527394816,125117108224.0,-0.4298,0.6327
2019-10-16,sh.000300,3939.276,3964.045,3919.016,3922.685,3936.249,8322970624,128558534656.0,-0.3446,1.144
2019-10-17,sh.000300,3929.386,3935.812,3913.917,3925.221,3922.685,6486374400,99991851008.0,0.0646,0.5582
2019-10-18,sh.000300,3935.419,3940.54,3864.965,3869.377,3925.221,8232113920,122186928128.0,-1.4227,1.9254
2019-10-21,sh.000300,3865.343,3884.744,3856.037,3880.839,3869.377,7418291712,110858235904.0,0.2962,0.7419
2019-10-22,sh.000300,3896.314,3897.435,3870.548,3895.88,3880.839,6891856640,102843371520.0,0.3876,0.6928
2019-10-23,sh.000300,3892.676,3901.424,3862.196,3871.084,3895.88,7019862528,99733598208.0,-0.6365,1.0069
2019-10-24,sh.000300,3877.923,3890.195,3852.582,3870.667,3871.084,7133457408,105096949760.0,-0.0108,0.9716
2019-10-25,sh.000300,3871.768,3899.722,3849.033,3896.792,3870.667,7745361920,126677483520.0,0.6749,1.3096
2019-10-28,sh.000300,3904.982,3927.795,3897.817,3926.585,3896.792,9740602112,150762201088.0,0.7646,0.7693
2019-10-29,sh.000300,3929.707,3932.374,3910.226,3910.226,3926.585,8225707520,139611418624.0,-0.4166,0.5641
2019-10-30,sh.000300,3904.717,3908.099,3883.446,3891.225,3910.226,7787292416,122610503680.0,-0.4859,0.6305
2019-10-31,sh.000300,3906.859,3907.15,3878.875,3886.751,3891.225,8671453952,135012425728.0,-0.115,0.7266
2019-11-01,sh.000300,3883.808,3956.079,3876.416,3952.387,3886.751,10068961280,151471063040.0,1.688711,2.0496
2019-11-04,sh.000300,3964.005,3985.357,3964.005,3978.121,3952.387,10419385600,154485362688.0,0.6511,0.5402
2019-11-05,sh.000300,3982.115,4030.638,3970.866,4002.812,3978.121,11291187968,163317854208.0,0.62067,1.5025
2019-11-06,sh.000300,4006.327,4007.501,3973.776,3984.881,4002.812,9731295232,139859763200.0,-0.44796,0.8425
2019-11-07,sh.000300,3984.552,4005.382,3975.547,3991.874,3984.881,8725489920,117751554048.0,0.175488,0.7487
2019-11-08,sh.000300,4017.674,4022.036,3971.572,3973.01,3991.874,9710694912,139026673664.0,-0.47256,1.2642
2019-11-11,sh.000300,3948.618,3948.618,3897.55,3902.978,3973.01,9415561984,130330083328.0,-1.762694,1.2854
2019-11-12,sh.000300,3905.958,3914.882,3877.739,3903.688,3902.978,7654306816,108828237824.0,0.018191,0.9517
2019-11-13,sh.000300,3905.283,3908.419,3882.431,3899.981,3903.688,7674907904,112057147392.0,-0.094961,0.6657
2019-11-14,sh.000300,3905.928,3916.945,3895.141,3905.857,3899.981,8700844544,119791566848.0,0.150667,0.5591
2019-11-15,sh.000300,3908.489,3915.104,3877.089,3877.089,3905.857,8373091584,115423019008.0,-0.736535,0.9733
2019-11-18,sh.000300,3874.44,3913.102,3868.316,3907.929,3877.089,7664599296,107085819904.0,0.795442,1.1551
2019-11-19,sh.000300,3904.099,3947.039,3902.377,3947.039,3907.929,8216102400,123227172864.0,1.000786,1.1429
2019-11-20,sh.000300,3940.134,3943.227,3901.986,3907.864,3947.039,7681533184,118003064832.0,-0.992516,1.0449
2019-11-21,sh.000300,3894.539,3901.826,3875.968,3889.598,3907.864,6913053696,104147771392.0,-0.467416,0.6617
2019-11-22,sh.000300,3894.174,3918.838,3833.503,3849.994,3889.598,9104263936,146981163008.0,-1.018203,2.1939
2019-11-25,sh.000300,3850.966,3878.25,3839.42,3878.206,3849.994,10606628864,140851077120.0,0.73278,1.0086
2019-11-26,sh.000300,3893.434,3899.109,3869.594,3891.653,3878.206,11151353600,140213633024.0,0.346732,0.761
2019-11-27,sh.000300,3883.429,3889.978,3862.701,3875.618,3891.653,7643730432,107238821888.0,-0.412036,0.7009
2019-11-28,sh.000300,3877.901,3887.69,3852.01,3862.302,3875.618,6523011840,87081787392.0,-0.343584,0.9206
2019-11-29,sh.000300,3857.188,3861.658,3804.829,3828.67,3862.302,7414433024,116200558592.0,-0.870776,1.4714
2019-12-02,sh.000300,3835.512,3854.75,3829.312,3836.058,3828.67,7741217280,109992591360.0,0.192965,0.6644
2019-12-03,sh.000300,3829.212,3851.12,3811.628,3851.087,3836.058,7361124096,108703715328.0,0.391782,1.0295
2019-12-04,sh.000300,3841.662,3852.992,3831.074,3849.819,3851.087,7968338432,109646344192.0,-0.032926,0.5691
2019-12-05,sh.000300,3863.608,3883.403,3859.822,3879.363,3849.819,8905119232,129357594624.0,0.767413,0.6125
2019-12-06,sh.000300,3885.058,3902.385,3878.7,3902.385,3879.363,7864888832,116424777728.0,0.593448,0.6105
2019-12-09,sh.000300,3909.529,3911.968,3885.25,3895.446,3902.385,9535380736,130873098240.0,-0.177814,0.6847
2019-12-10,sh.000300,3886.444,3900.959,3882.087,3900.384,3895.446,8626292736,121118412800.0,0.126763,0.4845
2019-12-11,sh.000300,3907.159,3909.385,3890.341,3902.749,3900.384,9976548096,127690403840.0,0.060635,0.4883
2019-12-12,sh.000300,3908.453,3908.453,3886.118,3891.024,3902.749,8470832896,117874315264.0,-0.300429,0.5723
2019-12-13,sh.000300,3928.004,3969.456,3925.275,3968.221,3891.024,14857134848,201018884096.0,1.983976,1.1355
2019-12-16,sh.000300,3970.709,3987.586,3953.512,3987.546,3968.221,14848667136,202154897408.0,0.486994,0.8587
2019-12-17,sh.000300,3987.742,4067.135,3984.519,4041.799,3987.546,20116293632,251637866496.0,1.360561,2.0719
2019-12-18,sh.000300,4039.724,4057.64,4025.343,4032.782,4041.799,15135176448,197620207616.0,-0.223094,0.7991
2019-12-19,sh.000300,4034.615,4038.543,4014.895,4027.149,4032.782,11790055936,152553807872.0,-0.13968,0.5864
2019-12-20,sh.000300,4032.151,4046.726,4014.929,4017.252,4027.149,12126766336,158460231680.0,-0.245757,0.7896
2019-12-23,sh.000300,4014.692,4032.172,3964.379,3967.096,4017.252,12281624576,162048262144.0,-1.248515,1.6875
2019-12-24,sh.000300,3971.56,3994.509,3963.665,3992.958,3967.096,9598904576,122499162112.0,0.651913,0.7775
2019-12-25,sh.000300,3988.657,4000.555,3976.355,3990.867,3992.958,9493889024,131896467456.0,-0.052367,0.6061
2019-12-26,sh.000300,3993.668,4025.987,3993.541,4025.987,3990.867,10886064128,140814966784.0,0.880009,0.813
2019-12-27,sh.000300,4029.245,4066.796,4019.722,4022.027,4025.987,15092641024,195090415616.0,-0.098361,1.1693
2019-12-30,sh.000300,4015.519,4083.69,4001.495,4081.633,4022.027,15597148928,216814661632.0,1.481989,2.0436
2019-12-31,sh.000300,4077.751,4098.144,4069.008,4096.582,4081.633,12326425856,173119348736.0,0.36625,0.7138
2020-01-02,sh.000300,4121.348,4172.655,4121.348,4152.24,4096.582,18211677184,270105530368.0,1.358645,1.2524
2020-01-03,sh.000300,4161.218,4164.298,4131.864,4144.964,4152.24,14282624512,215216287744.0,-0.175231,0.7811
2020-01-06,sh.000300,4120.521,4170.638,4102.379,4129.295,4144.964,17530995200,250182070272.0,-0.378025,1.6468
2020-01-07,sh.000300,4137.401,4161.25,4135.097,4160.227,4129.295,13948903168,196389060608.0,0.749087,0.6334
2020-01-08,sh.000300,4139.631,4149.813,4101.98,4112.317,4160.227,16758585088,212406263808.0,-1.15162,1.1498
2020-01-09,sh.000300,4145.534,4165.657,4143.592,4164.369,4112.317,13688632320,200150351872.0,1.265758,0.5366
2020-01-10,sh.000300,4177.577,4180.977,4148.481,4163.184,4164.369,11303171840,177827414016.0,-0.028456,0.7803
2020-01-13,sh.000300,4166.925,4203.988,4148.6,4203.988,4163.184,11969198336,199795490816.0,0.980115,1.3304
2020-01-14,sh.000300,4215.157,4223.507,4188.08,4189.886,4203.988,12932078336,196221263872.0,-0.335443,0.8427
2020-01-15,sh.000300,4186.881,4193.868,4150.879,4166.734,4189.886,10463313664,163081932800.0,-0.552569,1.026
2020-01-16,sh.000300,4174.817,4175.293,4142.179,4149.043,4166.734,10026764288,156242505728.0,-0.424577,0.7947
2020-01-17,sh.000300,4162.193,4177.028,4141.644,4154.853,4149.043,9872568320,166591590400.0,0.140032,0.8528
2020-01-20,sh.000300,4170.736,4185.962,4149.487,4185.83,4154.853,12240914688,202692288512.0,0.745562,0.8779
2020-01-21,sh.000300,4165.02,4165.02,4113.325,4114.308,4185.83,13052750592,204586881024.0,-1.708669,1.235
2020-01-22,sh.000300,4093.8,4141.177,4046.486,4131.931,4114.308,12675876352,208136151040.0,0.428334,2.3015
2020-01-23,sh.000300,4093.322,4103.524,3972.393,4003.901,4131.931,16035760384,250409357312.0,-3.098551,3.1736
2020-02-03,sh.000300,3639.908,3732.157,3639.908,3688.357,4003.901,15755964672,243303104512.0,-7.880914,2.304
2020-02-04,sh.000300,3652.003,3786.862,3652.003,3785.637,3688.357,21393332736,298165768192.0,2.637489,3.6563
2020-02-05,sh.000300,3801.099,3866.01,3781.613,3828.527,3785.637,17492552448,264042921984.0,1.132967,2.2294
2020-02-06,sh.000300,3841.753,3914.915,3806.96,3899.775,3828.527,17646223616,262820089856.0,1.860977,2.8198
2020-02-07,sh.000300,3879.553,3899.883,3849.712,3899.869,3899.775,15173175808,237508816896.0,0.00241,1.2865
2020-02-10,sh.000300,3872.373,3920.166,3861.006,3916.005,3899.869,14840696832,229625442304.0,0.413757,1.517
2020-02-11,sh.000300,3926.42,3970.522,3915.707,3952.464,3916.005,14344167424,219307118592.0,0.931025,1.3998
2020-02-12,sh.000300,3945.666,3984.432,3940.666,3984.432,3952.464,12671032064,200776708096.0,0.808812,1.1073
2020-02-13,sh.000300,3985.875,3999.549,3950.142,3959.918,3984.432,14500184320,228605964288.0,-0.615245,1.24
2020-02-14,sh.000300,3954.234,4001.562,3954.023,3987.734,3959.918,14323980288,222895075328.0,0.702439,1.2005
2020-02-17,sh.000300,3999.651,4077.446,3999.651,4077.424,3987.734,18277896960,273067819008.0,2.249147,1.9509
2020-02-18,sh.000300,4069.831,4076.388,4027.785,4057.51,4077.424,16323621888,242552516608.0,-0.488397,1.192
2020-02-19,sh.000300,4049.586,4085.17,4042.845,4051.31,4057.51,16904644096,257554534400.0,-0.152803,1.0431
2020-02-20,sh.000300,4062.896,4148.528,4055.81,4144.656,4051.31,21223262464,310835589120.0,2.304094,2.2886
2020-02-21,sh.000300,4134.874,4184.437,4130.167,4149.49,4144.656,21721360384,326564003840.0,0.116632,1.3094
2020-02-24,sh.000300,4131.836,4149.01,4097.175,4132.838,4149.49,21286930432,326387802112.0,-0.401302,1.2492
2020-02-25,sh.000300,4066.302,4126.707,4020.907,4123.854,4132.838,24416783104,372213719040.0,-0.217381,2.56
2020-02-26,sh.000300,4070.099,4132.781,4061.125,4073.015,4123.854,26109406208,366022418432.0,-1.232803,1.7376
2020-02-27,sh.000300,4084.078,4110.527,4067.44,4084.875,4073.015,18129097984,282050207744.0,0.291185,1.0579
2020-02-28,sh.000300,3988.727,4031.145,3928.066,3940.048,4084.875,23027509248,330358906880.0,-3.545445,2.5234
2020-03-02,sh.000300,3968.843,4092.539,3968.843,4069.666,3940.048,21931355904,317426204672.0,3.289757,3.1395
2020-03-03,sh.000300,4125.135,4147.652,4067.909,4091.361,4069.666,21936977664,330802585600.0,0.53309,1.9594
2020-03-04,sh.000300,4078.499,4115.261,4060.729,4115.052,4091.361,18242472960,281784864768.0,0.579049,1.3329
2020-03-05,sh.000300,4150.21,4215.851,4127.038,4206.725,4115.052,23182311424,362838831104.0,2.227748,2.1582
2020-03-06,sh.000300,4158.202,4181.31,4135.39,4138.507,4206.725,17247571712,253168631808.0,-1.621642,1.0916
2020-03-09,sh.000300,4063.076,4063.076,3995.1313,3997.1325,4138.5072,20810203500,305428730303.8,-3.41608,1.6418
2020-03-10,sh.000300,3975.2288,4093.0024,3954.7506,4082.7315,3997.1325,19741640200,296184435851.3,2.14151,3.4588
2020-03-11,sh.000300,4090.9348,4091.2704,4028.3964,4028.4289,4082.7315,16165611100,244990872685.9,-1.330056,1.54
2020-03-12,sh.000300,3976.1139,3987.4336,3926.2704,3950.9111,4028.4289,15706045800,233152848759.1,-1.924269,1.5183
2020-03-13,sh.000300,3771.0139,3937.1806,3765.1479,3895.3128,3950.9111,18829672200,280213453213.7,-1.407227,4.3543
2020-03-16,sh.000300,3899.8598,3899.8598,3720.5127,3727.8398,3895.3128,18596826000,282836238271.2,-4.299347,4.6042
2020-03-17,sh.000300,3739.7833,3786.8908,3618.307,3709.6822,3727.8398,16624612900,250824025696.9,-0.487081,4.5223
2020-03-18,sh.000300,3729.6853,3775.8506,3636.2565,3636.2565,3709.6822,15503754700,244127161535.3,-1.979299,3.763
2020-03-19,sh.000300,3623.789,3647.9874,3503.1866,3589.0926,3636.2565,18080740700,271827467961.6,-1.297045,3.9821
2020-03-20,sh.000300,3629.5126,3663.9517,3588.7766,3653.2239,3589.0926,13960300000,211223073323.1,1.786839,2.0945
2020-03-23,sh.000300,3542.6837,3585.8014,3523.7877,3530.3058,3653.2239,13710879000,197669624970.1,-3.364647,1.6975
2020-03-24,sh.000300,3598.6548,3627.7592,3545.4524,3625.1146,3530.3058,14310302100,208553840688.5,2.685569,2.3314
2020-03-25,sh.000300,3711.4753,3732.6536,3685.9942,3722.5181,3625.1146,15349595800,231561518761.2,2.686908,1.2871
2020-03-26,sh.000300,3692.6083,3736.2536,3681.2668,3698.0472,3722.5181,11231066500,169336311861.4,-0.657375,1.4771
2020-03-27,sh.000300,3746.3914,3758.7827,3709.9213,3710.0605,3698.0472,12406099500,186103426334.7,0.324855,1.3213
2020-03-30,sh.000300,3657.4624,3690.6388,3637.5853,3674.1108,3710.0605,12687667300,180640799409.3,-0.968979,1.43
2020-03-31,sh.000300,3708.1404,3716.0707,3676.2024,3686.1551,3674.1108,11145302500,161595510008.2,0.327815,1.0851
2020-04-01,sh.000300,3682.2966,3731.7799,3670.9653,3675.0758,3686.1551,11935262000,170422568804.4,-0.300565,1.6498
2020-04-02,sh.000300,3656.3225,3734.5306,3652.3167,3734.5306,3675.0758,11516820900,168893255656.6,1.617784,2.2371
2020-04-03,sh.000300,3721.4815,3738.8323,3698.9822,3713.2183,3734.5306,9982508300,150132815028.5,-0.570682,1.0671
2020-04-07,sh.000300,3779.9076,3803.6286,3772.2054,3798.0214,3713.2183,14277803000,207642820316.9,2.283817,0.8463
2020-04-08,sh.000300,3776.4171,3793.0023,3767.2924,3780.3445,3798.0214,11138951300,161576772320.2,-0.465424,0.6769
2020-04-09,sh.000300,3798.4879,3801.7245,3785.3116,3792.8105,3780.3445,10048503200,154595318812.8,0.329758,0.4342
2020-04-10,sh.000300,3794.8429,3824.7441,3758.9599,3769.1782,3792.8105,10244495600,162251233800.7,-0.623081,1.7344
2020-04-13,sh.000300,3751.7093,3769.8764,3740.1936,3753.2566,3769.1782,7905334300,119874303204.6,-0.422416,0.7875
2020-04-14,sh.000300,3777.8343,3825.7599,3764.9838,3825.6991,3753.2566,11063758500,170612579792.4,1.930124,1.6193
2020-04-15,sh.000300,3820.8506,3829.8009,3793.4402,3797.3623,3825.6991,10846198400,169700216633.0,-0.740696,0.9504
2020-04-16,sh.000300,3777.7986,3807.3569,3774.5585,3802.3806,3797.3623,9594796500,147164302056.9,0.132152,0.8637
2020-04-17,sh.000300,3831.9232,3863.4521,3821.4201,3839.4871,3802.3806,13200430100,203595267033.5,0.975875,1.1054
2020-04-20,sh.000300,3845.4598,3853.7984,3831.553,3853.4551,3839.4871,10001311500,151924090117.0,0.363799,0.5794
2020-04-21,sh.000300,3838.2314,3838.2314,3779.9967,3808.0474,3853.4551,10292188800,155077454132.0,-1.178363,1.5112
2020-04-22,sh.000300,3789.1297,3839.3834,3782.2149,3839.3834,3808.0474,8589946400,135547280790.0,0.822889,1.5013
2020-04-23,sh.000300,3851.9132,3857.4709,3826.5565,3829.7525,3839.3834,9550845000,142122548831.8,-0.250845,0.8052
2020-04-24,sh.000300,3826.3116,3827.212,3787.0714,3796.9721,3829.7525,9484413500,138961200282.7,-0.85594,1.0481
2020-04-27,sh.000300,3808.0171,3842.8706,3793.7655,3822.769,3796.9721,9546273500,145301151875.0,0.679407,1.2933
2020-04-28,sh.000300,3835.348,3859.6754,3768.2,3849.1465,3822.769,12209347600,184179759240.3,0.69001,2.3929
2020-04-29,sh.000300,3837.5135,3880.7444,3833.7164,3867.032,3849.1465,9585459000,151282103744.2,0.464661,1.2218
2020-04-30,sh.000300,3880.4094,3921.7004,3880.4094,3912.5772,3867.032,13291712500,202268288802.3,1.177782,1.0678
2020-05-06,sh.000300,3867.2587,3937.6909,3865.9875,3936.2539,3912.5772,13985567500,214935962364.4,0.605143,1.8326
2020-05-07,sh.000300,3937.5918,3941.4833,3915.9048,3924.8946,3936.2539,10551464600,167207801840.2,-0.288581,0.6498
2020-05-08,sh.000300,3942.9972,3979.6627,3935.9805,3963.6217,3924.8946,11694334100,190299584716.9,0.986704,1.113
2020-05-11,sh.000300,3974.7605,3998.0972,3944.5037,3960.1803,3963.6217,12267380300,193758093899.8,-0.086825,1.3521
2020-05-12,sh.000300,3961.3427,3970.1115,3930.2108,3960.2378,3960.1803,9825055400,157465780059.9,0.001452,1.0075
2020-05-13,sh.000300,3946.6428,3972.5254,3932.5711,3968.2529,3960.2378,8819066900,145563383275.8,0.202389,1.0089
2020-05-14,sh.000300,3952.1986,3952.1986,3924.0452,3925.2177,3968.2529,8853000400,143499177719.8,-1.084487,0.7095
2020-05-15,sh.000300,3941.125,3945.1956,3907.4021,3912.8159,3925.2177,9261838200,153301505149.4,-0.315952,0.9628
2020-05-18,sh.000300,3914.6602,3946.4312,3898.4041,3922.9117,3912.8159,11280176200,188528121367.6,0.258019,1.2274
2020-05-19,sh.000300,3963.7754,3966.8518,3944.0715,3956.2495,3922.9117,9401529100,159886222402.2,0.849823,0.5807
2020-05-20,sh.000300,3955.7145,3955.7145,3923.9213,3935.222,3956.2495,10079115000,157102533276.1,-0.531501,0.8036
2020-05-21,sh.000300,3950.5981,3951.743,3907.5788,3913.7949,3935.222,9486103300,149154142257.8,-0.544495,1.1223
2020-05-22,sh.000300,3907.5761,3907.5761,3818.1488,3824.064,3913.7949,10337836000,157286504986.3,-2.292683,2.2849
2020-05-25,sh.000300,3828.3206,3835.6333,3800.1796,3829.3245,3824.064,7903332600,127011917716.3,0.137563,0.9271
2020-05-26,sh.000300,3850.0009,3874.7484,3844.4776,3872.7701,3829.3245,7744807600,125445619316.8,1.13455,0.7905
2020-05-27,sh.000300,3873.6984,3873.6984,3838.4247,3845.6135,3872.7701,8371183100,123737501165.0,-0.701219,0.9108
2020-05-28,sh.000300,3848.4892,3885.4211,3818.4318,3856.6324,3845.6135,9306405400,139108407792.0,0.286532,1.742
2020-05-29,sh.000300,3838.3769,3872.3031,3830.4185,3867.0232,3856.6324,9381383200,135658136028.2,0.269427,1.086
2020-06-01,sh.000300,3901.7263,3976.3151,3901.7263,3971.3402,3867.0232,13645665200,208436512945.1,2.697605,1.9288
2020-06-02,sh.000300,3969.9521,3991.7761,3958.9774,3983.5677,3971.3402,14430306000,195563304256.3,0.307894,0.8259
2020-06-03,sh.000300,4001.1708,4018.6759,3982.9299,3983.6477,3983.5677,13659748300,200882767676.9,0.002008,0.8973
2020-06-04,sh.000300,3998.1636,3999.8051,3968.5723,3982.1851,3983.6477,10427773700,149057855837.5,-0.036715,0.784
2020-06-05,sh.000300,3988.2239,4001.2509,3967.926,4001.2509,3982.1851,10244394200,154311342981.8,0.478777,0.8368
2020-06-08,sh.000300,4023.606,4050.2213,4016.1015,4021.9549,4001.2509,13792581300,193047518687.6,0.517438,0.8527
2020-06-09,sh.000300,4027.5613,4052.1557,4016.3387,4047.0293,4021.9549,11530447900,166533966010.0,0.623438,0.8905
2020-06-10,sh.000300,4046.2317,4046.2317,4024.4185,4039.7051,4047.0293,11226572800,166778642366.2,-0.180977,0.539
2020-06-11,sh.000300,4031.7396,4043.0123,3979.7522,3995.8846,4039.7051,12730894100,197079441861.1,-1.084745,1.566
2020-06-12,sh.000300,3931.6236,4011.0591,3927.2491,4003.0829,3995.8846,13416664900,193504046742.3,0.180143,2.0974
2020-06-15,sh.000300,3982.9672,4007.1396,3954.9883,3954.9883,4003.0829,13129786000,211125336143.8,-1.201439,1.3028
2020-06-16,sh.000300,3995.5786,4014.5702,3987.8637,4014.5702,3954.9883,11105153900,185104029158.9,1.5065,0.6753
2020-06-17,sh.000300,4018.6094,4018.6094,3992.1339,4017.5941,4014.5702,10560579900,176977503611.2,0.075323,0.6595
2020-06-18,sh.000300,4009.7831,4047.5566,4000.9008,4044.3842,4017.5941,13814876100,210192918146.2,0.666819,1.1613
2020-06-19,sh.000300,4047.0483,4109.3602,4043.4925,4098.7095,4044.3842,15294699000,255549797299.6,1.343228,1.6286
2020-06-22,sh.000300,4097.5071,4126.9421,4088.7822,4102.0459,4098.7095,15582946500,259200520725.7,0.081401,0.931
2020-06-23,sh.000300,4098.0373,4124.725,4080.7533,4121.7944,4102.0459,12922951000,234806510834.5,0.48143,1.0719
2020-06-24,sh.000300,4128.1003,4144.6782,4123.3582,4138.9895,4121.7944,12171246500,224551430008.0,0.417175,0.5173
2020-06-29,sh.000300,4127.9348,4137.3696,4092.5352,4109.7164,4138.9895,13086585400,226522059762.9,-0.707252,1.0832
2020-06-30,sh.000300,4130.0028,4174.4236,4129.7754,4163.9637,4109.7164,12593352100,227935704488.9,1.319977,1.0864
2020-07-01,sh.000300,4172.6425,4247.7835,4163.4954,4247.7835,4163.9637,16999045600,305711799762.0,2.012981,2.0242
2020-07-02,sh.000300,4239.408,4340.1039,4238.1164,4335.8445,4247.7835,25293936800,399571526695.3,2.073105,2.401
2020-07-03,sh.000300,4353.1937,4419.5955,4348.4535,4419.5955,4335.8445,29048553900,442335024266.1,1.931596,1.6408
2020-07-06,sh.000300,4465.8081,4678.1121,4465.8081,4670.0949,4419.5955,40582102500,597438217716.0,5.667926,4.8037
2020-07-07,sh.000300,4739.6104,4796.3155,4688.0574,4698.1264,4670.0949,40600855300,635254742706.0,0.600234,2.3181
2020-07-08,sh.000300,4692.8621,4803.3643,4670.6501,4774.0042,4698.1264,34807484700,532849825964.5,1.615065,2.8248
2020-07-09,sh.000300,4770.0769,4854.1201,4757.2943,4840.7712,4774.0042,35104689300,556718732098.9,1.398553,2.0282
2020-07-10,sh.000300,4796.0873,4821.3745,4734.4725,4753.1333,4840.7712,31694965100,510472055095.9,-1.810412,1.7952
2020-07-13,sh.000300,4742.3738,4878.0773,4741.8743,4852.9612,4753.1333,32164544600,541105098721.0,2.100255,2.8655
2020-07-14,sh.000300,4836.1655,4860.4404,4729.9258,4806.6902,4852.9612,29724198500,511211048184.9,-0.953459,2.6894
2020-07-15,sh.000300,4821.5155,4837.4757,4723.3608,4744.4687,4806.6902,27238900600,486748347680.4,-1.294477,2.3741
2020-07-16,sh.000300,4741.5295,4772.5638,4513.6537,4516.2532,4744.4687,28465713300,511237962884.2,-4.810138,5.4571
2020-07-17,sh.000300,4524.7717,4601.3733,4485.8214,4544.7007,4516.2532,20737556300,372973887046.0,0.629892,2.5586
2020-07-20,sh.000300,4597.2038,4681.9431,4534.2305,4680.3046,4544.7007,24606891400,416714222275.7,2.983781,3.2502
2020-07-21,sh.000300,4697.5026,4714.2925,4661.444,4691.0425,4680.3046,20041565900,356069805762.6,0.229427,1.1292
2020-07-22,sh.000300,4682.6575,4790.4491,4675.3488,4714.4454,4691.0425,22419921100,386470859914.3,0.498885,2.4536
2020-07-23,sh.000300,4668.7401,4731.4004,4607.6585,4712.4357,4714.4454,23431456900,405175268660.9,-0.042629,2.6247
2020-07-24,sh.000300,4679.0273,4691.698,4479.3928,4505.5906,4712.4357,24390520300,437726712279.7,-4.389346,4.5052
2020-07-27,sh.000300,4535.0053,4558.1189,4482.4408,4528.45,4505.5906,17142055100,301893370163.2,0.507356,1.6796
2020-07-28,sh.000300,4567.6691,4590.2496,4537.6849,4568.2576,4528.45,16276849800,292835785345.2,0.879056,1.1608
2020-07-29,sh.000300,4559.1634,4680.558,4548.8535,4679.008,4568.2576,18669530500,350432649160.5,2.424347,2.883
2020-07-30,sh.000300,4689.7632,4704.6305,4649.7677,4656.1506,4679.008,16696756600,324009242692.4,-0.48851,1.1725
2020-07-31,sh.000300,4652.1824,4741.8084,4621.9635,4695.0462,4656.1506,18483902600,351119312415.0,0.83536,2.5739
2020-08-03,sh.000300,4735.8985,4771.3694,4720.025,4771.3108,4695.0462,21477623900,401914824928.3,1.624363,1.0936
2020-08-04,sh.000300,4778.4866,4807.0782,4747.7748,4775.8024,4771.3108,23997498500,426411345935.8,0.094138,1.2429
2020-08-05,sh.000300,4761.7637,4786.7031,4711.2723,4777.1089,4775.8024,19670054800,347407839399.1,0.027357,1.5794
2020-08-06,sh.000300,4779.2377,4791.8565,4691.1569,4762.7642,4777.1089,22785440600,404323404006.9,-0.30028,2.108
2020-08-07,sh.000300,4742.2939,4749.0217,4637.8427,4707.9262,4762.7642,21351821600,397041212825.0,-1.15139,2.3343
2020-08-10,sh.000300,4681.7553,4757.6634,4646.2885,4724.8697,4707.9262,20378883200,371297560017.6,0.359893,2.3657
2020-08-11,sh.000300,4730.3748,4791.5337,4674.8642,4681.7837,4724.8697,20554651100,350828586241.1,-0.911898,2.4693
2020-08-12,sh.000300,4668.8899,4681.6206,4566.2736,4647.6446,4681.7837,20288723900,347298673202.0,-0.72919,2.4637
2020-08-13,sh.000300,4666.4901,4671.7689,4626.1033,4635.7126,4647.6446,15255009200,250945872578.9,-0.256732,0.9826
2020-08-14,sh.000300,4627.61,4708.0709,4617.632,4704.6288,4635.7126,14729292100,254343934256.2,1.486637,1.9509
2020-08-17,sh.000300,4727.1204,4838.0864,4721.3589,4815.2261,4704.6288,26800155600,416469154934.0,2.350819,2.4811
2020-08-18,sh.000300,4816.5703,4825.3861,4788.8293,4812.7564,4815.2261,18913985400,314395904535.5,-0.051289,0.7592
2020-08-19,sh.000300,4804.6655,4809.0499,4738.0086,4740.6784,4812.7564,19244294800,319403284708.3,-1.497645,1.4761
2020-08-20,sh.000300,4708.1253,4721.4357,4662.8032,4679.1544,4740.6784,15836863900,260486563515.0,-1.297789,1.2368
2020-08-21,sh.000300,4717.7874,4739.4836,4684.8101,4718.8431,4679.1544,14265786400,251775160233.8,0.848202,1.1684
2020-08-24,sh.000300,4746.4035,4769.4673,4716.6054,4755.8491,4718.8431,15114351200,272428686418.6,0.784218,1.1202
2020-08-25,sh.000300,4769.2107,4802.4122,4746.313,4761.9507,4755.8491,14170135100,262308788275.0,0.128297,1.1796
2020-08-26,sh.000300,4761.7186,4786.4249,4689.881,4706.1302,4761.9507,15130518000,277456360643.0,-1.172219,2.0274
2020-08-27,sh.000300,4718.062,4731.9351,4679.3623,4731.3451,4706.1302,11904285000,223631511405.6,0.535788,1.1171
2020-08-28,sh.000300,4727.292,4850.4884,4719.3526,4844.2652,4731.3451,15939976500,305047882508.6,2.386638,2.7716
2020-08-31,sh.000300,4870.9337,4901.2115,4816.2123,4816.2153,4844.2652,20256702900,357005064604.8,-0.579033,1.7546
2020-09-01,sh.000300,4803.3922,4842.135,4791.7829,4842.1223,4816.2153,13839540200,262018070577.3,0.537912,1.0455
2020-09-02,sh.000300,4859.0754,4863.5509,4797.5204,4843.887,4842.1223,15798952400,280778613751.4,0.036445,1.3637
2020-09-03,sh.000300,4841.502,4877.0117,4800.0577,4817.0952,4843.887,14567120100,279411988792.3,-0.553105,1.5887
2020-09-04,sh.000300,4737.2368,4778.203,4726.5559,4770.219,4817.0952,12003279600,238463337878.7,-0.973122,1.0722
2020-09-07,sh.000300,4759.5213,4789.3031,4655.56,4669.3677,4770.219,14860779100,282316394067.8,-2.114186,2.8037
2020-09-08,sh.000300,4683.8256,4707.8966,4639.0531,4694.3894,4669.3677,13919922700,249198138076.0,0.535869,1.4744
2020-09-09,sh.000300,4634.247,4645.1972,4558.0304,4584.5887,4694.3894,16227710700,244905191934.1,-2.338977,1.8568
2020-09-10,sh.000300,4632.0994,4647.7505,4572.2058,4581.9775,4584.5887,15065287800,226146354804.6,-0.056956,1.6478
2020-09-11,sh.000300,4572.2572,4630.8842,4563.1061,4627.2826,4581.9775,11530242400,198240927301.5,0.988767,1.4792
2020-09-14,sh.000300,4652.0539,4666.9862,4625.9877,4651.0507,4627.2826,10723517900,211653411810.9,0.513651,0.886
2020-09-15,sh.000300,4649.4472,4691.4997,4630.5374,4688.4826,4651.0507,10191592500,194573684119.3,0.804805,1.3107
2020-09-16,sh.000300,4683.006,4690.6815,4638.4586,4657.3584,4688.4826,10875364100,196120184850.9,-0.663844,1.1139
2020-09-17,sh.000300,4642.0542,4664.9491,4601.639,4632.7142,4657.3584,10598363100,214146647269.6,-0.529145,1.3594
2020-09-18,sh.000300,4636.6422,4737.8039,4631.7045,4737.0887,4632.7142,16042647500,281885944229.0,2.252988,2.2902
2020-09-21,sh.000300,4750.7481,4752.9799,4688.7199,4691.4281,4737.0887,12453582700,224137912695.2,-0.963896,1.3565
2020-09-22,sh.000300,4654.2179,4706.2096,4622.1111,4635.7608,4691.4281,11967294700,202909215534.6,-1.186575,1.7926
2020-09-23,sh.000300,4639.6592,4665.96,4623.5528,4652.3273,4635.7608,9582652800,190393472276.3,0.357363,0.9148
2020-09-24,sh.000300,4623.9535,4631.9482,4562.2086,4563.0657,4652.3273,11259368300,193515873700.2,-1.918644,1.499
2020-09-25,sh.000300,4582.482,4599.5387,4554.7199,4570.0216,4563.0657,9301515500,167457376964.0,0.152439,0.9822
2020-09-28,sh.000300,4582.6471,4613.6324,4571.1507,4581.9085,4570.0216,8504838900,159314675407.1,0.260106,0.9296
2020-09-29,sh.000300,4608.2926,4616.6767,4586.3537,4591.7993,4581.9085,8599385800,159937888502.2,0.215866,0.6618
2020-09-30,sh.000300,4607.5753,4634.7239,4563.4108,4587.3953,4591.7993,8908120000,165532220885.2,-0.09591,1.5531
2020-10-09,sh.000300,4663.61,4695.4041,4655.0851,4681.1412,4587.3953,11133751200,229926731489.9,2.043554,0.8789
2020-10-12,sh.000300,4705.1883,4823.2666,4704.1554,4823.1578,4681.1412,15578455800,307848558046.0,3.033803,2.5445
2020-10-13,sh.000300,4812.8989,4845.9191,4795.373,4839.201,4823.1578,11651633800,242172567248.5,0.332629,1.048
2020-10-14,sh.000300,4830.4575,4830.4575,4795.9069,4807.1021,4839.201,11190692300,229836207247.8,-0.66331,0.714
2020-10-15,sh.000300,4810.7821,4833.8925,4796.2647,4798.7361,4807.1021,10996496200,213878285047.0,-0.174034,0.7828
2020-10-16,sh.000300,4798.9162,4825.5518,4765.967,4791.676,4798.7361,11671610200,204175130717.5,-0.147124,1.2417
2020-10-19,sh.000300,4823.4944,4849.605,4747.3356,4755.4879,4791.676,12924636100,225392198225.0,-0.755228,2.1343
2020-10-20,sh.000300,4751.3694,4793.4672,4739.4583,4793.4672,4755.4879,9804815600,185849198017.6,0.798642,1.1357
2020-10-21,sh.000300,4801.6313,4801.6313,4758.8552,4792.8284,4793.4672,10380570300,189978697043.6,-0.013326,0.8924
2020-10-22,sh.000300,4780.5954,4791.8078,4725.4993,4777.9845,4792.8284,10135089100,194614971169.8,-0.309711,1.3835
2020-10-23,sh.000300,4775.4665,4802.456,4717.0984,4718.4881,4777.9845,10682518400,200985821991.5,-1.24522,1.7865
2020-10-26,sh.000300,4684.0465,4713.3945,4639.3019,4691.2359,4718.4881,10834327500,205518988284.4,-0.577562,1.5703
2020-10-27,sh.000300,4680.1371,4708.4623,4671.8536,4699.2792,4691.2359,9265630400,186675545690.4,0.171454,0.7804
2020-10-28,sh.000300,4703.0036,4753.3125,4685.6012,4737.2718,4699.2792,10846340200,226754264067.0,0.808477,1.4409
2020-10-29,sh.000300,4683.607,4803.0317,4679.2529,4772.9198,4737.2718,11711725000,252303504993.0,0.752501,2.6129
2020-10-30,sh.000300,4776.4726,4778.5089,4683.4719,4695.3338,4772.9198,13980230300,280783321713.1,-1.625546,1.9912
2020-11-02,sh.000300,4702.7457,4738.0239,4695.4436,4720.8313,4695.3338,14286769300,279027685157.1,0.543039,0.9069
2020-11-03,sh.000300,4743.1742,4793.3963,4734.1748,4777.5608,4720.8313,13605540800,252390556313.5,1.201685,1.2545
2020-11-04,sh.000300,4781.448,4825.4638,4770.5582,4813.6564,4777.5608,11466180600,230513773046.3,0.755524,1.1492
2020-11-05,sh.000300,4861.3377,4885.1118,4837.9996,4885.1118,4813.6564,13924459400,281951932371.0,1.484431,0.9787
2020-11-06,sh.000300,4897.6295,4897.6295,4845.4293,4885.7178,4885.1118,15363903400,305365103652.9,0.012405,1.0686
2020-11-09,sh.000300,4918.8609,4997.8017,4918.8609,4981.3497,4885.7178,19713198400,371923282063.4,1.957377,1.6157
2020-11-10,sh.000300,4995.4126,4995.4126,4928.9319,4953.8756,4981.3497,17626721400,334271459964.0,-0.551539,1.3346
2020-11-11,sh.000300,4937.7582,4957.5846,4901.7067,4904.8981,4953.8756,16447051500,303858557977.1,-0.98867,1.128
2020-11-12,sh.000300,4916.7736,4926.3422,4891.51,4908.463,4904.8981,11811461900,227645907147.2,0.07268,0.7102
2020-11-13,sh.000300,4886.9778,4886.9778,4825.7578,4856.8513,4908.463,13369307900,255353111737.8,-1.051484,1.2472
2020-11-16,sh.000300,4880.958,4904.1716,4848.6239,4904.1716,4856.8513,14877098000,266705031671.5,0.9743,1.1437
2020-11-17,sh.000300,4903.12,4909.2902,4865.3942,4894.786,4904.1716,15148746400,288911408551.0,-0.19138,0.8951
2020-11-18,sh.000300,4889.6749,4911.0876,4870.7162,4891.6716,4894.786,16421661600,290727223227.2,-0.063627,0.8248
2020-11-19,sh.000300,4880.9224,4939.7911,4870.2005,4927.9891,4891.6716,13368137800,247727135000.5,0.742435,1.4226
2020-11-20,sh.000300,4928.2223,4947.4297,4922.5895,4943.2882,4927.9891,12940034100,229053679195.4,0.310453,0.5041
2020-11-23,sh.000300,4954.5987,5029.6515,4940.4494,5005.0273,4943.2882,20591518700,333633826416.7,1.248948,1.8045
2020-11-24,sh.000300,4997.0485,5001.0614,4960.9817,4974.2855,5005.0273,15663791100,264804443317.7,-0.614218,0.8008
2020-11-25,sh.000300,4992.7466,5004.7732,4910.7,4910.7,4974.2855,17034052700,277070642970.7,-1.278284,1.8912
2020-11-26,sh.000300,4908.3208,4925.2857,4867.8153,4919.5912,4910.7,13720233800,239748145475.7,0.181058,1.1703
2020-11-27,sh.000300,4930.5928,4980.765,4917.3479,4980.765,4919.5912,16295292200,253178971224.0,1.243473,1.2891
2020-11-30,sh.000300,4994.1063,5055.192,4960.2519,4960.2519,4980.765,26263895000,396495834420.8,-0.411846,1.9061
2020-12-01,sh.000300,4963.1302,5072.5494,4963.1302,5067.0983,4960.2519,20406563800,328451014444.2,2.154052,2.2059
2020-12-02,sh.000300,5072.9755,5090.6084,5043.3091,5067.1447,5067.0983,19543547600,310609728842.5,0.000916,0.9335
2020-12-03,sh.000300,5065.4531,5072.3046,5033.7887,5057.0603,5067.1447,17786574800,275335207429.1,-0.199015,0.7601
2020-12-04,sh.000300,5049.5231,5072.3865,5017.8506,5065.9163,5057.0603,14434716700,257798820735.0,0.175122,1.0784
2020-12-07,sh.000300,5065.7285,5067.8698,5014.609,5022.2351,5065.9163,13989621700,264657773932.9,-0.862257,1.0514
2020-12-08,sh.000300,5029.1063,5043.0605,4998.9218,5009.8786,5022.2351,12307302900,234880648439.1,-0.246036,0.8789
2020-12-09,sh.000300,5022.3846,5033.6417,4942.5195,4942.6986,5009.8786,13891696500,260772774152.9,-1.340951,1.8189
2020-12-10,sh.000300,4931.2933,4962.7433,4919.7696,4940.5249,4942.6986,12591427000,229651278357.4,-0.043978,0.8694
2020-12-11,sh.000300,4957.8236,4957.8236,4849.3547,4889.6292,4940.5249,15935769700,275212730069.9,-1.030168,2.1955
2020-12-14,sh.000300,4903.627,4937.2601,4887.6599,4934.8352,4889.6292,12080155200,247878279711.0,0.924528,1.0144
2020-12-15,sh.000300,4931.6019,4954.1885,4904.7926,4945.1,4934.8352,11834263300,248093390249.2,0.208007,1.001
2020-12-16,sh.000300,4957.2971,4968.8558,4938.1932,4953.867,4945.1,10677896800,229696035696.9,0.177287,0.6201
2020-12-17,sh.000300,4960.729,5021.6171,4950.3713,5017.4784,4953.867,13338547900,270180356109.3,1.284076,1.4382
2020-12-18,sh.000300,5014.3211,5027.4446,4979.0051,4999.9678,5017.4784,12804961800,258938551535.8,-0.348992,0.9654
2020-12-21,sh.000300,4995.7622,5048.5074,4969.999,5046.8396,4999.9678,14081178200,298204296843.3,0.937442,1.5702
2020-12-22,sh.000300,5034.9831,5055.1348,4960.9457,4964.7727,5046.8396,16234497000,326758817663.3,-1.626105,1.8663
2020-12-23,sh.000300,4977.2994,5028.4506,4968.1509,5007.1235,4964.7727,14029281900,308729037473.7,0.853026,1.2146
2020-12-24,sh.000300,5006.0051,5033.038,4979.2371,5000.0154,5007.1235,11441866700,246674476188.8,-0.14196,1.0745
2020-12-25,sh.000300,4985.7695,5042.0978,4973.6812,5042.0137,5000.0154,12100697900,243992268243.3,0.839963,1.3683
2020-12-28,sh.000300,5042.9432,5089.3447,5037.8582,5064.4147,5042.0137,13691440700,281019254170.5,0.444287,1.0211
2020-12-29,sh.000300,5071.449,5077.4167,5034.3078,5042.9361,5064.4147,14119866200,279035233253.8,-0.424108,0.8512
2020-12-30,sh.000300,5037.9848,5113.7105,5036.6288,5113.7105,5042.9361,14862644800,296577812603.0,1.403436,1.5285
2020-12-31,sh.000300,5122.4799,5215.6178,5122.4799,5211.2885,5113.7105,17160250900,358731371834.7,1.908164,1.8213
2021-01-04,sh.000300,5212.9313,5284.4343,5190.9372,5267.7181,5211.2885,21171138200,452796175554.0,1.082834,1.7941
2021-01-05,sh.000300,5245.8355,5368.5049,5234.3775,5368.5049,5267.7181,22493115900,498041939761.0,1.913291,2.5462
2021-01-06,sh.000300,5386.5144,5433.4694,5341.4304,5417.6677,5368.5049,19377344400,444434377137.3,0.915763,1.7144
2021-01-07,sh.000300,5428.3944,5513.6568,5413.3526,5513.6568,5417.6677,21987208000,473385353695.8,1.771779,1.8514
2021-01-08,sh.000300,5526.2876,5547.4733,5442.6939,5495.4306,5513.6568,20432495600,473567653978.6,-0.330565,1.9004
2021-01-11,sh.000300,5504.2358,5555.6916,5412.5046,5441.1583,5495.4306,23183598300,522298482544.3,-0.98759,2.6056
2021-01-12,sh.000300,5419.4996,5596.3525,5417.6272,5596.3525,5441.1583,22422018600,486233760739.8,2.852227,3.2847
2021-01-13,sh.000300,5609.2637,5644.7195,5535.1435,5577.9711,5596.3525,26156988600,546959736365.5,-0.328453,1.958
2021-01-14,sh.000300,5556.2125,5568.0179,5458.6818,5470.4563,5577.9711,24368338000,501890111879.0,-1.927489,1.9601
2021-01-15,sh.000300,5471.391,5500.6348,5390.2737,5458.0812,5470.4563,23863743500,475709920372.3,-0.226217,2.0174
2021-01-18,sh.000300,5438.1618,5541.4613,5410.775,5518.5205,5458.0812,20705186900,422717209153.0,1.107336,2.3944
2021-01-19,sh.000300,5525.969,5532.4793,5415.7166,5437.5234,5518.5205,21104342500,433205176449.9,-1.467732,2.1158
2021-01-20,sh.000300,5439.9111,5496.0493,5426.5357,5476.4336,5437.5234,17091326000,373770384496.4,0.715587,1.2784
2021-01-21,sh.000300,5492.9587,5593.1058,5490.5626,5564.9693,5476.4336,20995019700,453183684478.9,1.616667,1.8724
2021-01-22,sh.000300,5562.379,5573.6594,5513.8769,5569.776,5564.9693,19930002000,456622193435.6,0.086374,1.0743
2021-01-25,sh.000300,5564.1237,5655.4795,5543.2663,5625.9232,5569.776,19704701900,508166980802.0,1.008069,2.0147
2021-01-26,sh.000300,5600.9017,5600.9017,5505.9962,5512.9678,5625.9232,17190459000,415008069865.0,-2.007766,1.6869
2021-01-27,sh.000300,5505.7708,5534.9928,5449.6385,5528.0034,5512.9678,16019084100,376892605839.1,0.272732,1.5482
2021-01-28,sh.000300,5450.3695,5462.2352,5360.3766,5377.1427,5528.0034,17048558500,376166523177.5,-2.729027,1.8426
2021-01-29,sh.000300,5413.9684,5430.2015,5288.0955,5351.9646,5377.1427,18217878400,390287690019.0,-0.468243,2.6428
2021-02-01,sh.000300,5356.8535,5422.299,5342.0458,5417.6484,5351.9646,16631370600,346859083730.0,1.227284,1.4995
2021-02-02,sh.000300,5429.7032,5503.2145,5411.5173,5501.0915,5417.6484,16521056500,380016716111.9,1.540209,1.6926
2021-02-03,sh.000300,5499.2961,5532.8864,5473.1237,5485.2008,5501.0915,18805431700,404343602637.7,-0.288864,1.0864
2021-02-04,sh.000300,5453.9764,5510.0535,5411.5749,5473.9475,5485.2008,18057565400,397995205379.9,-0.205157,1.7954
2021-02-05,sh.000300,5494.7011,5550.7714,5477.6517,5483.414,5473.9475,18969959800,395400134490.0,0.172937,1.3358
2021-02-08,sh.000300,5506.1423,5576.4908,5479.8529,5564.5618,5483.414,16403377500,367582771658.8,1.479877,1.7624
2021-02-09,sh.000300,5584.165,5686.2502,5555.0537,5686.2502,5564.5618,16488726000,378769121171.9,2.186846,2.3577
2021-02-10,sh.000300,5709.684,5823.4219,5707.3295,5807.7191,5686.2502,17016978600,417056463360.9,2.136186,2.0416
2021-02-18,sh.000300,5922.0714,5930.9122,5747.6631,5768.3814,5807.7191,21884868600,507481235977.7,-0.677335,3.1553
2021-02-19,sh.000300,5734.0193,5787.8871,5667.3209,5778.842,5768.3814,21447578000,456433793702.1,0.181344,2.0901
2021-02-22,sh.000300,5785.5097,5785.5097,5597.3327,5597.3327,5778.842,28212438200,543633153216.5,-3.140929,3.2563
2021-02-23,sh.000300,5542.6841,5644.7551,5541.1092,5579.6681,5597.3327,23380772700,424904470814.2,-0.31559,1.8517
2021-02-24,sh.000300,5591.4795,5598.8284,5379.7278,5437.5683,5579.6681,22542861000,472369211004.2,-2.546743,3.9268
2021-02-25,sh.000300,5494.4706,5527.6296,5444.1646,5469.5584,5437.5683,23073602800,412206157140.7,0.588316,1.535
2021-02-26,sh.000300,5343.9041,5416.3197,5318.8579,5336.7609,5469.5584,21226454300,405717700127.9,-2.427938,1.7819
2021-03-01,sh.000300,5389.2499,5421.555,5345.9449,5418.7837,5336.7609,17746352300,358146545967.0,1.53694,1.4168
2021-03-02,sh.000300,5453.2847,5454.9687,5305.0545,5349.6301,5418.7837,19651111500,376444604695.3,-1.276183,2.7666
2021-03-03,sh.000300,5327.3467,5452.396,5316.4809,5452.2125,5349.6301,19470905400,337610313596.0,1.917561,2.5406
2021-03-04,sh.000300,5388.4785,5392.3725,5254.7771,5280.7058,5452.2125,21277521100,384382456961.0,-3.145635,2.5237
2021-03-05,sh.000300,5191.9699,5307.8203,5174.2458,5262.7958,5280.7058,20262795600,352539774294.9,-0.339159,2.5295
2021-03-08,sh.000300,5299.7907,5326.2602,5079.7984,5080.0246,5262.7958,23023163500,407133802141.7,-3.472892,4.6831
2021-03-09,sh.000300,5066.1546,5094.311,4917.909,4970.9994,5080.0246,23071100400,414415213806.0,-2.146155,3.4725
2021-03-10,sh.000300,5047.0589,5055.2785,4981.6161,5003.6121,4970.9994,16992849000,309577408714.9,0.656059,1.4818
2021-03-11,sh.000300,5024.5586,5138.4146,5020.5784,5128.2156,5003.6121,18960076600,333859199678.6,2.490271,2.355
2021-03-12,sh.000300,5153.674,5153.674,5086.8234,5146.3786,5128.2156,20102058900,323237751413.4,0.354178,1.3036
2021-03-15,sh.000300,5116.1228,5120.8757,4992.3989,5035.5441,5146.3786,20415308400,330740513807.9,-2.153641,2.4965
2021-03-16,sh.000300,5054.4089,5084.3085,5009.951,5079.3624,5035.5441,16139005400,271755048563.6,0.87018,1.4767
2021-03-17,sh.000300,5062.7706,5123.5452,5020.1255,5100.8581,5079.3624,14916237600,263492417709.0,0.423197,2.0361
2021-03-18,sh.000300,5114.5872,5160.4566,5111.1294,5141.7681,5100.8581,14290151800,260930046844.7,0.802022,0.967
2021-03-19,sh.000300,5068.5319,5089.9175,4980.7609,5007.0907,5141.7681,16417484900,282974489237.2,-2.619282,2.1229
2021-03-22,sh.000300,5008.3953,5071.3378,4996.541,5057.152,5007.0907,16740263200,264209098943.0,0.999808,1.4938
2021-03-23,sh.000300,5057.0632,5064.02,4966.534,5009.2459,5057.152,15801396700,255755377659.6,-0.947294,1.9277
2021-03-24,sh.000300,4985.4013,5024.3274,4919.8932,4928.6853,5009.2459,15938598200,265970020152.0,-1.608238,2.0848
2021-03-25,sh.000300,4904.0683,4950.7608,4883.6615,4926.3469,4928.6853,13294518900,219782049461.7,-0.047445,1.3614
2021-03-26,sh.000300,4953.9453,5050.8292,4953.9453,5037.9899,4926.3469,14592669700,273901922431.0,2.266243,1.9666
2021-03-29,sh.000300,5052.2634,5086.6543,5010.3902,5046.8773,5037.9899,14338821500,266176599970.5,0.176408,1.5138
2021-03-30,sh.000300,5043.0952,5106.0365,5032.795,5094.7291,5046.8773,13861856000,254928014461.3,0.948147,1.4512
2021-03-31,sh.000300,5085.9497,5085.9497,5015.607,5048.3607,5094.7291,14133574300,241058485554.4,-0.910125,1.3807
2021-04-01,sh.000300,5059.9359,5115.4286,5056.8718,5110.7768,5048.3607,12032489000,211493324391.1,1.236364,1.1599
2021-04-02,sh.000300,5129.8545,5169.8312,5116.3472,5161.5569,5110.7768,12700225400,248060376224.1,0.993589,1.0465
2021-04-06,sh.000300,5178.6401,5181.149,5125.3301,5140.3418,5161.5569,10983421000,213852444065.4,-0.411021,1.0814
2021-04-07,sh.000300,5141.6556,5141.6556,5065.1932,5103.7428,5140.3418,14576374800,246271190296.5,-0.711995,1.4875
2021-04-08,sh.000300,5078.2627,5129.1318,5062.0725,5112.2086,5103.7428,14177104700,228422004674.7,0.165874,1.3139
2021-04-09,sh.000300,5100.0422,5100.0422,5022.0926,5035.3374,5112.2086,12841650900,221519791677.6,-1.503679,1.5248
2021-04-12,sh.000300,5026.9791,5045.6018,4933.0126,4947.7459,5035.3374,15264431400,267218195772.7,-1.739536,2.236
2021-04-13,sh.000300,4949.8074,4994.5404,4924.1979,4939.6438,4947.7459,13291935800,225753230649.0,-0.163753,1.4217
2021-04-14,sh.000300,4945.6857,4987.1191,4940.2686,4980.6279,4939.6438,12086083800,221036276090.0,0.829697,0.9485
2021-04-15,sh.000300,4969.9099,4969.9099,4900.3033,4948.9741,4980.6279,10882938400,213820884103.5,-0.635538,1.3975
2021-04-16,sh.000300,4966.8999,4979.1731,4917.9596,4966.1811,4948.9741,11123992400,213389173713.5,0.347688,1.2369
2021-04-19,sh.000300,4966.409,5088.2106,4940.7473,5087.0165,4966.1811,15476982400,307899776737.5,2.433165,2.9694
2021-04-20,sh.000300,5065.7757,5119.8586,5058.9247,5083.3654,5087.0165,13654170000,276640588159.1,-0.071773,1.1978
2021-04-21,sh.000300,5055.2398,5110.5623,5047.9916,5098.7449,5083.3654,12463727700,242574995256.0,0.302546,1.2309
2021-04-22,sh.000300,5114.2799,5119.2246,5067.1382,5089.2435,5098.7449,12116764500,241488845756.1,-0.186348,1.0216
2021-04-23,sh.000300,5088.8263,5149.9825,5086.4914,5135.4534,5089.2435,12205699100,264345183118.9,0.907992,1.2476
2021-04-26,sh.000300,5156.5941,5181.1066,5072.9585,5077.2372,5135.4534,15138196700,325760384278.3,-1.133614,2.1059
2021-04-27,sh.000300,5076.6415,5095.9842,5042.6099,5090.5195,5077.2372,12396183700,254738009833.6,0.261605,1.0512
2021-04-28,sh.000300,5073.9728,5119.4455,5059.2628,5119.2421,5090.5195,12062031800,272182521893.2,0.564237,1.1823
2021-04-29,sh.000300,5128.2795,5170.5852,5113.6484,5164.1692,5119.2421,14009248000,294112454366.3,0.877612,1.1122
2021-04-30,sh.000300,5156.3557,5163.2517,5094.9285,5123.489,5164.1692,16012162100,315075102884.9,-0.787739,1.323
2021-05-06,sh.000300,5098.8006,5132.8986,5037.4083,5061.1244,5123.489,15882263000,323258264641.5,-1.217229,1.8638
2021-05-07,sh.000300,5073.4554,5093.7471,4996.037,4996.0527,5061.1244,17225832100,304638402155.0,-1.285716,1.9306
2021-05-10,sh.000300,5001.4371,5019.3927,4953.6965,4992.422,4996.0527,17082058500,282656808853.4,-0.072671,1.315
2021-05-11,sh.000300,4956.0794,5033.4938,4925.9152,5023.0595,4992.422,15152649700,270931616512.9,0.61368,2.1548
2021-05-12,sh.000300,5003.8171,5051.1682,4995.4048,5044.5481,5023.0595,12661908600,228344006493.0,0.427799,1.1101
2021-05-13,sh.000300,4992.3519,5022.0836,4975.4462,4992.9738,5044.5481,13227940600,237821404345.3,-1.022377,0.9245
2021-05-14,sh.000300,5007.6286,5112.9838,4981.2948,5110.5901,4992.9738,15942618000,318802786822.9,2.355636,2.6375
2021-05-17,sh.000300,5115.3063,5206.6947,5115.3063,5184.9853,5110.5901,15388963400,335439913424.1,1.455707,1.7882
2021-05-18,sh.000300,5190.9345,5201.6721,5156.7924,5187.6013,5184.9853,11840426100,238182265921.9,0.050453,0.8656
2021-05-19,sh.000300,5173.1666,5193.5574,5151.6392,5172.272,5187.6013,11872998300,250736278155.8,-0.295499,0.808
2021-05-20,sh.000300,5167.0546,5201.5935,5152.0358,5186.412,5172.272,13845477500,277088462047.3,0.273381,0.9581
2021-05-21,sh.000300,5199.1285,5216.1615,5123.1171,5134.1483,5186.412,12476848500,268053627530.6,-1.007704,1.794
2021-05-24,sh.000300,5138.8149,5155.5875,5092.3894,5155.5875,5134.1483,12674233600,278513133226.0,0.41758,1.2309
2021-05-25,sh.000300,5165.0361,5324.3609,5161.5238,5318.478,5155.5875,18299683900,404683305641.1,3.159494,3.1585
2021-05-26,sh.000300,5326.1169,5344.2837,5308.7389,5320.5927,5318.478,16960709600,346444644792.8,0.039761,0.6683
2021-05-27,sh.000300,5311.3726,5378.4764,5286.05,5338.2329,5320.5927,14846285500,311893705935.1,0.331546,1.7371
2021-05-28,sh.000300,5338.7278,5360.2774,5288.6515,5321.0886,5338.2329,16460580600,330711896344.2,-0.321161,1.3418
2021-05-31,sh.000300,5318.0825,5331.6294,5281.6851,5331.5696,5321.0886,14460326900,321450798233.5,0.196971,0.9386
2021-06-01,sh.000300,5320.4745,5343.7529,5269.259,5341.6798,5331.5696,14383147400,321845842153.4,0.189629,1.3972
2021-06-02,sh.000300,5348.344,5352.6404,5266.7852,5289.9736,5341.6798,13775431900,296176177153.5,-0.967976,1.6073
2021-06-03,sh.000300,5285.7098,5314.3691,5255.0719,5255.2855,5289.9736,14196887800,285448632488.9,-0.655733,1.1209
2021-06-04,sh.000300,5228.2761,5334.4899,5221.2291,5282.2772,5255.2855,14473208700,292326048775.5,0.513611,2.1552
2021-06-07,sh.000300,5284.8907,5286.8424,5242.9481,5277.6271,5282.2772,12770497100,280463260583.2,-0.088032,0.831
2021-06-08,sh.000300,5276.9711,5319.0406,5201.1404,5232.1165,5277.6271,13055953200,304042218266.2,-0.862331,2.234
2021-06-09,sh.000300,5224.9496,5253.3555,5215.3506,5236.4493,5232.1165,12182032100,255075448703.0,0.082812,0.7264
2021-06-10,sh.000300,5236.4691,5299.5299,5229.5182,5271.4661,5236.4493,13899196700,301454334609.8,0.668713,1.337
2021-06-11,sh.000300,5275.7456,5276.1039,5213.5991,5224.703,5271.4661,18080717300,365363494541.8,-0.887099,1.1857
2021-06-15,sh.000300,5218.5648,5225.5021,5137.409,5166.5597,5224.703,14288005800,330616618621.5,-1.112854,1.6861
2021-06-16,sh.000300,5163.2493,5164.5192,5076.0222,5080.4909,5166.5597,12514798500,298286772933.4,-1.665882,1.7129
2021-06-17,sh.000300,5074.3839,5123.3651,5073.8211,5101.8924,5080.4909,12045251800,281927280723.3,0.421249,0.9752
2021-06-18,sh.000300,5104.9297,5128.0309,5064.9208,5102.4657,5101.8924,14858580500,356697096115.9,0.011237,1.237
2021-06-21,sh.000300,5088.0893,5123.7827,5058.5699,5090.3854,5102.4657,13218451600,331527114639.0,-0.236754,1.2781
2021-06-22,sh.000300,5106.0743,5125.8186,5086.2776,5122.1583,5090.3854,13041675300,313690367125.4,0.624175,0.7768
2021-06-23,sh.000300,5127.191,5171.033,5109.7571,5147.3938,5122.1583,13635605800,358765666329.7,0.492673,1.1963
2021-06-24,sh.000300,5156.5638,5160.4346,5120.5844,5155.9738,5147.3938,12668562500,312607422609.3,0.166686,0.7742
2021-06-25,sh.000300,5159.8017,5251.6076,5157.4758,5239.9684,5155.9738,15493106100,368265641241.1,1.629073,1.8257
2021-06-28,sh.000300,5253.6081,5260.6372,5226.2201,5251.7604,5239.9684,13319378300,337452771675.6,0.22504,0.6568
2021-06-29,sh.000300,5248.5249,5248.5249,5182.6771,5190.5445,5251.7604,12516299700,314896843024.3,-1.165626,1.2538
2021-06-30,sh.000300,5189.3797,5231.4262,5186.625,5224.041,5190.5445,10375267100,281015504940.5,0.645337,0.8631
2021-07-01,sh.000300,5241.2039,5252.2642,5190.8762,5229.6642,5224.041,12724062000,324097400267.5,0.107641,1.1751
2021-07-02,sh.000300,5186.6613,5186.6613,5074.3621,5081.1172,5229.6642,13042642400,342578961248.3,-2.840469,2.1474
2021-07-05,sh.000300,5073.7787,5098.2305,5048.004,5085.7924,5081.1172,13121158900,335197786629.8,0.092011,0.9885
2021-07-06,sh.000300,5089.778,5092.2066,5028.5058,5083.1043,5085.7924,14065522000,362828901848.9,-0.052855,1.2525
2021-07-07,sh.000300,5052.4204,5152.7711,5045.4056,5140.4899,5083.1043,14854906000,336731403375.7,1.128948,2.1122
2021-07-08,sh.000300,5149.3095,5151.2171,5078.9295,5088.2566,5140.4899,17390100800,397879869879.7,-1.016115,1.4062
2021-07-09,sh.000300,5063.148,5081.4086,5006.4115,5069.4361,5088.2566,16065322600,352845583768.9,-0.369881,1.4739
2021-07-12,sh.000300,5108.3783,5159.4115,5070.3188,5132.7088,5069.4361,20621203900,437203145943.3,1.248121,1.7574
2021-07-13,sh.000300,5128.6138,5154.0508,5114.943,5142.0991,5132.7088,16648220900,361328491653.3,0.18295,0.7619
2021-07-14,sh.000300,5130.7522,5130.7522,5075.1252,5083.0849,5142.0991,18835272000,372568110291.6,-1.147667,1.0818
2021-07-15,sh.000300,5073.2634,5153.8056,5067.6767,5151.4626,5083.0849,18107710300,372484081122.6,1.345201,1.6944
2021-07-16,sh.000300,5140.904,5140.904,5090.6321,5094.7727,5151.4626,16995598200,362594258079.0,-1.100462,0.9759
2021-07-19,sh.000300,5083.7276,5120.8235,5047.6234,5113.4945,5094.7727,15319958900,340322623792.1,0.367471,1.4368
2021-07-20,sh.000300,5080.2158,5114.0033,5067.8619,5108.9941,5113.4945,12930004400,283543130755.2,-0.08801,0.9023
2021-07-21,sh.000300,5122.7843,5160.5447,5122.3046,5144.0428,5108.9941,16797646900,390275519305.4,0.68602,0.7485
2021-07-22,sh.000300,5150.3859,5171.2096,5137.8795,5151.7517,5144.0428,18555686400,418221654806.0,0.149861,0.6479
2021-07-23,sh.000300,5145.4308,5145.4308,5079.9973,5089.2282,5151.7517,21653684700,435521169695.0,-1.213636,1.2701
2021-07-26,sh.000300,5067.3072,5067.3072,4859.6031,4925.299,5089.2282,22811171000,495153655116.7,-3.221101,4.0812
2021-07-27,sh.000300,4924.2816,4940.86,4749.0327,4751.313,4925.299,23663122500,521146117041.1,-3.532496,3.8947
2021-07-28,sh.000300,4714.2948,4785.6567,4663.9009,4760.4826,4751.313,19263439300,419706155162.8,0.192991,2.5626
2021-07-29,sh.000300,4845.7603,4857.9709,4800.0125,4850.2746,4760.4826,17332205400,415676120877.6,1.886195,1.2175
2021-07-30,sh.000300,4825.7002,4825.7002,4761.0376,4811.1695,4850.2746,18234977600,420943935061.8,-0.806245,1.3332
2021-08-02,sh.000300,4794.8192,4938.8154,4761.4593,4933.736,4811.1695,22719491800,524659449295.5,2.547541,3.6863
2021-08-03,sh.000300,4909.2325,4957.0291,4890.8495,4934.4583,4933.736,20353336000,471194128401.9,0.01464,1.3414
2021-08-04,sh.000300,4927.7358,4979.2911,4919.6569,4978.8479,4934.4583,17546646100,425801406611.8,0.899584,1.2085
2021-08-05,sh.000300,4946.1668,4997.1397,4921.9382,4948.6703,4978.8479,16738182900,398772206808.2,-0.606116,1.5104
2021-08-06,sh.000300,4943.0427,4944.3486,4891.7968,4921.5647,4948.6703,15417968800,371773603785.1,-0.547735,1.0619
2021-08-09,sh.000300,4890.2573,5002.8944,4884.0392,4985.5627,4921.5647,18243687100,408897062935.4,1.300359,2.415
2021-08-10,sh.000300,4977.8164,5043.7608,4941.2399,5043.148,4985.5627,16705190200,410098755610.3,1.155041,2.0564
2021-08-11,sh.000300,5037.0819,5059.7887,5009.9782,5015.3406,5043.148,18226607400,373386347207.4,-0.55139,0.9877
2021-08-12,sh.000300,4998.0733,5016.2628,4962.985,4973.3509,5015.3406,16822373300,361828381964.4,-0.837225,1.0623
2021-08-13,sh.000300,4958.7577,4993.7432,4921.2812,4945.9829,4973.3509,15831432100,352459069035.5,-0.550293,1.457
2021-08-16,sh.000300,4935.9229,4973.3761,4931.3691,4941.0676,4945.9829,16195337300,340735120174.7,-0.09938,0.8493
2021-08-17,sh.000300,4935.0044,4967.5648,4823.3923,4837.4034,4941.0676,18757347200,388457131504.0,-2.098012,2.9178
2021-08-18,sh.000300,4838.4706,4909.5409,4818.9013,4894.2384,4837.4034,19747437800,395792165759.8,1.174907,1.8737
2021-08-19,sh.000300,4886.564,4893.467,4839.5681,4862.1394,4894.2384,20171171900,397424964846.0,-0.655853,1.1013
2021-08-20,sh.000300,4817.4937,4835.153,4720.8257,4769.2678,4862.1394,17763581000,404938035667.4,-1.910097,2.3514
2021-08-23,sh.000300,4777.7347,4843.8193,4764.0089,4835.8782,4769.2678,16757909300,389599126282.0,1.396659,1.6734
2021-08-24,sh.000300,4844.5925,4906.2036,4842.7476,4888.3902,4835.8782,19788316300,417481426158.2,1.085883,1.3122
2021-08-25,sh.000300,4890.5211,4899.7651,4865.7646,4898.1572,4888.3902,18944801600,371868197458.6,0.1998,0.6955
2021-08-26,sh.000300,4892.2044,4892.2044,4798.6954,4801.6094,4898.1572,19761738700,368987718505.9,-1.971105,1.9091
2021-08-27,sh.000300,4794.974,4863.4692,4793.5908,4827.0433,4801.6094,18331021100,368421410281.2,0.529695,1.4553
2021-08-30,sh.000300,4847.0348,4849.1598,4787.1999,4813.2703,4827.0433,21963575700,477182071719.8,-0.28533,1.2836
2021-08-31,sh.000300,4803.0854,4821.7564,4740.7524,4805.6099,4813.2703,23511865800,460805653996.0,-0.159152,1.6829
2021-09-01,sh.000300,4804.6863,4906.4024,4763.2992,4869.4587,4805.6099,32672108000,568819748405.8,1.328631,2.9778
2021-09-02,sh.000300,4865.8218,4892.7049,4845.6246,4869.4113,4869.4587,26785801300,465954132797.1,-0.000973,0.9668
2021-09-03,sh.000300,4875.0656,4886.5477,4828.6991,4843.0624,4869.4113,26809189600,466430119699.6,-0.541111,1.188
2021-09-06,sh.000300,4841.0623,4944.4497,4837.7859,4933.7262,4843.0624,24050724500,452756275291.9,1.872035,2.2024
2021-09-07,sh.000300,4932.9759,5005.9606,4915.6119,4992.8294,4933.7262,24417851900,417759639120.9,1.197942,1.8312
2021-09-08,sh.000300,4986.7953,5013.9764,4955.8876,4972.1324,4992.8294,26461531500,428591077708.1,-0.414534,1.1634
2021-09-09,sh.000300,4952.4924,4970.147,4929.9501,4970.0133,4972.1324,25653021700,401675689275.8,-0.04262,0.8084
2021-09-10,sh.000300,4967.9759,5042.7994,4962.3707,5013.5219,4970.0133,28830435200,472762533239.2,0.875422,1.6183
2021-09-13,sh.000300,5006.7748,5029.7237,4964.9599,4991.6598,5013.5219,24991529800,433329627421.1,-0.436063,1.2918
2021-09-14,sh.000300,4989.8348,5000.9772,4907.3159,4917.1617,4991.6598,24559040200,417245830782.2,-1.492451,1.8764
2021-09-15,sh.000300,4903.8471,4903.8471,4843.1158,4867.3187,4917.1617,18798473000,363256653878.3,-1.013654,1.2351
2021-09-16,sh.000300,4866.7936,4879.5306,4806.1442,4807.6978,4867.3187,21675209900,393517267165.6,-1.224923,1.5077
2021-09-17,sh.000300,4797.1129,4857.958,4786.0876,4855.9402,4807.6978,20195812700,360397420086.7,1.003441,1.4949
2021-09-22,sh.000300,4770.7323,4830.8496,4765.2301,4821.7675,4855.9402,19122037600,311952989432.1,-0.70373,1.3513
2021-09-23,sh.000300,4848.2223,4877.3359,4837.5571,4853.1957,4821.7675,22815106400,362140919563.0,0.651798,0.825
2021-09-24,sh.000300,4845.638,4897.0596,4838.5352,4849.4277,4853.1957,20769329000,361849453197.3,-0.07764,1.2059
2021-09-27,sh.000300,4870.8482,4922.5626,4852.1997,4877.3698,4849.4277,21596703000,426083025417.5,0.576194,1.451
2021-09-28,sh.000300,4869.0845,4901.3114,4846.6306,4883.828,4877.3698,17689088000,321272191534.0,0.132412,1.1211
2021-09-29,sh.000300,4846.0212,4868.0678,4799.877,4833.9281,4883.828,18817136600,331841767748.9,-1.021737,1.3963
2021-09-30,sh.000300,4843.9531,4876.0728,4843.9531,4866.3826,4833.9281,14611389600,283254685232.2,0.67139,0.6645
2021-10-08,sh.000300,4915.7305,4937.0918,4891.6249,4929.9409,4866.3826,16896807700,343635835306.4,1.306069,0.9343
2021-10-11,sh.000300,4941.2918,4983.7294,4930.7132,4936.1918,4929.9409,16351162400,315186321382.1,0.126795,1.0754
2021-10-12,sh.000300,4920.6596,4925.4883,4840.77,4883.8369,4936.1918,16807933700,299424238601.1,-1.060633,1.7163
2021-10-13,sh.000300,4880.144,4953.3749,4869.8307,4940.1089,4883.8369,13114281300,280044666628.4,1.152209,1.7106
2021-10-14,sh.000300,4934.2575,4953.9231,4903.2498,4913.6123,4940.1089,11955701300,249151666554.2,-0.536357,1.0258
2021-10-15,sh.000300,4896.5578,4939.8153,4881.0136,4932.1084,4913.6123,14282200100,300728491201.2,0.376426,1.1967
2021-10-18,sh.000300,4922.5137,4922.5137,4844.9383,4874.7753,4932.1084,14124519900,302539444437.0,-1.162446,1.5729
2021-10-19,sh.000300,4869.3907,4928.1433,4868.8106,4922.7232,4874.7753,13526649300,282928243806.8,0.983592,1.2171
2021-10-20,sh.000300,4926.7727,4944.0216,4898.3651,4910.1846,4922.7232,14153318300,279747732455.1,-0.254709,0.9275
2021-10-21,sh.000300,4914.7378,4946.1764,4893.8525,4928.0156,4910.1846,14889815400,274802962494.9,0.363143,1.0656
2021-10-22,sh.000300,4934.8698,4989.887,4934.8698,4959.7254,4928.0156,14392622800,289252612199.9,0.64346,1.1164
2021-10-25,sh.000300,4940.8962,4981.6499,4930.112,4979.5235,4959.7254,14186149000,299408232157.6,0.399177,1.0391
2021-10-26,sh.000300,4983.2383,5002.5746,4953.4787,4963.0984,4979.5235,14088894300,301786229740.4,-0.329853,0.986
2021-10-27,sh.000300,4949.2269,4949.2269,4884.9418,4898.1644,4963.0984,14711159300,299460469414.7,-1.308336,1.2953
2021-10-28,sh.000300,4882.5858,4898.6576,4846.2779,4864.138,4898.1644,15664947200,316631709566.3,-0.694677,1.0694
2021-10-29,sh.000300,4861.2667,4908.7701,4855.7593,4908.7701,4864.138,15988735300,368731987310.2,0.917575,1.0898
2021-11-01,sh.000300,4878.1276,4908.2056,4858.2485,4890.6851,4908.7701,17158397400,379730767559.0,-0.368422,1.0177
2021-11-02,sh.000300,4886.1849,4911.2266,4797.899,4839.8457,4890.6851,18543768800,385731879817.5,-1.039515,2.3172
2021-11-03,sh.000300,4835.8093,4858.7133,4804.3657,4821.1119,4839.8457,14276382000,302269934656.2,-0.387074,1.1229
2021-11-04,sh.000300,4841.0912,4873.9394,4834.7433,4868.7419,4821.1119,13259297000,308688054573.6,0.987946,0.813
2021-11-05,sh.000300,4858.8999,4889.6835,4841.7442,4842.3458,4868.7419,14778935900,312070841453.0,-0.542154,0.9846
2021-11-08,sh.000300,4841.1527,4866.0822,4827.6892,4848.1795,4842.3458,13739826400,295893824000.4,0.120473,0.7929
2021-11-09,sh.000300,4858.2525,4870.7905,4818.5386,4846.7444,4848.1795,11837552600,261645065376.2,-0.029601,1.0778
2021-11-10,sh.000300,4832.8006,4832.8006,4753.9959,4821.1925,4846.7444,13511817900,301058966270.5,-0.527197,1.6259
2021-11-11,sh.000300,4814.7655,4898.6529,4809.1109,4898.6529,4821.1925,16048486300,323624626069.0,1.606665,1.8573
2021-11-12,sh.000300,4902.9289,4909.0839,4875.3492,4888.3749,4898.6529,13266296900,271773244503.0,-0.209813,0.6887
2021-11-15,sh.000300,4894.4119,4906.3301,4863.396,4882.3777,4888.3749,12182314900,272997748910.2,-0.122683,0.8783
2021-11-16,sh.000300,4880.8964,4915.3717,4876.5004,4883.3206,4882.3777,12725440600,284094590893.0,0.019312,0.7962
2021-11-17,sh.000300,4883.2481,4891.5232,4864.5198,4885.7544,4883.3206,10845922300,246177916948.6,0.049839,0.553
2021-11-18,sh.000300,4871.4216,4871.4216,4830.4123,4837.6185,4885.7544,11448056500,244484713797.1,-0.98523,0.8394
2021-11-19,sh.000300,4832.0595,4892.8093,4829.5665,4890.0575,4837.6185,12719831200,266280681863.6,1.083984,1.3073
2021-11-22,sh.000300,4895.3875,4918.9957,4893.2732,4912.399,4890.0575,13809283600,316148811480.0,0.456876,0.526
2021-11-23,sh.000300,4905.7587,4927.5211,4896.8781,4913.3457,4912.399,15430441100,301022146081.1,0.019272,0.6238
2021-11-24,sh.000300,4914.0266,4935.4885,4899.6112,4916.6579,4913.3457,13715067300,289707337708.6,0.067412,0.7302
2021-11-25,sh.000300,4917.6055,4921.3333,4891.728,4896.4416,4916.6579,11598403100,255450994352.1,-0.41118,0.6021
2021-11-26,sh.000300,4886.9516,4886.9516,4850.8114,4860.1265,4896.4416,12036897400,243041335647.2,-0.741663,0.7381
2021-11-29,sh.000300,4820.0053,4858.5322,4818.7058,4851.423,4860.1265,13362686200,285995221656.8,-0.17908,0.8195
2021-11-30,sh.000300,4857.183,4871.2528,4810.2192,4832.026,4851.423,12963059600,279268234018.0,-0.399821,1.2581
2021-12-01,sh.000300,4831.8885,4844.5242,4823.9254,4843.851,4832.026,12308678900,255968912362.1,0.244721,0.4263
2021-12-02,sh.000300,4839.9137,4866.8505,4830.3228,4856.163,4843.851,14808852100,278051726155.7,0.254178,0.7541
2021-12-03,sh.000300,4856.9802,4901.0175,4853.3505,4901.0175,4856.163,14405962600,300052698342.0,0.923661,0.9816
2021-12-06,sh.000300,4909.4292,4943.9032,4888.6927,4892.6209,4901.0175,17361568300,333405791014.9,-0.171324,1.1265
2021-12-07,sh.000300,4930.8261,4934.0973,4895.2178,4922.1015,4892.6209,17905346000,340617766237.8,0.602552,0.7947
2021-12-08,sh.000300,4934.4056,4995.9298,4915.7898,4995.9298,4922.1015,15749055900,329064831238.9,1.499935,1.6282
2021-12-09,sh.000300,5000.6871,5114.5012,4999.4097,5078.6901,4995.9298,22056877600,425680958779.1,1.656555,2.3037
2021-12-10,sh.000300,5046.2677,5060.0554,5035.8087,5055.1172,5078.6901,19369515400,356917625379.5,-0.464153,0.4774
2021-12-13,sh.000300,5090.0207,5143.841,5079.7276,5083.8007,5055.1172,21180159600,426376532477.1,0.567415,1.2683
2021-12-14,sh.000300,5066.3497,5075.2138,5038.8583,5049.6953,5083.8007,15910779000,318685538073.5,-0.670864,0.7151
2021-12-15,sh.000300,5036.284,5060.368,5003.7776,5005.8991,5049.6953,15052975200,291072568760.8,-0.867304,1.1207
2021-12-16,sh.000300,5006.6105,5034.7321,4987.2247,5034.7321,5005.8991,14405386700,291474766866.2,0.57598,0.949
2021-12-17,sh.000300,5021.3385,5022.1067,4954.7592,4954.7599,5034.7321,14900539900,297943311186.6,-1.58841,1.3377
2021-12-20,sh.000300,4934.9662,4971.6727,4872.6846,4880.4178,4954.7599,16967569000,317536919390.0,-1.500418,1.9978
2021-12-21,sh.000300,4876.5141,4917.7994,4872.9491,4913.4853,4880.4178,14333989800,259023177322.6,0.677555,0.919
2021-12-22,sh.000300,4924.5771,4936.6731,4903.1652,4914.4544,4913.4853,13325674000,244642450513.7,0.019723,0.682
2021-12-23,sh.000300,4924.2912,4948.7389,4906.7473,4948.7389,4914.4544,13955540600,263359754800.7,0.697626,0.8545
2021-12-24,sh.000300,4953.0616,4964.9064,4905.9785,4921.3449,4948.7389,14267332300,290483663506.4,-0.553555,1.1908
2021-12-27,sh.000300,4918.1462,4939.689,4894.1598,4919.3238,4921.3449,12410095200,254421525172.7,-0.041068,0.9251
2021-12-28,sh.000300,4923.6917,4959.1448,4913.5983,4955.9644,4919.3238,13045775700,276316732181.2,0.74483,0.9259
2021-12-29,sh.000300,4958.6455,4958.6455,4883.4804,4883.4804,4955.9644,11358700200,273225467112.2,-1.462561,1.5167
2021-12-30,sh.000300,4882.1561,4940.178,4878.6478,4921.5109,4883.4804,12161717800,268022477311.8,0.778758,1.26
2021-12-31,sh.000300,4937.463,4950.3639,4923.1392,4940.3733,4921.5109,12131373700,266975388723.2,0.383264,0.5532
2022-01-04,sh.000300,4957.9835,4961.4527,4874.5337,4917.7653,4940.3733,15153477600,336516961627.0,-0.457617,1.7594
2022-01-05,sh.000300,4907.9347,4916.2822,4851.9835,4868.1202,4917.7653,17881610000,363944528847.9,-1.009505,1.3075
2022-01-06,sh.000300,4842.156,4857.5596,4786.433,4818.2318,4868.1202,15766582600,321750076549.2,-1.024798,1.4611
2022-01-07,sh.000300,4824.3181,4856.6522,4818.1931,4822.3689,4818.2318,18713941300,332218950735.0,0.085863,0.7982
2022-01-10,sh.000300,4812.23,4844.3928,4780.8191,4844.0451,4822.3689,15621169600,305033816783.5,0.449493,1.3183
2022-01-11,sh.000300,4840.0087,4850.879,4791.8854,4797.7735,4844.0451,14692800400,286445756033.7,-0.955226,1.2179
2022-01-12,sh.000300,4818.8902,4852.7314,4810.919,4845.5787,4797.7735,14320020400,293153042845.2,0.996404,0.8715
2022-01-13,sh.000300,4853.0314,4853.0632,4765.2416,4765.9191,4845.5787,14251965300,288799117043.3,-1.643965,1.8124
2022-01-14,sh.000300,4743.9124,4764.0522,4723.9428,4726.7317,4765.9191,14686312600,281828448517.4,-0.822242,0.8416
2022-01-17,sh.000300,4728.7595,4775.2385,4726.7083,4767.2762,4726.7317,11529569100,263788241676.0,0.85777,1.0267
2022-01-18,sh.000300,4766.7811,4826.3003,4747.92,4813.3472,4767.2762,15087080200,282749393138.7,0.966401,1.6441
2022-01-19,sh.000300,4815.8106,4828.7522,4755.9301,4780.3784,4813.3472,13392736000,275534557468.5,-0.684945,1.5129
2022-01-20,sh.000300,4778.2616,4845.0048,4777.5683,4823.5091,4780.3784,16497131500,304344267970.5,0.902244,1.4107
2022-01-21,sh.000300,4808.7733,4818.3052,4762.5641,4779.3142,4823.5091,13895258500,274699155293.8,-0.91624,1.1556
2022-01-24,sh.000300,4753.9413,4801.0976,4746.4479,4786.7377,4779.3142,11446388000,246261594852.9,0.155326,1.1435
2022-01-25,sh.000300,4761.95,4781.3908,4678.2472,4678.4511,4786.7377,13366758600,250555769168.0,-2.262221,2.1548
2022-01-26,sh.000300,4697.0991,4718.9946,4648.1283,4712.3109,4678.4511,10707084200,226553448356.8,0.72374,1.5147
2022-01-27,sh.000300,4708.0989,4708.4364,4616.0273,4619.8765,4712.3109,12126380400,250535654824.4,-1.961551,1.961
2022-01-28,sh.000300,4641.8137,4660.519,4559.8331,4563.772,4619.8765,12648011200,263967891828.3,-1.214416,2.1794
2022-02-07,sh.000300,4638.5754,4672.6535,4615.0052,4634.0899,4563.772,14484972000,266031793985.3,1.540785,1.2632
2022-02-08,sh.000300,4626.4365,4626.4365,4522.4709,4608.7729,4634.0899,15583070800,281364873762.5,-0.546321,2.2435
2022-02-09,sh.000300,4608.1491,4659.4611,4595.2826,4652.0609,4608.7729,14833554700,273771960506.0,0.939252,1.3925
2022-02-10,sh.000300,4657.2107,4657.2107,4608.0905,4639.8625,4652.0609,15157666600,287224388085.6,-0.262215,1.0559
2022-02-11,sh.000300,4617.8741,4662.5963,4595.8751,4601.3953,4639.8625,15597458400,307938016714.5,-0.829059,1.438
2022-02-14,sh.000300,4579.4202,4593.6324,4530.0566,4551.6878,4601.3953,14367389400,275737553466.7,-1.08027,1.3817
2022-02-15,sh.000300,4553.8112,4601.453,4550.543,4600.1025,4551.6878,11502560000,249977008675.0,1.063665,1.1185
2022-02-16,sh.000300,4619.8458,4643.1003,4607.2178,4617.9893,4600.1025,10725895500,210190931035.5,0.388835,0.78
2022-02-17,sh.000300,4616.8955,4650.1591,4606.9522,4629.1649,4617.9893,11001464300,227946249306.5,0.242001,0.9356
2022-02-18,sh.000300,4604.5669,4651.3415,4598.1003,4651.2358,4629.1649,10455022800,195825700477.9,0.476779,1.1501
2022-02-21,sh.000300,4646.0522,4646.6724,4613.2971,4634.3141,4651.2358,11251651200,215039182297.2,-0.363811,0.7176
2022-02-22,sh.000300,4601.9184,4602.066,4550.804,4574.1527,4634.3141,12331723700,246872960668.1,-1.298173,1.1061
2022-02-23,sh.000300,4582.0064,4625.2979,4579.2945,4623.0465,4574.1527,12295291600,259050146194.4,1.068915,1.0057
2022-02-24,sh.000300,4592.069,4610.8792,4488.4763,4529.3189,4623.0465,18440305800,342346666856.5,-2.027399,2.6477
2022-02-25,sh.000300,4564.6321,4611.8602,4561.8964,4573.4247,4529.3189,14972258300,271727599672.0,0.973784,1.1031
2022-02-28,sh.000300,4563.7427,4581.6459,4530.6764,4581.6459,4573.4247,13540697800,248363727482.7,0.17976,1.1145
2022-03-01,sh.000300,4597.855,4623.4312,4583.917,4619.6862,4581.6459,12313922000,260431185063.7,0.830276,0.8624
2022-03-02,sh.000300,4594.017,4594.017,4558.4416,4578.6007,4619.6862,11329832500,215299655365.1,-0.889357,0.7701
2022-03-03,sh.000300,4595.0249,4599.3973,4544.4313,4551.6283,4578.6007,13828587700,242701771996.2,-0.589097,1.2005
2022-03-04,sh.000300,4513.3636,4539.3925,4481.4927,4496.4301,4551.6283,12726680600,249970282271.0,-1.212713,1.2721
2022-03-07,sh.000300,4462.5174,4462.5174,4338.3042,4352.7775,4496.4301,16219770600,306898527658.4,-3.194814,2.7625
2022-03-08,sh.000300,4361.6424,4383.6467,4252.5386,4265.391,4352.7775,16786327700,315176698370.9,-2.007603,3.0121
2022-03-09,sh.000300,4280.9789,4304.482,4068.193,4226.3463,4265.391,19423290000,341009391865.7,-0.915384,5.5397
2022-03-10,sh.000300,4326.2035,4335.6731,4288.5078,4292.8374,4226.3463,14526638300,301636182195.2,1.573253,1.116
2022-03-11,sh.000300,4231.1961,4316.044,4176.4522,4306.5217,4292.8374,15239992100,295008832432.0,0.318771,3.2517
2022-03-14,sh.000300,4248.1526,4280.3609,4174.7577,4174.7577,4306.5217,13018723600,260691659460.8,-3.059639,2.4522
2022-03-15,sh.000300,4125.4866,4163.4176,3983.812,3983.812,4174.7577,20252469900,346988947367.8,-4.573815,4.3022
2022-03-16,sh.000300,4053.099,4168.5853,3942.861,4156.081,3983.812,19602198200,378883588290.3,4.324225,5.666
2022-03-17,sh.000300,4237.6722,4302.7426,4217.8038,4237.6956,4156.081,17940734400,385039197285.7,1.963739,2.0437
2022-03-18,sh.000300,4218.4736,4283.3679,4194.9402,4265.9017,4237.6956,14945830500,275791291072.6,0.6656,2.0867
2022-03-21,sh.000300,4280.1397,4287.8166,4223.024,4258.7459,4265.9017,12703636000,251214543321.0,-0.167744,1.5188
2022-03-22,sh.000300,4252.5658,4283.3344,4236.6888,4255.295,4258.7459,12638247000,226213533984.5,-0.081031,1.0953
2022-03-23,sh.000300,4269.6088,4287.5771,4241.957,4276.5174,4255.295,11708907800,226390778403.3,0.498729,1.0721
2022-03-24,sh.000300,4249.5328,4273.9568,4216.8506,4251.3061,4276.5174,10891827200,219594430540.4,-0.589529,1.3353
2022-03-25,sh.000300,4249.0731,4254.8449,4173.93,4174.5742,4251.3061,10880804600,217013187264.8,-1.804902,1.9033
2022-03-28,sh.000300,4128.8379,4174.1206,4091.2978,4148.4663,4174.5742,11844902100,213468973997.5,-0.625403,1.984
2022-03-29,sh.000300,4155.4182,4177.2134,4124.7179,4134.1441,4148.4663,10026697200,199463853668.2,-0.345241,1.2654
2022-03-30,sh.000300,4162.1666,4254.0989,4160.7351,4254.0989,4134.1441,13834602400,268869181171.3,2.901563,2.2584
2022-03-31,sh.000300,4234.7159,4247.3602,4214.5352,4222.5968,4254.0989,13402918500,238877216805.6,-0.740512,0.7716
2022-04-01,sh.000300,4198.8191,4290.671,4190.0835,4276.158,4222.5968,13380305300,244758870755.2,1.268442,2.3821
2022-04-06,sh.000300,4258.8325,4277.5238,4236.7283,4263.8411,4276.158,15906219500,253690929897.9,-0.288037,0.954
2022-04-07,sh.000300,4240.0237,4278.1127,4205.743,4209.0998,4263.8411,13488035300,216996185503.7,-1.283849,1.6973
2022-04-08,sh.000300,4213.2107,4237.8126,4175.5287,4230.7669,4209.0998,14284379300,229081764759.3,0.514768,1.4797
2022-04-11,sh.000300,4203.7902,4203.7902,4089.0934,4100.0703,4230.7669,14819707100,265224932471.5,-3.089194,2.711
2022-04-12,sh.000300,4102.9711,4179.9727,4075.796,4179.9727,4100.0703,14428568400,252830412756.4,1.948806,2.5409
2022-04-13,sh.000300,4154.4121,4194.0374,4139.737,4139.737,4179.9727,12509748900,221281029559.7,-0.962583,1.2991
2022-04-14,sh.000300,4172.6443,4217.0612,4155.5509,4191.5684,4139.737,12479131600,245993822040.5,1.252046,1.4859
2022-04-15,sh.000300,4162.3718,4211.3174,4152.974,4188.7472,4191.5684,12476226300,226229740275.2,-0.067307,1.3919
2022-04-18,sh.000300,4152.9306,4171.7427,4119.9941,4166.3844,4188.7472,11750461000,212855328186.8,-0.533878,1.2354
2022-04-19,sh.000300,4161.9328,4186.9389,4115.4184,4134.9017,4166.3844,11021747100,208570579128.8,-0.755636,1.7166
2022-04-20,sh.000300,4130.5427,4136.1661,4060.5044,4070.7889,4134.9017,11733165800,216536635695.2,-1.550528,1.8298
2022-04-21,sh.000300,4048.7338,4086.4393,3978.3669,3995.83,4070.7889,13278382800,227026679682.4,-1.841385,2.6548
2022-04-22,sh.000300,3967.2016,4037.084,3953.7217,4013.2498,3995.83,12210181100,206371766715.6,0.435949,2.0862
2022-04-25,sh.000300,3933.4459,3958.2102,3814.9127,3814.9127,4013.2498,16836450200,272889272275.2,-4.942057,3.5706
2022-04-26,sh.000300,3822.4887,3871.8498,3773.8986,3784.1198,3814.9127,15757761100,259626354225.4,-0.807172,2.5676
2022-04-27,sh.000300,3758.0835,3895.731,3757.0859,3895.5361,3784.1198,17273404600,296924102939.0,2.944312,3.6639
2022-04-28,sh.000300,3883.4196,3943.4349,3873.5781,3921.1073,3895.5361,15305658600,268502242452.9,0.656423,1.7933
2022-04-29,sh.000300,3939.6238,4017.4281,3898.5701,4016.241,3921.1073,17945837700,321414877428.2,2.426195,3.0312
2022-05-05,sh.000300,3995.3533,4039.7,3988.9312,4010.2102,4016.241,15417071600,290538230662.9,-0.15016,1.2641
2022-05-06,sh.000300,3928.8548,3947.2378,3902.051,3908.815,4010.2102,12300555100,214825174047.3,-2.528426,1.1268
2022-05-09,sh.000300,3883.9514,3914.1116,3854.9353,3877.4364,3908.815,9293669400,171756502863.8,-0.802765,1.5139
2022-05-10,sh.000300,3820.6278,3932.6823,3808.5699,3919.8684,3877.4364,13641691800,239060211932.9,1.094331,3.2009
2022-05-11,sh.000300,3917.9322,4033.3026,3916.5249,3976.4231,3919.8684,16563225600,309294912796.8,1.44277,2.9791
2022-05-12,sh.000300,3949.949,3985.9268,3935.5886,3958.74,3976.4231,11337606600,202029156415.1,-0.444699,1.2659
2022-05-13,sh.000300,3983.8201,4003.8539,3957.1392,3988.6002,3958.74,10996835700,195727044922.1,0.754285,1.18
2022-05-16,sh.000300,4014.9955,4018.0283,3947.7461,3956.5378,3988.6002,11242529400,199717909541.0,-0.803851,1.7621
2022-05-17,sh.000300,3961.7605,4005.8934,3955.1018,4005.8934,3956.5378,10966145400,210117539690.9,1.247444,1.2837
2022-05-18,sh.000300,4015.0134,4017.341,3964.7503,3991.9069,4005.8934,10807423300,201800666052.1,-0.349148,1.3128
2022-05-19,sh.000300,3938.2964,3999.5984,3933.7452,3999.5984,3991.9069,11629342000,210206681641.5,0.192677,1.6497
2022-05-20,sh.000300,4020.8162,4077.6016,4020.8162,4077.5998,3999.5984,14706917300,265609089942.6,1.950231,1.4198
2022-05-23,sh.000300,4080.9694,4080.9694,4029.0846,4053.9823,4077.5998,13047781000,225981540919.1,-0.579201,1.2724
2022-05-24,sh.000300,4052.8675,4055.783,3959.1541,3959.1541,4053.9823,14555433600,247713039712.6,-2.339137,2.3836
2022-05-25,sh.000300,3959.7672,3983.6236,3946.8083,3983.1784,3959.1541,10773401500,188700537391.3,0.606804,0.9299
2022-05-26,sh.000300,3987.6815,4015.7468,3938.2389,3993.0446,3983.1784,12626368900,216987025401.0,0.247697,1.9459
2022-05-27,sh.000300,4022.7095,4051.1428,3983.3838,4001.2988,3993.0446,11276933700,206944426227.2,0.206714,1.6969
2022-05-30,sh.000300,4020.8584,4040.819,4003.3768,4029.0179,4001.2988,11115224100,211144721615.5,0.692753,0.9358
2022-05-31,sh.000300,4031.7621,4096.1971,4020.3781,4091.5176,4029.0179,13541551300,267770088726.0,1.551239,1.8818
2022-06-01,sh.000300,4086.6177,4094.9008,4058.8468,4083.1772,4091.5176,11485087900,225416237873.3,-0.203846,0.8812
2022-06-02,sh.000300,4063.9996,4091.152,4057.9135,4089.5682,4083.1772,11389363800,222657537906.0,0.15652,0.814
2022-06-06,sh.000300,4090.5286,4166.6151,4063.9057,4166.085,4089.5682,16787101100,324075626903.1,1.871024,2.5115
2022-06-07,sh.000300,4165.6899,4198.0863,4155.1683,4179.1285,4166.085,14299288100,285733722332.6,0.313088,1.0302
2022-06-08,sh.000300,4187.1483,4224.8096,4158.0329,4219.8122,4179.1285,15737405700,319480252836.5,0.973497,1.5979
2022-06-09,sh.000300,4211.7225,4227.4484,4160.8814,4175.6747,4219.8122,16844915400,285172804211.6,-1.045959,1.5775
2022-06-10,sh.000300,4145.6505,4241.3541,4140.2203,4238.9936,4175.6747,18479621400,324091440663.3,1.516375,2.422
2022-06-13,sh.000300,4194.4574,4218.2327,4156.7146,4189.3527,4238.9936,16847562200,336585670508.0,-1.171054,1.4512
2022-06-14,sh.000300,4143.2232,4224.0857,4102.929,4222.3114,4189.3527,17138590400,335418557931.6,0.786725,2.892
2022-06-15,sh.000300,4228.2926,4348.4226,4228.2926,4278.2178,4222.3114,25704659000,459766820664.8,1.324071,2.8451
2022-06-16,sh.000300,4282.0827,4302.9212,4241.075,4250.0614,4278.2178,18407441600,337235911542.4,-0.658134,1.4456
2022-06-17,sh.000300,4219.2339,4318.7655,4218.6817,4309.0444,4250.0614,15864909800,346675726828.8,1.387815,2.3549
2022-06-20,sh.000300,4322.8324,4368.3555,4297.8912,4330.4328,4309.0444,16566638200,359569296859.8,0.496361,1.6353
2022-06-21,sh.000300,4327.9159,4357.3396,4287.1406,4325.5657,4330.4328,16466761500,317163317740.3,-0.112393,1.6211
2022-06-22,sh.000300,4331.902,4333.1827,4269.2456,4270.6227,4325.5657,15856585400,298656263311.3,-1.270192,1.4781
2022-06-23,sh.000300,4277.9555,4343.8781,4260.9002,4343.8781,4270.6227,17088236000,327144780543.7,1.715333,1.943
2022-06-24,sh.000300,4354.553,4400.6852,4346.1221,4394.7723,4343.8781,16897219900,356054750521.5,1.17163,1.2561
2022-06-27,sh.000300,4414.3321,4472.6948,4414.3321,4444.2639,4394.7723,17738567600,381432966327.9,1.126147,1.328
2022-06-28,sh.000300,4442.5811,4497.8949,4407.3519,4490.5166,4444.2639,17475648900,361685970663.6,1.040728,2.0373
2022-06-29,sh.000300,4472.7346,4503.1307,4413.9961,4421.357,4490.5166,18727668800,395926107698.5,-1.540126,1.985
2022-06-30,sh.000300,4418.0656,4514.9968,4418.0656,4485.0108,4421.357,15666628900,354343886760.3,1.439689,2.1923
2022-07-01,sh.000300,4489.5204,4500.9853,4449.2914,4466.7179,4485.0108,14477959900,318492130199.6,-0.407867,1.1526
2022-07-04,sh.000300,4447.2159,4496.0338,4427.8232,4496.0303,4466.7179,14634565100,356968521261.0,0.65624,1.5271
2022-07-05,sh.000300,4505.4572,4530.3245,4439.4511,4489.5383,4496.0303,15496241500,361891850839.3,-0.144394,2.0212
2022-07-06,sh.000300,4475.4815,4484.3615,4393.4165,4423.9698,4489.5383,14980023500,344672707728.0,-1.460473,2.0257
2022-07-07,sh.000300,4425.2814,4457.3431,4391.1938,4443.4736,4423.9698,13266090600,328133133656.5,0.440866,1.4952
2022-07-08,sh.000300,4468.0627,4479.4937,4426.8856,4428.781,4443.4736,12319573900,304031107302.5,-0.330656,1.1839
2022-07-11,sh.000300,4406.1476,4406.1476,4330.5819,4354.6167,4428.781,13444857800,299195233430.3,-1.674598,1.7062
2022-07-12,sh.000300,4352.6456,4370.3411,4296.6215,4313.6184,4354.6167,13018783800,291072311850.2,-0.94149,1.6929
2022-07-13,sh.000300,4313.3589,4341.4663,4284.9419,4321.4617,4313.6184,13111317900,286075545406.5,0.181826,1.3104
2022-07-14,sh.000300,4308.8229,4352.0978,4292.7595,4322.0742,4321.4617,14525092600,301569861036.8,0.014173,1.3731
2022-07-15,sh.000300,4299.4714,4344.8572,4248.5273,4248.5273,4322.0742,15021445300,316793192669.9,-1.701658,2.2288
2022-07-18,sh.000300,4262.1539,4300.7777,4217.5064,4292.5858,4248.5273,12260119200,281055128639.5,1.03703,1.96
2022-07-19,sh.000300,4288.4441,4288.4441,4238.8238,4269.3401,4292.5858,10380573000,231117731807.1,-0.541531,1.156
2022-07-20,sh.000300,4291.2808,4303.3668,4269.9717,4283.8027,4269.3401,9449014400,212301881407.6,0.338755,0.7822
2022-07-21,sh.000300,4270.3624,4283.1471,4236.0499,4236.0578,4283.8027,11715634400,239228146811.6,-1.114545,1.0994
2022-07-22,sh.000300,4251.7867,4275.4696,4207.3135,4238.2341,4236.0578,10384062400,224295333457.3,0.051376,1.609
2022-07-25,sh.000300,4233.9277,4234.8448,4201.919,4212.6441,4238.2341,8363666400,188136426672.8,-0.603789,0.7769
2022-07-26,sh.000300,4220.0911,4259.9854,4214.5343,4245.9758,4212.6441,8582327400,197601406373.7,0.79123,1.0789
2022-07-27,sh.000300,4236.154,4242.0951,4217.2809,4225.0357,4245.9758,7890494000,194245303807.0,-0.493175,0.5844
2022-07-28,sh.000300,4242.2743,4267.9181,4223.029,4225.6733,4225.0357,10753193000,243871486472.0,0.015091,1.0625
2022-07-29,sh.000300,4226.4245,4243.5143,4160.8735,4170.1019,4225.6733,11417928600,253198574647.5,-1.31509,1.9557
2022-08-01,sh.000300,4160.6478,4196.5743,4129.4528,4188.6784,4170.1019,10774902900,251125308597.5,0.445469,1.6096
2022-08-02,sh.000300,4144.3765,4144.3765,4071.431,4107.024,4188.6784,14222442500,281013555279.9,-1.949407,1.7415
2022-08-03,sh.000300,4114.8251,4150.9804,4058.1792,4066.9754,4107.024,11666612400,268695834765.4,-0.975125,2.2596
2022-08-04,sh.000300,4089.4419,4108.1591,4064.6594,4101.5367,4066.9754,8953264400,216898674902.2,0.849804,1.0696
2022-08-05,sh.000300,4109.6287,4159.485,4097.8625,4156.9111,4101.5367,10257100400,247325902015.1,1.350089,1.5024
2022-08-08,sh.000300,4142.1111,4155.7301,4135.0809,4148.0746,4156.9111,9020813800,224080812054.7,-0.212574,0.4967
2022-08-09,sh.000300,4143.666,4161.8086,4131.4252,4156.2907,4148.0746,8413695900,214223692260.1,0.19807,0.7325
2022-08-10,sh.000300,4149.2071,4160.7871,4092.5455,4109.7373,4156.2907,8556583900,217447368470.0,-1.120071,1.6419
2022-08-11,sh.000300,4130.741,4193.8115,4116.0558,4193.5428,4109.7373,12138505100,269630998406.8,2.039194,1.892
2022-08-12,sh.000300,4185.4203,4202.4663,4175.0501,4191.152,4193.5428,10680829500,219208055254.9,-0.057011,0.6538
2022-08-15,sh.000300,4180.0006,4219.9183,4174.3,4185.6794,4191.152,10589849500,245539800985.4,-0.130575,1.0884
2022-08-16,sh.000300,4190.5269,4208.8006,4170.5197,4177.837,4185.6794,9390613900,233818584731.5,-0.187363,0.9146
2022-08-17,sh.000300,4182.5668,4222.7866,4155.1734,4216.9586,4177.837,11286465900,252044325051.7,0.936408,1.6184
2022-08-18,sh.000300,4205.7851,4211.9141,4173.541,4180.0996,4216.9586,10105265000,233115491389.8,-0.874066,0.91
2022-08-19,sh.000300,4174.5458,4185.6579,4151.0738,4151.0738,4180.0996,11740297800,262494128152.3,-0.694381,0.8274
2022-08-22,sh.000300,4135.1623,4183.6498,4134.2008,4181.3965,4151.0738,11244272000,259747163698.2,0.730478,1.1912
2022-08-23,sh.000300,4175.5314,4187.3875,4147.4127,4161.0823,4181.3965,10315351200,239101330833.1,-0.485823,0.956
2022-08-24,sh.000300,4168.5764,4174.1565,4079.0934,4082.4195,4161.0823,11906967900,262844309316.1,-1.890441,2.2846
2022-08-25,sh.000300,4093.2949,4119.6196,4058.7454,4116.2396,4082.4195,11132074500,242149581477.5,0.828433,1.4911
2022-08-26,sh.000300,4127.8142,4139.7879,4102.6818,4107.5455,4116.2396,9900049300,225519196800.4,-0.211215,0.9015
2022-08-29,sh.000300,4063.8825,4092.9474,4059.5963,4089.5205,4107.5455,9435443200,203086114712.3,-0.438827,0.8119
2022-08-30,sh.000300,4088.5262,4093.1356,4048.5244,4075.7937,4089.5205,9330166200,192649001277.8,-0.335658,1.0909
2022-08-31,sh.000300,4057.1443,4112.8485,4046.6225,4078.8402,4075.7937,13244976500,292974665546.2,0.074746,1.6249
2022-09-01,sh.000300,4066.1869,4090.8852,4041.1281,4043.7395,4078.8402,9738707100,210898503453.9,-0.860556,1.2199
2022-09-02,sh.000300,4054.8423,4056.1805,4004.911,4023.6131,4043.7395,8678927800,184468327005.7,-0.497718,1.2679
2022-09-05,sh.000300,4010.4052,4016.9986,3982.7395,4015.4264,4023.6131,9376710900,201118696559.4,-0.203466,0.8515
2022-09-06,sh.000300,4024.4726,4054.004,4009.5826,4052.2802,4015.4264,11350626500,235921838118.4,0.917805,1.1063
2022-09-07,sh.000300,4032.7231,4067.5437,4028.374,4054.983,4052.2802,10767805900,215147152182.0,0.066698,0.9666
2022-09-08,sh.000300,4059.1689,4067.758,4036.0226,4037.6839,4054.983,10088604900,186889047980.8,-0.426613,0.7826
2022-09-09,sh.000300,4050.5853,4099.0081,4042.2498,4093.7874,4037.6839,11842711400,221442547204.1,1.389497,1.4057
2022-09-13,sh.000300,4112.0123,4128.1113,4097.1408,4111.1145,4093.7874,11178973700,218521062135.8,0.423254,0.7565
2022-09-14,sh.000300,4058.0441,4089.0583,4047.9187,4065.359,4111.1145,9079368100,185484965110.5,-1.112971,1.0007
2022-09-15,sh.000300,4078.6495,4088.8078,3998.8564,4027.1186,4065.359,12395119600,254367492776.0,-0.94064,2.2126
2022-09-16,sh.000300,4013.5829,4019.4104,3932.6826,3932.6826,4027.1186,13719365500,241251840050.3,-2.345002,2.1536
2022-09-19,sh.000300,3928.4239,3953.6494,3910.3106,3928.0001,3932.6826,9771957500,183574440581.8,-0.119066,1.102
2022-09-20,sh.000300,3945.6467,3957.5538,3921.6884,3932.8361,3928.0001,8482413400,179248153537.9,0.123116,0.9131
2022-09-21,sh.000300,3921.3177,3924.3914,3884.2268,3903.7348,3932.8361,8645839100,168939074342.6,-0.739957,1.0213
2022-09-22,sh.000300,3875.1771,3900.2736,3860.2308,3869.344,3903.7348,8094691900,161134102784.4,-0.880972,1.0258
2022-09-23,sh.000300,3865.1049,3888.3958,3829.6913,3856.0212,3869.344,9434246200,172904807364.4,-0.344317,1.5172
2022-09-26,sh.000300,3829.5958,3893.3186,3827.9498,3836.6773,3856.0212,10452603100,192906200253.8,-0.501654,1.6952
2022-09-27,sh.000300,3844.0692,3893.0283,3827.9265,3892.295,3836.6773,8886016000,185955247353.4,1.449632,1.6968
2022-09-28,sh.000300,3879.4398,3879.4398,3828.0545,3828.7098,3892.295,8659221300,172438042788.2,-1.633617,1.3202
2022-09-29,sh.000300,3864.316,3873.1823,3808.6496,3827.1434,3828.7098,8565414200,171635940007.5,-0.040912,1.6855
2022-09-30,sh.000300,3833.3504,3848.6018,3801.2798,3804.8853,3827.1434,7855996600,158692748773.3,-0.581585,1.2365
2022-10-10,sh.000300,3806.5596,3807.4574,3715.7142,3720.9365,3804.8853,10264759500,194635904094.3,-2.206342,2.4112
2022-10-11,sh.000300,3732.0191,3739.8084,3706.0629,3727.6867,3720.9365,8394462500,166800394853.2,0.181411,0.9069
2022-10-12,sh.000300,3722.8659,3784.3064,3661.5255,3784.3064,3727.6867,10808931900,210931362291.5,1.518896,3.2938
2022-10-13,sh.000300,3756.4176,3783.596,3749.6393,3752.6729,3784.3064,9901891500,198368891548.5,-0.835913,0.8973
2022-10-14,sh.000300,3783.316,3863.2265,3780.8415,3842.4698,3752.6729,11624229300,256551271975.0,2.392878,2.1954
2022-10-17,sh.000300,3822.2428,3849.6207,3809.1196,3846.4119,3842.4698,10419201900,220488874406.8,0.102593,1.054
2022-10-18,sh.000300,3865.8258,3870.2155,3831.1723,3838.2667,3846.4119,8834690700,186556295765.5,-0.211761,1.0151
2022-10-19,sh.000300,3827.4658,3840.487,3776.5335,3776.5335,3838.2667,8157484400,186736408229.7,-1.608361,1.6662
2022-10-20,sh.000300,3746.5793,3804.2468,3726.7925,3754.9269,3776.5335,9029089500,203781618922.2,-0.572128,2.0509
2022-10-21,sh.000300,3753.8903,3768.6895,3724.69,3742.8929,3754.9269,9875003800,180686357677.0,-0.320486,1.1718
2022-10-24,sh.000300,3727.915,3762.158,3619.9876,3633.3733,3742.8929,13005686400,259450743134.0,-2.926068,3.7984
2022-10-25,sh.000300,3621.9356,3670.7327,3594.7011,3627.4542,3633.3733,11095388200,219302759596.7,-0.162909,2.0926
2022-10-26,sh.000300,3633.3107,3700.8797,3633.3107,3656.9027,3627.4542,12130154800,242453810571.9,0.811823,1.8627
2022-10-27,sh.000300,3667.6645,3685.0837,3631.0639,3631.1448,3656.9027,11799867500,257473315676.0,-0.704364,1.4772
2022-10-28,sh.000300,3605.1598,3618.864,3533.4993,3541.3295,3631.1448,11877216200,245816451977.6,-2.473471,2.3509
2022-10-31,sh.000300,3504.507,3553.3871,3495.9509,3508.7034,3541.3295,13846565500,256574822102.2,-0.921295,1.6219
2022-11-01,sh.000300,3519.8174,3634.1732,3517.6209,3634.1732,3508.7034,14928669800,295089928407.3,3.575959,3.3218
2022-11-02,sh.000300,3620.3693,3703.465,3610.8029,3677.8051,3634.1732,14159291900,291648245712.0,1.2006,2.5497
2022-11-03,sh.000300,3645.0604,3670.1574,3628.4987,3647.8966,3677.8051,11056603500,215379297964.4,-0.813216,1.1327
2022-11-04,sh.000300,3646.7709,3782.8823,3646.7709,3767.1746,3647.8966,14973494900,311145477555.0,3.269775,3.7312
2022-11-07,sh.000300,3754.5227,3792.7942,3746.3715,3775.2971,3767.1746,12982637100,251195699936.5,0.215613,1.2323
2022-11-08,sh.000300,3773.6612,3779.1156,3723.3415,3749.3251,3775.2971,9901645100,193351324896.7,-0.687946,1.4773
2022-11-09,sh.000300,3750.7821,3760.4068,3711.268,3714.2704,3749.3251,8943452500,172029529943.6,-0.93496,1.3106
2022-11-10,sh.000300,3685.8274,3701.5306,3665.0585,3685.6885,3714.2704,10350930200,183155308702.9,-0.769516,0.9819
2022-11-11,sh.000300,3787.7568,3828.9004,3747.0902,3788.4387,3685.6885,18968558600,344471326267.1,2.787816,2.2197
2022-11-14,sh.000300,3818.1447,3848.4116,3781.7778,3794.0171,3788.4387,16966504800,315536856084.6,0.147248,1.7589
2022-11-15,sh.000300,3788.926,3871.6424,3775.4988,3865.9726,3794.0171,15151565000,296268142768.9,1.896552,2.5341
2022-11-16,sh.000300,3860.811,3877.6781,3829.3126,3834.3899,3865.9726,12061096400,235844588244.6,-0.816941,1.2511
2022-11-17,sh.000300,3821.2709,3821.7419,3776.5739,3818.664,3834.3899,10594063200,219540811334.9,-0.410128,1.178
2022-11-18,sh.000300,3823.8207,3840.3018,3801.5686,3801.5686,3818.664,11507877700,224276131007.5,-0.44768,1.0143
2022-11-21,sh.000300,3769.627,3769.8731,3733.9954,3769.1269,3801.5686,9586696600,188230373665.4,-0.853377,0.9438
2022-11-22,sh.000300,3766.0817,3809.8582,3751.0448,3769.5727,3769.1269,14448633400,203490828432.2,0.011828,1.5604
2022-11-23,sh.000300,3760.2157,3791.1782,3753.2136,3773.5287,3769.5727,14452791100,201070601177.9,0.104946,1.0071
2022-11-24,sh.000300,3791.5399,3804.8987,3751.3818,3756.8082,3773.5287,10107344700,160698921546.2,-0.4431,1.4182
2022-11-25,sh.000300,3751.2822,3790.566,3743.4138,3775.7764,3756.8082,14292971100,191711040706.5,0.504902,1.2551
2022-11-28,sh.000300,3701.902,3736.0813,3672.1306,3733.2424,3775.7764,12782574800,196305561705.9,-1.126497,1.6937
2022-11-29,sh.000300,3766.5702,3854.7742,3766.5702,3848.4224,3733.2424,17870139200,289062336430.7,3.085254,2.3627
2022-11-30,sh.000300,3836.5598,3867.6591,3833.8272,3853.0365,3848.4224,15751140000,250051468093.3,0.119896,0.8791
2022-12-01,sh.000300,3921.2954,3944.5645,3893.8718,3894.7687,3853.0365,16996458500,306678195716.4,1.083099,1.3157
2022-12-02,sh.000300,3886.4034,3898.1146,3865.8844,3870.9478,3894.7687,11678635000,201253166362.9,-0.611613,0.8275
2022-12-05,sh.000300,3907.6375,3947.476,3900.6742,3946.8759,3870.9478,20174722100,296615512326.6,1.961486,1.2091
2022-12-06,sh.000300,3929.0063,3988.9007,3922.9969,3968.1979,3946.8759,15510832300,275583430840.8,0.540225,1.6698
2022-12-07,sh.000300,3956.6722,3999.5864,3944.1831,3958.4409,3968.1979,14300135600,255490829027.1,-0.24588,1.3962
2022-12-08,sh.000300,3953.199,3971.4927,3941.2966,3959.1798,3958.4409,11519998600,198037690481.4,0.018666,0.7628
2022-12-09,sh.000300,3961.9919,4003.3178,3944.4396,3998.2442,3959.1798,15377495400,268166789656.9,0.986679,1.4871
2022-12-12,sh.000300,3976.1722,3983.4332,3950.3203,3953.4433,3998.2442,12593536800,227606300936.9,-1.120514,0.8282
2022-12-13,sh.000300,3953.5482,3964.3957,3939.9795,3945.6813,3953.4433,10099410000,184020700110.0,-0.196335,0.6176
2022-12-14,sh.000300,3952.7885,3972.7381,3935.7668,3954.8857,3945.6813,9852800600,196175108617.2,0.233278,0.937
2022-12-15,sh.000300,3954.672,3963.5002,3926.4997,3951.9885,3954.8857,8886472500,181994889123.4,-0.073256,0.9356
2022-12-16,sh.000300,3931.2318,3960.4705,3929.4873,3954.227,3951.9885,9317856700,167488442588.9,0.056642,0.784
2022-12-19,sh.000300,3952.7707,3966.5679,3878.4367,3893.2207,3954.227,10691907500,180801387702.4,-1.542812,2.2288
2022-12-20,sh.000300,3881.2257,3881.2729,3811.4759,3829.0173,3893.2207,8309682200,164046440873.7,-1.649108,1.7928
2022-12-21,sh.000300,3839.0009,3853.7272,3821.4037,3830.5384,3829.0173,6483921500,123450040359.8,0.039726,0.8442
2022-12-22,sh.000300,3859.2041,3882.1263,3821.3418,3836.028,3830.5384,8370517300,163970306950.9,0.143311,1.5868
2022-12-23,sh.000300,3811.6164,3848.3436,3805.9487,3828.2188,3836.028,6527814800,130559415565.7,-0.203575,1.1052
2022-12-26,sh.000300,3830.5682,3856.8066,3827.5186,3843.4887,3828.2188,7300571200,148692832422.1,0.398877,0.7651
2022-12-27,sh.000300,3860.9054,3891.8497,3856.58,3887.854,3843.4887,7751535000,152032206630.9,1.154298,0.9176
2022-12-28,sh.000300,3874.9132,3884.7205,3854.9406,3871.2644,3887.854,8442465600,160671122030.7,-0.426703,0.766
2022-12-29,sh.000300,3854.2363,3868.2933,3838.4803,3856.7007,3871.2644,7939481500,149011372437.3,-0.3762,0.7701
2022-12-30,sh.000300,3873.9358,3887.5527,3868.7569,3871.6338,3856.7007,7877327200,148295049381.5,0.387199,0.4874
2023-01-03,sh.000300,3864.8356,3893.9904,3831.245,3887.8992,3871.6338,11505187500,207540165953.2,0.420117,1.6206
2023-01-04,sh.000300,3886.2504,3905.9032,3873.6549,3892.9477,3887.8992,11066074300,198997711686.0,0.129852,0.8295
2023-01-05,sh.000300,3913.4928,3974.875,3912.26,3968.5782,3892.9477,11650239500,256312608292.0,1.942757,1.6084
2023-01-06,sh.000300,3969.5493,4000.4143,3966.4696,3980.8888,3968.5782,11095303800,235744305582.2,0.310202,0.8553
2023-01-09,sh.000300,3998.5278,4023.0898,3990.7073,4013.1196,3980.8888,11705442500,233212426458.1,0.809638,0.8134
2023-01-10,sh.000300,4014.7125,4030.4574,4002.2297,4017.4737,4013.1196,10175114100,214871166239.5,0.108497,0.7034
2023-01-11,sh.000300,4019.8844,4043.3991,4008.0153,4010.0309,4017.4737,9999788900,203000262960.6,-0.185261,0.8807
2023-01-12,sh.000300,4021.7547,4030.2876,4003.5079,4017.8692,4010.0309,9055262700,183686268106.8,0.195467,0.6678
2023-01-13,sh.000300,4032.2906,4074.3772,4027.8864,4074.3772,4017.8692,9587189600,212173997498.4,1.406417,1.1571
2023-01-16,sh.000300,4077.8793,4177.1035,4076.6394,4137.9643,4074.3772,15139545500,319007749371.3,1.560658,2.4658
2023-01-17,sh.000300,4138.8433,4148.5838,4118.157,4137.2422,4137.9643,9547904000,204381576523.4,-0.017451,0.7353
2023-01-18,sh.000300,4140.1019,4151.4577,4125.7687,4130.3143,4137.2422,8420064500,172126171819.2,-0.167452,0.6209
2023-01-19,sh.000300,4125.5772,4156.0077,4105.9797,4156.0077,4130.3143,9460839800,192699589774.1,0.622069,1.2112
2023-01-20,sh.000300,4166.8444,4189.831,4161.6698,4181.5267,4156.0077,12355380900,222342455100.7,0.614027,0.6776
2023-01-30,sh.000300,4267.6248,4268.1522,4197.8596,4201.345,4181.5267,16460706400,330193322092.2,0.473949,1.681
2023-01-31,sh.000300,4200.5813,4212.7347,4153.0484,4156.8578,4201.345,12455083500,249365321627.1,-1.05888,1.4206
2023-02-01,sh.000300,4170.1322,4195.9332,4137.7659,4195.9332,4156.8578,14100895400,265553944709.3,0.940023,1.3993
2023-02-02,sh.000300,4207.4123,4207.4123,4170.5565,4181.1493,4195.9332,13382373600,262497434837.0,-0.352339,0.8784
2023-02-03,sh.000300,4162.0258,4162.0258,4103.1654,4141.6319,4181.1493,11704122100,226914770043.9,-0.945132,1.4078
2023-02-06,sh.000300,4103.8307,4105.9445,4065.2224,4086.8779,4141.6319,11019271700,226345113968.7,-1.322039,0.9832
2023-02-07,sh.000300,4098.3117,4107.3438,4077.9623,4094.2335,4086.8779,9136007200,183537351577.1,0.179981,0.7189
2023-02-08,sh.000300,4099.8573,4111.4745,4072.6474,4076.1411,4094.2335,8478609900,170591751817.3,-0.4419,0.9483
2023-02-09,sh.000300,4067.5631,4130.8565,4064.7489,4130.8565,4076.1411,10228996100,211722604859.2,1.342333,1.6218
2023-02-10,sh.000300,4124.0986,4125.2893,4092.3472,4106.3097,4130.8565,9671673300,195348320573.4,-0.59423,0.7975
2023-02-13,sh.000300,4098.8795,4146.45,4092.2729,4143.574,4106.3097,12889257700,251990181553.9,0.907489,1.3194
2023-02-14,sh.000300,4151.247,4152.0487,4125.2583,4145.2902,4143.574,10249989000,204915435749.9,0.041418,0.6466
2023-02-15,sh.000300,4146.8547,4153.7159,4115.9671,4123.6893,4145.2902,12166450800,219855528966.4,-0.521095,0.9106
2023-02-16,sh.000300,4125.4087,4167.9003,4068.8591,4093.4876,4123.6893,15931058500,281315625588.6,-0.732395,2.4018
2023-02-17,sh.000300,4086.2237,4104.6398,4032.9285,4034.507,4093.4876,11614258900,225737746955.0,-1.44084,1.7518
2023-02-20,sh.000300,4039.9623,4134.8623,4035.4762,4133.4896,4034.507,16179448100,280122962150.4,2.4534,2.4634
2023-02-21,sh.000300,4130.0632,4151.7994,4116.2716,4144.3536,4133.4896,14577617300,249674201048.2,0.262829,0.8595
2023-02-22,sh.000300,4118.9669,4134.8759,4101.8596,4106.9506,4144.3536,10429029500,191586158991.2,-0.902505,0.7967
2023-02-23,sh.000300,4106.2136,4132.3896,4088.2073,4103.6463,4106.9506,10356490600,197193582430.1,-0.080456,1.0758
2023-02-24,sh.000300,4100.9897,4102.6094,4048.2374,4061.0457,4103.6463,10098942500,191210465053.2,-1.038116,1.325
2023-02-27,sh.000300,4040.4571,4067.0296,4034.5237,4043.8444,4061.0457,9378763000,187959491145.3,-0.423568,0.8004
2023-02-28,sh.000300,4058.1298,4074.2639,4026.4476,4069.4587,4043.8444,11032359100,198799712379.1,0.633415,1.1824
2023-03-01,sh.000300,4068.7331,4135.4812,4061.2167,4126.9415,4069.4587,15601579400,255374791015.7,1.412542,1.8249
2023-03-02,sh.000300,4119.9919,4137.2525,4113.8264,4117.7377,4126.9415,14821763700,235953764969.5,-0.223017,0.5676
2023-03-03,sh.000300,4126.0183,4135.2116,4100.3827,4130.5513,4117.7377,16033174100,226914545628.4,0.311181,0.8458
2023-03-06,sh.000300,4131.1525,4132.8367,4088.4484,4109.0102,4130.5513,16297180700,283079861971.5,-0.521507,1.0746
2023-03-07,sh.000300,4103.6419,4124.9609,4046.5679,4048.8519,4109.0102,19591206800,272491994009.2,-1.464058,1.9078
2023-03-08,sh.000300,4030.7387,4037.287,4011.5231,4034.1077,4048.8519,11793649300,191659655190.9,-0.364158,0.6363
2023-03-09,sh.000300,4035.8433,4043.8493,4000.8901,4019.8505,4034.1077,11653962900,201737990686.8,-0.353416,1.0649
2023-03-10,sh.000300,3991.7959,4004.3612,3966.428,3967.1352,4019.8505,12385540900,218286956131.0,-1.311375,0.9436
2023-03-13,sh.000300,3962.6426,4008.686,3962.6426,4008.686,3967.1352,14356137000,242865516757.6,1.047375,1.1606
2023-03-14,sh.000300,3999.8803,4001.9415,3946.9405,3984.6956,4008.686,15054417400,267224848810.5,-0.59846,1.372
2023-03-15,sh.000300,4011.8444,4018.7495,3986.902,3986.902,3984.6956,14202600700,232101093978.6,0.055372,0.7992
2023-03-16,sh.000300,3958.1962,3981.321,3936.4758,3939.1505,3986.902,15251564400,246264286428.0,-1.197709,1.1248
2023-03-17,sh.000300,3971.1585,4004.2153,3945.2501,3958.8194,3939.1505,17743381800,305541015556.1,0.499318,1.4969
2023-03-20,sh.000300,3962.6625,3979.5485,3935.0161,3939.077,3958.8194,20526497000,319760032638.0,-0.498694,1.1249
2023-03-21,sh.000300,3948.1573,3982.7047,3948.1573,3982.3782,3939.077,14509067900,251631985016.9,1.099273,0.877
2023-03-22,sh.000300,3993.7849,4016.4495,3986.7093,3999.4427,3982.3782,14922897000,265180992104.1,0.4285,0.7468
2023-03-23,sh.000300,3985.9928,4039.0895,3983.9986,4039.0895,3999.4427,15888742100,296479529467.0,0.991308,1.3775
2023-03-24,sh.000300,4035.1564,4037.8417,4017.0028,4027.0457,4039.0895,15944233000,295785588943.1,-0.298181,0.5159
2023-03-27,sh.000300,4023.3028,4023.3028,3987.0297,4012.4771,4027.0457,16848227900,315474696948.0,-0.361769,0.9007
2023-03-28,sh.000300,4015.6973,4023.7834,3994.5999,3999.5147,4012.4771,13189511700,248736920971.8,-0.323052,0.7273
2023-03-29,sh.000300,4013.5926,4017.7572,3992.6662,4006.144,3999.5147,13374351000,263866922733.1,0.165753,0.6274
2023-03-30,sh.000300,4009.5573,4040.5023,3983.8958,4038.5257,4006.144,14990103700,280004715991.0,0.808301,1.413
2023-03-31,sh.000300,4045.4538,4063.5675,4039.9587,4050.9257,4038.5257,13884254600,279863685781.0,0.307043,0.5846
2023-04-03,sh.000300,4059.6227,4094.9376,4059.0607,4090.5676,4050.9257,18212431300,382895558426.0,0.978589,0.8856
2023-04-04,sh.000300,4089.2932,4103.1583,4080.0682,4103.1052,4090.5676,19714663100,394443175146.2,0.3065,0.5645
2023-04-06,sh.000300,4084.132,4098.8332,4078.4048,4096.64,4103.1052,15070337400,328981851588.3,-0.157568,0.4979
2023-04-07,sh.000300,4096.9009,4131.3126,4092.1848,4123.2799,4096.64,12867673800,286567771883.1,0.650287,0.9551
2023-04-10,sh.000300,4132.0096,4132.2952,4099.0519,4104.8118,4123.2799,15245300200,340822557207.6,-0.447898,0.8062
2023-04-11,sh.000300,4108.5062,4116.1247,4083.4946,4100.1479,4104.8118,15390133300,324192951998.7,-0.11362,0.7949
2023-04-12,sh.000300,4102.3968,4108.2451,4090.2784,4097.2876,4100.1479,16596527800,325425226403.2,-0.069761,0.4382
2023-04-13,sh.000300,4081.3871,4088.8809,4059.5744,4068.9786,4097.2876,15644429500,300291020752.9,-0.690921,0.7153
2023-04-14,sh.000300,4078.9703,4098.2151,4075.2049,4091.9988,4068.9786,15069568200,306201501438.7,0.565749,0.5655
2023-04-17,sh.000300,4090.0719,4149.3836,4089.509,4149.3836,4091.9988,18877309500,341831272792.7,1.402366,1.4632
2023-04-18,sh.000300,4139.3088,4169.6678,4138.4618,4162.032,4149.3836,17018413000,331545662315.6,0.304826,0.7521
2023-04-19,sh.000300,4159.3938,4159.3938,4118.6261,4124.5589,4162.032,16255459200,312219504522.6,-0.900356,0.9795
2023-04-20,sh.000300,4122.9461,4125.8231,4094.0022,4113.0192,4124.5589,16270667700,332172409512.0,-0.27978,0.7715
2023-04-21,sh.000300,4114.2642,4114.2642,4031.9123,4032.5672,4113.0192,18080243500,347852011602.5,-1.956033,2.0022
2023-04-24,sh.000300,4031.303,4033.6367,3967.907,3982.6429,4032.5672,17009921700,328375614674.3,-1.238028,1.63
2023-04-25,sh.000300,3985.1055,3991.6868,3925.436,3962.6658,3982.6429,17255540900,331110619767.7,-0.501604,1.6635
2023-04-26,sh.000300,3950.2553,3975.6562,3934.6625,3959.2323,3962.6658,16270200600,322062811333.5,-0.086646,1.0345
2023-04-27,sh.000300,3948.0313,3999.1302,3942.8152,3988.4185,3959.2323,15382819500,304804002557.4,0.737168,1.4224
2023-04-28,sh.000300,3993.2561,4030.4469,3993.2561,4029.0858,3988.4185,17950848800,328936294025.2,1.019635,0.9325
2023-05-04,sh.000300,4013.4713,4035.7832,4001.1259,4030.2471,4029.0858,22758284600,345492506049.3,0.028823,0.8602
2023-05-05,sh.000300,4031.0946,4047.6015,3998.392,4016.8774,4030.2471,20662692400,307694489937.0,-0.331734,1.221
2023-05-08,sh.000300,4028.1056,4070.7724,4018.9608,4062.6624,4016.8774,25558308500,359539954170.1,1.139816,1.2898
2023-05-09,sh.000300,4065.439,4092.8501,4026.3886,4027.8754,4062.6624,27930604800,396422120420.6,-0.856261,1.6359
2023-05-10,sh.000300,4017.9358,4019.0587,3984.6287,3996.8695,4027.8754,20755270900,309484851741.1,-0.769783,0.8548
2023-05-11,sh.000300,4005.7823,4018.0579,3988.4816,3990.6637,3996.8695,14480461900,241052071431.6,-0.155267,0.74
2023-05-12,sh.000300,3987.769,3999.3831,3937.5274,3937.7622,3990.6637,14442172800,228992923388.1,-1.325632,1.55
2023-05-15,sh.000300,3938.83,3998.8872,3923.0317,3998.8872,3937.7622,17625736200,279531163508.4,1.552278,1.9264
2023-05-16,sh.000300,4002.5237,4005.015,3966.9921,3978.2054,3998.8872,13683327100,234840652671.0,-0.517189,0.9508
2023-05-17,sh.000300,3971.7017,3982.6044,3945.7137,3960.165,3978.2054,11844818500,205195685976.4,-0.453481,0.9273
2023-05-18,sh.000300,3965.5162,3982.7178,3939.5526,3956.0701,3960.165,13653394700,229134184412.9,-0.103402,1.09
2023-05-19,sh.000300,3946.2215,3967.2816,3928.316,3944.5403,3956.0701,12021247900,207094944781.3,-0.291446,0.985
2023-05-22,sh.000300,3941.0015,3985.4031,3935.8015,3969.3277,3944.5403,10911660500,202185550245.9,0.628398,1.2575
2023-05-23,sh.000300,3968.2346,3971.939,3913.1882,3913.1882,3969.3277,11868507700,189955815340.0,-1.414333,1.4801
2023-05-24,sh.000300,3903.7818,3903.7818,3859.0935,3859.0935,3913.1882,13725826500,211768410520.2,-1.382369,1.142
2023-05-25,sh.000300,3851.4053,3861.3815,3817.8365,3850.4996,3859.0935,12415077000,213313620055.3,-0.222692,1.1284
2023-05-26,sh.000300,3848.4174,3859.6291,3815.5701,3850.9511,3850.4996,10032643900,191537814872.5,0.011726,1.1442
2023-05-29,sh.000300,3862.0838,3866.7238,3819.1822,3833.9416,3850.9511,13185996700,230095604813.4,-0.441696,1.2345
2023-05-30,sh.000300,3827.7924,3844.0052,3789.2736,3837.7531,3833.9416,13761962900,244566265534.9,0.099415,1.4276
2023-05-31,sh.000300,3827.1634,3827.1634,3781.4034,3798.5434,3837.7531,12638736800,235606123947.6,-1.021684,1.1924
2023-06-01,sh.000300,3788.5902,3832.2051,3786.7344,3806.8679,3798.5434,13456188100,241829546409.4,0.21915,1.1971
2023-06-02,sh.000300,3821.6198,3865.2843,3821.6198,3861.8337,3806.8679,12501511000,232696547130.8,1.443859,1.147
2023-06-05,sh.000300,3860.5557,3860.5557,3832.4578,3844.2492,3861.8337,11616398900,211144360143.7,-0.455341,0.7276
2023-06-06,sh.000300,3840.4587,3867.8452,3802.8449,3808.1629,3844.2492,12578125800,222091722592.2,-0.938709,1.6908
2023-06-07,sh.000300,3815.4823,3823.1124,3780.1021,3789.3418,3808.1629,9886243200,189879792179.6,-0.49423,1.1294
2023-06-08,sh.000300,3791.0826,3834.3888,3777.7752,3820.1867,3789.3418,11870093400,199119300649.7,0.813991,1.494
2023-06-09,sh.000300,3822.4088,3836.7026,3811.2189,3836.7026,3820.1867,13431986300,247296087070.9,0.432332,0.6671
2023-06-12,sh.000300,3827.3253,3859.7156,3813.8577,3844.4324,3836.7026,12675854300,240791270473.5,0.20147,1.1952
2023-06-13,sh.000300,3838.1287,3867.3034,3833.4598,3864.9074,3844.4324,11092494600,225435215314.9,0.532588,0.8803
2023-06-14,sh.000300,3872.7155,3891.6656,3862.0609,3864.0247,3864.9074,12495575900,243932581183.9,-0.022839,0.766
2023-06-15,sh.000300,3871.7746,3925.4994,3871.7746,3925.4994,3864.0247,12836993800,282635910894.2,1.59095,1.3904
2023-06-16,sh.000300,3932.2114,3968.0128,3928.5419,3963.3509,3925.4994,13976007600,280374762837.8,0.964247,1.0055
2023-06-19,sh.000300,3957.0327,3957.0327,3922.4742,3930.9079,3963.3509,13490584800,268213068579.8,-0.818575,0.872
2023-06-20,sh.000300,3926.094,3937.4945,3918.473,3924.2377,3930.9079,12252031800,266274081286.8,-0.169686,0.4839
2023-06-21,sh.000300,3909.1044,3920.1276,3864.0323,3864.0323,3924.2377,11834657500,243630705591.5,-1.534194,1.4295
2023-06-26,sh.000300,3833.4436,3841.2862,3801.0537,3809.6962,3864.0323,13399041900,247713845779.5,-1.406202,1.0412
2023-06-27,sh.000300,3811.6872,3851.8957,3806.3242,3845.4334,3809.6962,11699268100,210097713687.6,0.938059,1.1962
2023-06-28,sh.000300,3836.6086,3846.8516,3808.1607,3840.7986,3845.4334,10702154100,206187959876.8,-0.120527,1.0062
2023-06-29,sh.000300,3836.7305,3840.7132,3817.3759,3821.8435,3840.7986,9828927400,204110031407.8,-0.49352,0.6076
2023-06-30,sh.000300,3816.3345,3860.0311,3813.552,3842.4516,3821.8435,10126842900,208146272909.0,0.539219,1.2161
2023-07-03,sh.000300,3853.2919,3897.3273,3853.2919,3892.8821,3842.4516,13315805100,256876520211.7,1.312456,1.146
2023-07-04,sh.000300,3888.0328,3899.9755,3878.3978,3899.0133,3892.8821,10949452700,216335611421.8,0.157498,0.5543
2023-07-05,sh.000300,3895.1945,3899.5188,3864.1301,3868.8054,3899.0133,9763638400,188400265050.6,-0.774758,0.9076
2023-07-06,sh.000300,3857.0304,3876.8901,3836.4573,3842.7547,3868.8054,10012184200,184742420862.3,-0.673353,1.0451
2023-07-07,sh.000300,3831.5955,3844.8438,3819.0772,3825.6988,3842.7547,10090692000,173918560673.0,-0.443846,0.6705
2023-07-10,sh.000300,3841.5591,3865.4566,3831.92,3844.3269,3825.6988,9203344100,185360813110.7,0.48692,0.8766
2023-07-11,sh.000300,3853.7955,3870.6549,3844.5244,3869.4861,3844.3269,8651071600,177585694368.3,0.65445,0.6797
2023-07-12,sh.000300,3864.6013,3874.0403,3838.5632,3843.4369,3869.4861,11152202400,214046519056.1,-0.673195,0.9168
2023-07-13,sh.000300,3855.662,3901.1023,3855.662,3898.4229,3843.4369,12030023200,235278706834.5,1.430647,1.1823
2023-07-14,sh.000300,3904.6033,3908.4871,3893.7862,3899.1027,3898.4229,12236484600,220230466522.9,0.017438,0.3771
2023-07-17,sh.000300,3881.6225,3881.6225,3852.2626,3867.1749,3899.1027,9834014400,174623552807.4,-0.81885,0.753
2023-07-18,sh.000300,3871.0444,3871.0444,3844.5129,3854.9393,3867.1749,9143861500,167104315117.1,-0.316396,0.6861
2023-07-19,sh.000300,3848.4826,3860.0092,3830.4073,3850.8663,3854.9393,7958570000,151311481029.8,-0.105657,0.7679
2023-07-20,sh.000300,3857.7725,3875.6241,3818.7134,3823.6946,3850.8663,9204207600,174320872139.8,-0.7056,1.4779
2023-07-21,sh.000300,3816.9835,3849.5109,3808.803,3821.91,3823.6946,7950756300,157144211209.3,-0.046672,1.0646
2023-07-24,sh.000300,3803.3492,3828.7853,3798.8048,3805.221,3821.91,7548354500,151448369566.2,-0.436666,0.7844
2023-07-25,sh.000300,3866.6445,3915.8148,3866.6445,3915.1153,3805.221,16306632000,299853562168.1,2.887987,1.2922
2023-07-26,sh.000300,3908.174,3912.9834,3893.3987,3907.0128,3915.1153,10788171700,192912604792.0,-0.206954,0.5002
2023-07-27,sh.000300,3914.2298,3935.3578,3894.6923,3902.3458,3907.0128,11066710900,196845425513.0,-0.119452,1.0408
2023-07-28,sh.000300,3889.7929,4000.919,3886.5535,3992.7376,3902.3458,17973548100,310092467404.5,2.316345,2.9307
2023-07-31,sh.000300,4018.8895,4064.3621,4002.0784,4014.6301,3992.7376,19960683000,366544120003.6,0.548308,1.5599
2023-08-01,sh.000300,4009.1831,4031.7008,3983.0273,3998.001,4014.6301,14228685900,255620773637.6,-0.414213,1.2124
2023-08-02,sh.000300,3985.6951,4008.3343,3958.5127,3969.895,3998.001,12585569000,204875690923.8,-0.703001,1.2462
2023-08-03,sh.000300,3962.1296,4004.9996,3962.1296,4004.9839,3969.895,12900664000,224809824820.3,0.883875,1.0799
2023-08-04,sh.000300,4033.7239,4058.2431,4011.6202,4020.5792,4004.9839,17826718900,316529733837.7,0.389397,1.1641
2023-08-07,sh.000300,4002.9677,4002.9677,3977.0173,3990.1531,4020.5792,12131066200,227090572750.9,-0.756759,0.6454
2023-08-08,sh.000300,3980.0423,4002.2904,3963.4632,3979.7322,3990.1531,10987169900,202611335313.8,-0.261165,0.9731
2023-08-09,sh.000300,3967.3566,3982.1091,3961.8434,3967.5652,3979.7322,9464026900,174394242765.3,-0.305724,0.5092
2023-08-10,sh.000300,3962.8569,3976.4637,3945.3869,3975.7166,3967.5652,9717684900,175646730198.2,0.205451,0.7833
2023-08-11,sh.000300,3977.9834,3977.9834,3884.2538,3884.2538,3975.7166,12608293100,203546314647.4,-2.300536,2.3576
2023-08-14,sh.000300,3840.8872,3859.4718,3814.0711,3855.9061,3884.2538,11596633600,197623765246.4,-0.729811,1.1688
2023-08-15,sh.000300,3858.3662,3865.284,3811.6839,3846.5357,3855.9061,10309711100,177437071692.5,-0.243014,1.3901
2023-08-16,sh.000300,3830.8274,3852.4198,3817.6324,3818.3338,3846.5357,9461694600,169323869027.6,-0.733177,0.9044
2023-08-17,sh.000300,3801.1969,3836.1507,3782.4967,3831.1008,3818.3338,9841549300,174093848242.9,0.334361,1.4052
2023-08-18,sh.000300,3832.4554,3844.195,3784.0038,3784.0038,3831.1008,9554963800,168445686988.2,-1.229333,1.5711
2023-08-21,sh.000300,3773.225,3782.1112,3729.555,3729.555,3784.0038,9870836900,173379942906.6,-1.43892,1.3889
2023-08-22,sh.000300,3748.0675,3770.0556,3704.6785,3758.2271,3729.555,12031832700,203463879671.8,0.768781,1.7529
2023-08-23,sh.000300,3751.7736,3756.1659,3695.0309,3696.6339,3758.2271,9708163800,160476231586.9,-1.63889,1.6267
2023-08-24,sh.000300,3711.5403,3748.8567,3701.5717,3723.4293,3696.6339,11961452100,196257391083.7,0.724859,1.2791
2023-08-25,sh.000300,3703.5136,3734.2185,3695.8442,3709.1517,3723.4293,10518261000,175601437172.9,-0.383453,1.0306
2023-08-28,sh.000300,3911.5485,3911.5485,3740.5279,3752.6194,3709.1517,19799037900,335047670966.8,1.171904,4.6108
2023-08-29,sh.000300,3743.0534,3810.3772,3742.0758,3790.1067,3752.6194,15248614600,262134936751.0,0.998964,1.8201
2023-08-30,sh.000300,3803.1191,3813.7032,3780.2411,3788.5097,3790.1067,12967166100,226727480838.7,-0.042136,0.8829
2023-08-31,sh.000300,3786.9261,3793.9972,3762.0046,3765.2678,3788.5097,11896164600,193577001342.0,-0.613484,0.8445
2023-09-01,sh.000300,3778.9129,3808.5306,3778.9129,3791.4912,3765.2678,10531904500,172219141586.1,0.696455,0.7866
2023-09-04,sh.000300,3812.9873,3854.2605,3804.5886,3848.9517,3791.4912,14238520100,237934727924.3,1.515512,1.3101
2023-09-05,sh.000300,3839.5779,3839.5779,3814.3338,3820.3174,3848.9517,10405233300,181377877955.3,-0.743951,0.6559
2023-09-06,sh.000300,3808.1,3817.5239,3790.8949,3812.0283,3820.3174,9344239300,166081524007.0,-0.216974,0.697
2023-09-07,sh.000300,3802.2272,3802.2272,3756.853,3758.4748,3812.0283,9510390300,164405748827.5,-1.404856,1.1903
2023-09-08,sh.000300,3747.6509,3753.263,3724.987,3739.9927,3758.4748,7163816600,129197657303.1,-0.491745,0.7523
2023-09-11,sh.000300,3740.5846,3788.3219,3734.7228,3767.537,3739.9927,10535801600,186871759441.3,0.73648,1.4331
2023-09-12,sh.000300,3764.3331,3775.093,3755.4162,3760.6048,3767.537,7938537800,140117510233.3,-0.183998,0.5223
2023-09-13,sh.000300,3759.6091,3768.8162,3719.1114,3736.6513,3760.6048,8157690100,138238089912.5,-0.636959,1.3217
2023-09-14,sh.000300,3736.9355,3748.8177,3717.3107,3733.5077,3736.6513,10038607500,151578100463.9,-0.084129,0.8432
2023-09-15,sh.000300,3740.7853,3749.0247,3699.3806,3708.7766,3733.5077,10939568900,180398970938.3,-0.662409,1.3297
2023-09-18,sh.000300,3698.9344,3737.5306,3691.1107,3727.711,3708.7766,8672774100,156966973910.5,0.51053,1.2516
2023-09-19,sh.000300,3723.4244,3724.0717,3702.6934,3720.5021,3727.711,8319903800,135216895229.4,-0.193387,0.5735
2023-09-20,sh.000300,3715.9578,3718.5207,3705.1274,3705.6898,3720.5021,7544820900,117691805957.0,-0.398126,0.36
2023-09-21,sh.000300,3698.313,3708.4557,3672.4448,3672.4448,3705.6898,8303100500,135011796555.2,-0.897134,0.9718
2023-09-22,sh.000300,3672.6402,3740.4183,3664.7661,3738.9327,3672.4448,11023116600,192236467362.8,1.810453,2.06
2023-09-25,sh.000300,3738.0622,3738.0622,3711.2049,3714.6037,3738.9327,9259647900,155793827361.5,-0.650694,0.7183
2023-09-26,sh.000300,3711.7106,3723.8481,3692.6172,3692.8928,3714.6037,7804452500,137808437774.8,-0.584474,0.8408
2023-09-27,sh.000300,3694.9607,3731.1405,3694.3938,3700.495,3692.8928,9162921000,164790435265.8,0.20586,0.9951
2023-09-28,sh.000300,3711.2117,3716.0569,3685.3001,3689.5172,3700.495,8522171900,153500421344.0,-0.296658,0.8312
2023-10-09,sh.000300,3678.929,3694.1713,3641.9966,3684.7272,3689.5172,10214805800,178072374748.1,-0.129827,1.4141
2023-10-10,sh.000300,3696.2542,3701.2562,3655.589,3657.1259,3684.7272,9916373000,161938958924.8,-0.749073,1.2394
2023-10-11,sh.000300,3674.7514,3689.5347,3658.355,3667.5483,3657.1259,10209158700,187667554127.0,0.284989,0.8526
2023-10-12,sh.000300,3697.9337,3711.4985,3682.8418,3702.3824,3667.5483,11436322500,194598219817.3,0.949793,0.7814
2023-10-13,sh.000300,3677.9585,3678.1913,3652.3094,3663.4104,3702.3824,9828798700,170152309003.0,-1.05262,0.6991
2023-10-16,sh.000300,3664.039,3664.039,3615.7686,3626.5972,3663.4104,9185311800,159537973598.4,-1.004889,1.3176
2023-10-17,sh.000300,3635.2994,3645.5654,3619.1277,3639.4018,3626.5972,9074518800,147056233347.4,0.353075,0.729
2023-10-18,sh.000300,3631.0671,3632.0579,3608.9768,3610.5767,3639.4018,9454587900,158982356667.4,-0.792029,0.6342
2023-10-19,sh.000300,3588.5154,3588.5154,3532.3059,3533.5445,3610.5767,11173752000,189194781843.9,-2.133515,1.5568
2023-10-20,sh.000300,3518.3464,3535.6623,3501.725,3510.5889,3533.5445,9851860500,169591289145.3,-0.649648,0.9604
2023-10-23,sh.000300,3500.199,3505.3468,3450.6456,3474.2438,3510.5889,9656165200,152054894179.0,-1.035299,1.5582
2023-10-24,sh.000300,3481.7644,3495.0039,3453.1016,3487.1302,3474.2438,11554728900,186529203442.0,0.370912,1.2061
2023-10-25,sh.000300,3524.2965,3531.8314,3500.9154,3504.4576,3487.1302,12800961700,203691741119.2,0.496896,0.8866
2023-10-26,sh.000300,3484.7807,3515.5716,3478.0503,3514.1448,3504.4576,10514356600,176088467225.8,0.276425,1.0707
2023-10-27,sh.000300,3501.171,3576.5861,3494.5488,3562.3851,3514.1448,12022510800,224301960437.0,1.372747,2.3345
2023-10-30,sh.000300,3554.1055,3592.7188,3554.0238,3583.7718,3562.3851,14401042600,242973328094.4,0.600348,1.0862
2023-10-31,sh.000300,3581.6759,3581.6759,3554.5822,3572.5056,3583.7718,11258726700,196317658324.1,-0.314367,0.756
2023-11-01,sh.000300,3605.7576,3606.4126,3564.6421,3571.0268,3572.5056,9764553800,182943566435.3,-0.041394,1.1692
2023-11-02,sh.000300,3580.0672,3597.1699,3553.7406,3554.1889,3571.0268,9035964300,149465055433.9,-0.471514,1.2162
2023-11-03,sh.000300,3558.5303,3596.101,3558.5303,3584.1364,3554.1889,9754210100,165865989200.0,0.842597,1.0571
2023-11-06,sh.000300,3608.3187,3635.7897,3600.6304,3632.6084,3584.1364,15298246300,254465948110.4,1.352404,0.981
2023-11-07,sh.000300,3623.7849,3628.4615,3606.2975,3619.7593,3632.6084,11028859100,190433605311.0,-0.353716,0.6101
2023-11-08,sh.000300,3610.6434,3627.0479,3591.8248,3611.0723,3619.7593,11059423000,192594372352.5,-0.239988,0.9731
2023-11-09,sh.000300,3603.1082,3624.4141,3601.3744,3612.8263,3611.0723,11187205700,189355228591.7,0.048573,0.638
2023-11-10,sh.000300,3596.0688,3599.4519,3576.1011,3586.4893,3612.8263,10210703400,166924677328.0,-0.728986,0.6463
2023-11-13,sh.000300,3593.9109,3599.3897,3562.7682,3579.4141,3586.4893,9670764900,164821249625.0,-0.197274,1.0211
2023-11-14,sh.000300,3581.1034,3600.1483,3568.882,3582.0584,3579.4141,10088415800,165935163426.0,0.073875,0.8735
2023-11-15,sh.000300,3616.8765,3620.6007,3596.9158,3607.2454,3582.0584,10492921800,188932150501.0,0.703143,0.6612
2023-11-16,sh.000300,3600.9813,3605.2898,3572.3636,3572.3641,3607.2454,8746478000,146629217157.8,-0.966979,0.9128
2023-11-17,sh.000300,3561.3112,3573.6819,3547.0287,3568.0685,3572.3641,8731920700,139621898705.2,-0.120245,0.7461
2023-11-20,sh.000300,3569.7314,3586.9731,3545.1038,3576.3233,3568.0685,9108044500,157449634694.0,0.231352,1.1734
2023-11-21,sh.000300,3587.8779,3615.0569,3575.682,3581.0674,3576.3233,10859431400,175922105929.9,0.132653,1.101
2023-11-22,sh.000300,3569.4389,3574.3782,3544.4162,3544.4162,3581.0674,8478438100,136041195538.9,-1.023471,0.8367
2023-11-23,sh.000300,3541.4416,3562.0675,3529.939,3561.5204,3544.4162,8480016700,141499811491.0,0.482567,0.9065
2023-11-24,sh.000300,3560.6462,3560.6462,3533.9955,3538.0087,3561.5204,8501840300,140101998555.3,-0.660159,0.7483
2023-11-27,sh.000300,3534.4445,3534.4445,3492.8623,3511.9424,3538.0087,9910231400,155975437035.7,-0.736751,1.1753
2023-11-28,sh.000300,3510.6554,3521.0463,3501.1093,3518.5232,3511.9424,8933578900,147740535862.4,0.187383,0.5677
2023-11-29,sh.000300,3518.8836,3519.198,3482.2444,3488.3073,3518.5232,9884141200,155948235975.9,-0.858767,1.0503
2023-11-30,sh.000300,3485.5171,3505.1273,3481.4515,3496.2028,3488.3073,10135082000,153790180653.3,0.226342,0.6787
2023-12-01,sh.000300,3494.2234,3494.2234,3452.1728,3482.8813,3496.2028,10853094100,176078323469.4,-0.381028,1.2028
2023-12-04,sh.000300,3481.0449,3488.133,3459.611,3460.138,3482.8813,9715682600,164664395292.9,-0.653002,0.8189
2023-12-05,sh.000300,3450.0898,3450.0898,3393.8139,3394.2571,3460.138,10047200700,164840691112.1,-1.903996,1.6264
2023-12-06,sh.000300,3387.8798,3420.2773,3382.9457,3399.598,3394.2571,10580551900,172142987724.9,0.157351,1.0998
2023-12-07,sh.000300,3394.3064,3404.4074,3369.7675,3391.2823,3399.598,9771324800,160949948197.3,-0.244608,1.0189
2023-12-08,sh.000300,3391.8585,3409.3845,3383.4479,3399.4618,3391.2823,12952205400,203034222561.1,0.241192,0.7648
2023-12-11,sh.000300,3378.0517,3426.6106,3346.8902,3419.4548,3399.4618,13962624900,219761181423.1,0.588123,2.3451
2023-12-12,sh.000300,3409.9976,3427.5456,3406.1013,3426.803,3419.4548,10559001300,166979964779.7,0.214894,0.6271
2023-12-13,sh.000300,3418.6413,3418.6413,3369.605,3369.605,3426.803,9528536700,165455928375.6,-1.669136,1.431
2023-12-14,sh.000300,3387.3847,3399.1394,3350.7648,3351.9639,3369.605,8365513500,150245775736.4,-0.523536,1.4356
2023-12-15,sh.000300,3365.9388,3388.5047,3339.519,3341.5517,3351.9639,9778778300,164907019372.1,-0.31063,1.4614
2023-12-18,sh.000300,3329.191,3352.3458,3314.9095,3329.3657,3341.5517,9052682600,142303319418.9,-0.364681,1.1203
2023-12-19,sh.000300,3325.6596,3345.7795,3313.1874,3334.0412,3329.3657,8380811800,135293655396.1,0.140432,0.9789
2023-12-20,sh.000300,3334.332,3338.5434,3297.3652,3297.5022,3334.0412,9241286800,141290542802.3,-1.095937,1.2351
2023-12-21,sh.000300,3285.6049,3339.3552,3283.9883,3330.8698,3297.5022,10254619800,171120780579.5,1.011905,1.6791
2023-12-22,sh.000300,3329.4668,3359.0601,3315.8976,3337.2281,3330.8698,10522013300,167336342309.2,0.19089,1.2958
2023-12-25,sh.000300,3330.3333,3348.882,3330.3333,3347.4508,3337.2281,7454269300,121838327071.1,0.306323,0.5558
2023-12-26,sh.000300,3345.3952,3345.4171,3315.937,3324.7902,3347.4508,7473293500,121689997434.6,-0.676951,0.8807
2023-12-27,sh.000300,3326.9267,3341.2659,3309.6731,3336.3572,3324.7902,9440392800,140924923674.8,0.347902,0.9502
2023-12-28,sh.000300,3335.5572,3423.4018,3331.2082,3414.5403,3336.3572,14806485100,245855634464.3,2.343367,2.7633
2023-12-29,sh.000300,3411.1094,3432.5412,3409.5795,3431.1099,3414.5403,11492893200,193573180515.1,0.485266,0.6725
2024-01-02,sh.000300,3426.2684,3426.2684,3386.3522,3386.3522,3431.1099,11618072600,184096097448.7,-1.304467,1.1634
2024-01-03,sh.000300,3379.7501,3392.8504,3362.6617,3378.2971,3386.3522,10561385100,165099018642.5,-0.23787,0.8915
2024-01-04,sh.000300,3375.0207,3375.0207,3323.8647,3347.0519,3378.2971,10672101300,165512262698.6,-0.92488,1.5143
2024-01-05,sh.000300,3341.3061,3372.5444,3313.5542,3329.1114,3347.0519,12640057400,182251664948.1,-0.536009,1.7625
2024-01-08,sh.000300,3322.6051,3333.516,3283.3421,3286.0564,3329.1114,11742948500,170761644873.4,-1.293288,1.5071
2024-01-09,sh.000300,3286.7083,3304.6008,3273.8431,3292.4994,3286.0564,10933046500,172276323045.2,0.196071,0.936
2024-01-10,sh.000300,3281.6692,3312.9161,3268.2471,3277.129,3292.4994,9419936600,159777649838.1,-0.466831,1.3567
2024-01-11,sh.000300,3275.3086,3311.1137,3266.7911,3295.6717,3277.129,10878973500,180978533555.5,0.565821,1.3525
2024-01-12,sh.000300,3284.358,3310.4704,3279.6987,3284.1667,3295.6717,9685355500,156536022291.9,-0.349094,0.9337
2024-01-15,sh.000300,3270.1029,3306.9217,3261.2687,3280.9195,3284.1667,8885153000,144331722430.6,-0.098874,1.3901
2024-01-16,sh.000300,3272.571,3300.8762,3260.4362,3300.8762,3280.9195,11327666500,175650587488.9,0.608265,1.2326
2024-01-17,sh.000300,3291.1392,3291.1392,3229.082,3229.082,3300.8762,10876972800,173516385174.7,-2.175004,1.88
2024-01-18,sh.000300,3214.2844,3279.2538,3171.6329,3274.7286,3229.082,17490916800,256784536828.0,1.413609,3.3329
2024-01-19,sh.000300,3261.2393,3286.9415,3251.8136,3269.7763,3274.7286,11850140800,191261807098.8,-0.151228,1.0727
2024-01-22,sh.000300,3262.4685,3281.4205,3193.1776,3218.9016,3269.7763,14870562800,225510031844.3,-1.555908,2.6987
2024-01-23,sh.000300,3208.4316,3249.5306,3188.1259,3231.9329,3218.9016,12201200000,193791168624.2,0.404837,1.9076
2024-01-24,sh.000300,3245.9592,3281.4892,3190.4674,3277.1089,3231.9329,15437195400,219036341624.5,1.397801,2.8163
2024-01-25,sh.000300,3274.3391,3344.2426,3269.7943,3342.9189,3277.1089,19683361400,265521114954.3,2.008173,2.2718
2024-01-26,sh.000300,3326.6465,3351.9692,3315.1265,3333.8213,3342.9189,18066400500,238144899501.0,-0.272145,1.1021
2024-01-29,sh.000300,3335.3936,3351.3715,3303.9604,3303.9604,3333.8213,18416479500,244698013593.3,-0.895696,1.4221
2024-01-30,sh.000300,3283.8977,3300.204,3244.9719,3245.0387,3303.9604,14364935000,199592929911.7,-1.783366,1.6717
2024-01-31,sh.000300,3231.5425,3252.1475,3201.9264,3215.3518,3245.0387,15314346900,215333349921.2,-0.91484,1.5476
2024-02-01,sh.000300,3202.2564,3251.7582,3191.8968,3217.7109,3215.3518,14551679200,203815063232.5,0.07337,1.8617
2024-02-02,sh.000300,3219.8734,3235.4079,3108.3515,3179.6276,3217.7109,17375808900,234495151557.0,-1.183553,3.9487
2024-02-05,sh.000300,3164.25,3233.8485,3111.5184,3200.4218,3179.6276,20304297000,279713141507.2,0.653982,3.8473
2024-02-06,sh.000300,3185.2498,3314.512,3182.8216,3311.6922,3200.4218,20271309900,285042020945.9,3.476742,4.1148
2024-02-07,sh.000300,3314.0306,3343.6303,3289.6704,3343.6303,3311.6922,21664793300,297997664575.2,0.964404,1.6294
2024-02-08,sh.000300,3351.4052,3367.2101,3336.9779,3364.9297,3343.6303,18997757800,270239765211.0,0.637014,0.9042
2024-02-19,sh.000300,3393.1916,3403.8078,3364.1418,3403.8078,3364.9297,18331980000,267674145147.3,1.155391,1.1788
2024-02-20,sh.000300,3395.1916,3415.8943,3380.103,3410.8542,3403.8078,14073458100,218459281946.0,0.207015,1.0515
2024-02-21,sh.000300,3390.3619,3500.1338,3383.6911,3456.8713,3410.8542,18887936200,291823544608.2,1.349137,3.4139
2024-02-22,sh.000300,3450.3518,3486.6826,3448.4135,3486.6747,3456.8713,14102078400,225098128872.7,0.86215,1.107
2024-02-23,sh.000300,3491.3367,3507.5592,3472.968,3489.7416,3486.6747,14482127300,232926057113.9,0.087961,0.9921
2024-02-26,sh.000300,3485.5427,3492.6061,3445.3889,3453.3585,3489.7416,15124833100,238951637715.0,-1.042573,1.353
2024-02-27,sh.000300,3440.0516,3494.7874,3437.4422,3494.7874,3453.3585,13952824600,244488721250.8,1.19967,1.6606
2024-02-28,sh.000300,3499.8257,3521.6574,3450.2598,3450.2598,3494.7874,18983754800,328300591256.4,-1.274115,2.043
2024-02-29,sh.000300,3437.8984,3516.0826,3437.8984,3516.0826,3450.2598,15594453200,281971899288.2,1.907764,2.266
2024-03-01,sh.000300,3515.0587,3544.3595,3503.459,3537.8038,3516.0826,16270957000,288575619224.5,0.617767,1.1632
2024-03-04,sh.000300,3538.366,3548.6901,3519.7599,3540.8686,3537.8038,16324461300,297719931809.3,0.08663,0.8177
2024-03-05,sh.000300,3524.9644,3570.6935,3519.0816,3565.5143,3540.8686,16642238900,299895929709.1,0.696035,1.4576
2024-03-06,sh.000300,3556.5323,3577.3883,3545.1013,3551.0481,3565.5143,14307661300,248294165707.4,-0.405725,0.9055
2024-03-07,sh.000300,3548.1007,3569.9185,3522.8964,3529.7195,3551.0481,14811051000,251839533036.1,-0.600628,1.3242
2024-03-08,sh.000300,3529.5509,3548.5055,3511.577,3544.9099,3529.7195,12579266400,225379101014.0,0.430357,1.0462
2024-03-11,sh.000300,3545.9427,3589.2635,3542.2789,3589.2635,3544.9099,14820282500,286418582154.6,1.251191,1.3254
2024-03-12,sh.000300,3592.5826,3605.6976,3574.2117,3597.4939,3589.2635,18068556000,339997042337.1,0.229306,0.8772
2024-03-13,sh.000300,3594.4211,3594.4211,3563.3685,3572.361,3597.4939,14459059000,266898756379.8,-0.698622,0.8632
2024-03-14,sh.000300,3571.7885,3597.46,3545.612,3562.2229,3572.361,14096272200,263803609335.2,-0.283793,1.4514
2024-03-15,sh.000300,3554.9068,3572.8091,3533.6798,3569.993,3562.2229,13831604400,243991558366.2,0.218125,1.0985
2024-03-18,sh.000300,3577.0564,3604.0519,3573.404,3603.528,3569.993,16037943800,295314840611.0,0.939358,0.8585
2024-03-19,sh.000300,3593.3396,3610.7389,3577.188,3577.6303,3603.528,14557178600,259553448413.4,-0.718676,0.9311
2024-03-20,sh.000300,3568.7158,3589.5456,3568.4341,3585.3838,3577.6303,12952896600,223752103886.2,0.216722,0.5901
2024-03-21,sh.000300,3593.07,3601.1145,3575.0331,3581.0902,3585.3838,13074337700,233162492629.6,-0.119753,0.7274
2024-03-22,sh.000300,3571.2736,3575.7171,3522.8404,3545.0023,3581.0902,13922735800,248850931022.2,-1.007735,1.4766
2024-03-25,sh.000300,3536.7136,3564.9604,3525.7634,3525.7634,3545.0023,13701572400,233747256235.1,-0.542705,1.1057
2024-03-26,sh.000300,3526.6818,3547.6461,3518.6018,3543.7467,3525.7634,12620953500,226730734844.1,0.510054,0.8238
2024-03-27,sh.000300,3538.7244,3542.9624,3502.7866,3502.7866,3543.7467,12862676300,216404726565.9,-1.155842,1.1337
2024-03-28,sh.000300,3498.482,3551.2143,3489.3861,3520.9648,3502.7866,14333471700,232530806334.5,0.518964,1.7651
2024-03-29,sh.000300,3516.883,3538.2378,3516.883,3537.4843,3520.9648,12864329000,201749384356.7,0.469175,0.6065
2024-04-01,sh.000300,3551.5815,3600.9193,3551.5815,3595.6466,3537.4843,16277656100,251637272845.1,1.644171,1.3947
2024-04-02,sh.000300,3593.2206,3596.1903,3568.7539,3580.6759,3595.6466,14127297200,220207515542.9,-0.416356,0.763
2024-04-03,sh.000300,3578.6835,3582.4324,3558.874,3567.8031,3580.6759,13559233100,214222897580.1,-0.359508,0.6579
2024-04-08,sh.000300,3553.5554,3567.82,3535.7688,3536.4077,3567.8031,15530428300,243249251687.2,-0.879964,0.8983
2024-04-09,sh.000300,3533.3849,3543.7141,3518.8601,3533.4871,3536.4077,12967094200,195893525574.7,-0.082587,0.7028
2024-04-10,sh.000300,3528.9679,3531.2295,3490.0525,3504.7086,3533.4871,12879027400,199754768626.1,-0.81445,1.1653
2024-04-11,sh.000300,3485.0294,3520.5893,3484.9252,3504.2447,3504.7086,12653439500,200293481885.7,-0.013236,1.0176
2024-04-12,sh.000300,3505.7499,3516.6988,3470.0611,3475.8389,3504.2447,12892111600,208566204702.9,-0.810611,1.3309
2024-04-15,sh.000300,3473.5047,3552.4125,3473.5047,3549.0759,3475.8389,18394125000,267472484531.0,2.107031,2.2702
2024-04-16,sh.000300,3533.3636,3545.5034,3503.6158,3511.1146,3549.0759,17615306500,253315972272.3,-1.069611,1.1802
2024-04-17,sh.000300,3509.1318,3565.9389,3498.0324,3565.403,3511.1146,16846639800,244987812753.2,1.546187,1.934
2024-04-18,sh.000300,3550.5562,3602.7902,3547.5996,3569.8018,3565.403,17857410500,261329927268.4,0.123375,1.5479
2024-04-19,sh.000300,3550.6087,3560.9492,3529.3237,3541.6619,3569.8018,14728150500,226229520121.3,-0.788276,0.8859
2024-04-22,sh.000300,3536.1844,3558.1642,3528.0186,3530.9045,3541.6619,15057904200,229511183118.0,-0.303739,0.8512
2024-04-23,sh.000300,3525.6681,3533.7584,3499.9838,3506.2249,3530.9045,14311350400,213257232210.7,-0.69896,0.9565
2024-04-24,sh.000300,3514.0108,3524.537,3495.6494,3521.6219,3506.2249,12173985100,195299919746.2,0.439133,0.8239
2024-04-25,sh.000300,3510.6396,3543.9699,3505.1999,3530.2813,3521.6219,11518772200,184524622000.7,0.245892,1.1009
2024-04-26,sh.000300,3531.9647,3588.4003,3531.9647,3584.2686,3530.2813,19721613300,308045062250.7,1.529263,1.5986
2024-04-29,sh.000300,3584.5427,3645.8229,3578.7597,3623.9124,3584.2686,22272138100,358709708837.6,1.10605,1.871
2024-04-30,sh.000300,3619.2586,3630.7092,3604.3943,3604.3943,3623.9124,19129689900,286674161757.8,-0.538592,0.7261
2024-05-06,sh.000300,3654.0485,3668.2565,3645.738,3657.8767,3604.3943,20801800700,333270472130.0,1.483811,0.6248
2024-05-07,sh.000300,3657.0007,3665.684,3648.376,3659.0076,3657.8767,16483428600,247368347983.1,0.030917,0.4732
2024-05-08,sh.000300,3650.7484,3650.9355,3628.6984,3630.2233,3659.0076,13003533600,199923460349.8,-0.78667,0.6077
2024-05-09,sh.000300,3630.4142,3669.7593,3630.4142,3664.561,3630.2233,14655901700,232694927940.9,0.945884,1.0838
2024-05-10,sh.000300,3669.0869,3674.6088,3641.7639,3666.2771,3664.561,15072053600,233730562074.5,0.04683,0.8963
2024-05-13,sh.000300,3646.3491,3673.6211,3634.6049,3664.6907,3666.2771,15726745500,249688465072.9,-0.04327,1.0642
2024-05-14,sh.000300,3668.2254,3675.776,3646.7092,3657.0454,3664.6907,13340649000,214643548213.8,-0.208621,0.7932
2024-05-15,sh.000300,3651.0536,3656.5277,3624.002,3626.0559,3657.0454,12352276400,191480969435.1,-0.847392,0.8894
2024-05-16,sh.000300,3636.6007,3657.4831,3626.334,3640.3592,3626.0559,15463050300,240288953464.0,0.394459,0.859
2024-05-17,sh.000300,3638.5613,3677.9696,3627.447,3677.9696,3640.3592,16457041700,247729525192.2,1.033151,1.3878
2024-05-20,sh.000300,3682.0615,3703.0287,3677.4426,3690.9623,3677.9696,18460942300,279971341520.4,0.353257,0.6957
2024-05-21,sh.000300,3682.2868,3684.6106,3665.1524,3676.1611,3690.9623,13067828300,196575354877.9,-0.401012,0.5272
2024-05-22,sh.000300,3675.6471,3691.8804,3667.0885,3684.451,3676.1611,15191460500,230839373504.9,0.225504,0.6744
2024-05-23,sh.000300,3672.8403,3674.3654,3633.5051,3641.7917,3684.451,14257299000,214205039030.7,-1.15782,1.109
2024-05-24,sh.000300,3630.827,3650.8734,3599.6678,3601.4754,3641.7917,12479117700,195344742155.9,-1.107046,1.4061
2024-05-27,sh.000300,3606.645,3638.1514,3603.7131,3635.7079,3601.4754,13127264400,206143742535.6,0.950513,0.9562
2024-05-28,sh.000300,3633.2535,3638.9703,3605.9213,3609.1724,3635.7079,12353223800,184381267979.1,-0.729858,0.909
2024-05-29,sh.000300,3609.0708,3633.1971,3602.8198,3613.5223,3609.1724,11590632100,179072813277.6,0.120523,0.8417
2024-05-30,sh.000300,3607.0522,3624.0352,3586.7543,3594.3121,3613.5223,12260299500,193069647050.8,-0.53162,1.0317
2024-05-31,sh.000300,3599.8196,3614.6439,3579.9247,3579.9247,3594.3121,11246201900,180707602931.7,-0.400282,0.9659
2024-06-03,sh.000300,3577.3798,3600.6044,3567.8713,3588.7483,3579.9247,14105459100,222756928174.4,0.246474,0.9144
2024-06-04,sh.000300,3583.8104,3622.5012,3580.2771,3615.6714,3588.7483,12454509600,195790966233.8,0.750209,1.1766
2024-06-05,sh.000300,3610.3601,3623.3232,3594.1056,3594.7936,3615.6714,11090676600,182639598874.9,-0.577425,0.8081
2024-06-06,sh.000300,3602.1554,3625.0109,3584.171,3592.2454,3594.7936,13789351700,226764072639.2,-0.070886,1.1361
2024-06-07,sh.000300,3594.6335,3603.0698,3552.0853,3574.1143,3592.2454,13110302600,213001530097.8,-0.504729,1.4193
2024-06-11,sh.000300,3555.8186,3565.3113,3525.8945,3542.8771,3574.1143,13452230600,219282337214.0,-0.873984,1.1028
2024-06-12,sh.000300,3539.0947,3551.1706,3531.5657,3544.1225,3542.8771,12281372900,200722600631.1,0.035152,0.5534
2024-06-13,sh.000300,3548.2162,3551.0771,3520.1802,3526.1306,3544.1225,12324546200,214792338449.3,-0.507655,0.8718
2024-06-14,sh.000300,3514.7998,3547.1473,3503.5233,3541.5331,3526.1306,17151694200,283768816845.0,0.43681,1.2372
2024-06-17,sh.000300,3521.4365,3540.7932,3520.7381,3536.1986,3541.5331,13743343800,232293851893.9,-0.150627,0.5663
2024-06-18,sh.000300,3533.4875,3551.7085,3532.7845,3545.5902,3536.1986,12367183800,208824124156.0,0.265585,0.5352
2024-06-19,sh.000300,3543.3599,3543.3599,3524.8449,3528.749,3545.5902,10664279700,184790298728.6,-0.47499,0.5222
2024-06-20,sh.000300,3525.1687,3533.9865,3500.131,3503.2817,3528.749,11161739600,186515776574.7,-0.721709,0.9594
2024-06-21,sh.000300,3496.3428,3505.5123,3473.8283,3495.6198,3503.2817,10918661500,182736735066.8,-0.218706,0.9044
2024-06-24,sh.000300,3473.6392,3505.7752,3471.2164,3476.8102,3495.6198,11799018400,195787549313.6,-0.538091,0.9886
2024-06-25,sh.000300,3475.1648,3483.2189,3440.6464,3457.9023,3476.8102,11844811800,190886336762.4,-0.543829,1.2245
2024-06-26,sh.000300,3451.5389,3487.3964,3442.2982,3480.2648,3457.9023,10589886100,171538111702.3,0.646707,1.3042
2024-06-27,sh.000300,3467.2888,3471.1423,3452.5775,3454.1175,3480.2648,11491810100,174112508796.1,-0.751302,0.5334
2024-06-28,sh.000300,3443.6744,3484.678,3443.6744,3461.657,3454.1175,13540915300,205118806811.8,0.218276,1.1871
2024-07-01,sh.000300,3458.2636,3479.9548,3443.8086,3478.1827,3461.657,12182977000,188018227774.8,0.477393,1.0442
2024-07-02,sh.000300,3472.4527,3488.3189,3464.5237,3471.7857,3478.1827,12165012100,186104752421.9,-0.183918,0.6841
2024-07-03,sh.000300,3471.5556,3478.7047,3454.9942,3463.4141,3471.7857,10385710800,163035359363.1,-0.241132,0.6829
2024-07-04,sh.000300,3468.2958,3483.3098,3444.928,3445.8128,3463.4141,10442990900,159477153569.5,-0.508207,1.1082
2024-07-05,sh.000300,3443.3588,3451.0386,3399.6693,3431.0605,3445.8128,11660965900,181416567402.8,-0.428123,1.4908
2024-07-08,sh.000300,3420.8033,3428.0418,3395.9123,3401.7604,3431.0605,11552821800,177559765827.5,-0.853966,0.9364
2024-07-09,sh.000300,3396.8044,3448.9279,3384.8086,3439.8111,3401.7604,13162944300,215048837819.8,1.118559,1.8849
2024-07-10,sh.000300,3425.8818,3447.505,3423.6483,3428.9657,3439.8111,12720345600,198149476849.1,-0.315291,0.6935
2024-07-11,sh.000300,3451.0442,3473.9837,3438.118,3468.169,3428.9657,14589246600,237551298481.6,1.143298,1.046
2024-07-12,sh.000300,3459.9564,3479.0958,3457.3633,3472.4014,3468.169,13087458900,205055553856.4,0.122036,0.6266
2024-07-15,sh.000300,3462.6113,3481.4613,3460.7915,3476.2467,3472.4014,11851708300,171584915379.5,0.110739,0.5953
2024-07-16,sh.000300,3466.8523,3500.2943,3464.3655,3498.2827,3476.2467,12065901700,200456285077.5,0.633902,1.0336
2024-07-17,sh.000300,3494.209,3514.4753,3486.2229,3501.5836,3498.2827,13180206200,222830802528.4,0.094358,0.8076
2024-07-18,sh.000300,3483.2975,3522.7995,3475.7236,3520.931,3501.5836,12376819900,215783795702.6,0.552533,1.3444
2024-07-19,sh.000300,3500.8052,3545.3383,3493.0734,3539.0156,3520.931,13244797500,228065104129.0,0.513631,1.4844
2024-07-22,sh.000300,3538.4012,3540.1874,3494.0143,3514.9249,3539.0156,13212633700,217457320403.9,-0.680718,1.3047
2024-07-23,sh.000300,3509.7887,3509.7887,3439.8779,3439.8779,3514.9249,12889766000,202857560168.7,-2.135095,1.989
2024-07-24,sh.000300,3432.3459,3451.4196,3408.4129,3418.1663,3439.8779,12703626300,184884499786.8,-0.631174,1.2502
2024-07-25,sh.000300,3404.611,3415.8557,3383.7991,3399.2716,3418.1663,13102224200,190131464834.7,-0.552773,0.9378
2024-07-26,sh.000300,3403.7084,3420.8201,3388.6601,3409.2931,3399.2716,12419555800,187853329477.8,0.294813,0.9461
2024-07-29,sh.000300,3404.3663,3408.5024,3388.8444,3390.742,3409.2931,10978778600,166697103823.1,-0.544133,0.5766
2024-07-30,sh.000300,3380.6893,3380.6893,3352.8043,3369.3821,3390.742,10495216400,165442824490.2,-0.629948,0.8224
2024-07-31,sh.000300,3364.0268,3445.0042,3364.0268,3442.0844,3369.3821,17195917700,258249147336.4,2.157734,2.4033
2024-08-01,sh.000300,3443.1397,3448.3361,3419.1872,3419.2666,3442.0844,13632346400,206038002517.7,-0.662906,0.8468
2024-08-02,sh.000300,3393.9167,3419.1023,3380.9645,3384.3919,3419.2666,11661525500,179671192427.6,-1.019947,1.1154
2024-08-05,sh.000300,3362.1117,3409.0314,3343.3205,3343.3205,3384.3919,14281251600,223631266563.2,-1.213553,1.9416
2024-08-06,sh.000300,3367.3517,3376.7956,3318.6251,3342.9789,3343.3205,11934027900,181724693847.5,-0.010217,1.7399
2024-08-07,sh.000300,3338.5909,3362.3839,3329.9658,3341.489,3342.9789,9508437700,145078975325.5,-0.044568,0.9697
2024-08-08,sh.000300,3332.4281,3364.7855,3320.8432,3342.9369,3341.489,9249569500,149482926226.5,0.043331,1.3151
2024-08-09,sh.000300,3358.128,3366.6688,3331.6274,3331.6274,3342.9369,9151162600,142852166559.2,-0.33831,1.0482
2024-08-12,sh.000300,3327.5561,3338.0771,3319.8908,3325.8645,3331.6274,7993875400,117544892726.5,-0.172976,0.5459
2024-08-13,sh.000300,3328.0138,3335.014,3310.1909,3334.3903,3325.8645,8448967900,125259155343.0,0.256348,0.7464
2024-08-14,sh.000300,3332.7866,3332.7866,3309.1,3309.2389,3334.3903,7874240700,118181952004.2,-0.754303,0.7104
2024-08-15,sh.000300,3301.4455,3356.7644,3297.9711,3341.953,3309.2389,10476639900,149249335425.5,0.988569,1.7766
2024-08-16,sh.000300,3342.0346,3356.9071,3335.6239,3345.634,3341.953,9651908300,135885323083.0,0.110145,0.6368
2024-08-19,sh.000300,3344.2614,3375.9621,3343.7116,3356.9677,3345.634,10557111000,143421671337.3,0.338761,0.964
2024-08-20,sh.000300,3361.6394,3362.3338,3321.6397,3332.7034,3356.9677,10166833100,137910585091.6,-0.722804,1.2122
2024-08-21,sh.000300,3322.9134,3339.443,3307.9917,3321.635,3332.7034,8995475100,130005992563.3,-0.332115,0.9437
2024-08-22,sh.000300,3322.8723,3327.6962,3305.2453,3313.1357,3321.635,10036650400,147702791560.6,-0.255877,0.6759
2024-08-23,sh.000300,3305.9307,3336.2414,3305.6403,3327.1905,3313.1357,8952577400,132680886499.7,0.424214,0.9236
2024-08-26,sh.000300,3330.7184,3336.5271,3311.5701,3324.2231,3327.1905,9399077200,139070603958.0,-0.089186,0.7501
2024-08-27,sh.000300,3315.686,3320.5667,3299.5635,3305.3338,3324.2231,9580815700,129755962864.4,-0.568232,0.6318
2024-08-28,sh.000300,3298.9089,3305.3496,3274.5881,3286.4956,3305.3338,9269665000,135982310964.6,-0.569933,0.9307
2024-08-29,sh.000300,3273.541,3290.7857,3269.5288,3277.6812,3286.4956,13070233300,174340106392.6,-0.268201,0.6468
2024-08-30,sh.000300,3273.7532,3351.6254,3273.6496,3321.4323,3277.6812,18869544300,268376041210.9,1.334819,2.379
2024-09-02,sh.000300,3307.5432,3307.7627,3264.7565,3265.011,3321.4323,14761235300,194409996348.3,-1.698704,1.2948
2024-09-03,sh.000300,3261.741,3281.5935,3261.1877,3273.4282,3265.011,12289730600,155089488535.3,0.2578,0.625
2024-09-04,sh.000300,3253.898,3272.9861,3249.9809,3252.1649,3273.4282,10483248200,140070063076.9,-0.649573,0.7028
2024-09-05,sh.000300,3252.96,3266.882,3247.1725,3257.7578,3252.1649,9710945000,134618198893.7,0.171975,0.606
2024-09-06,sh.000300,3261.1542,3274.8144,3231.0685,3231.3457,3257.7578,8840041700,121541545905.7,-0.810745,1.3428
2024-09-09,sh.000300,3214.7996,3222.9278,3180.9277,3192.9516,3231.3457,10867306900,146516054460.5,-1.188177,1.2998
2024-09-10,sh.000300,3193.4557,3205.0972,3171.7932,3195.7552,3192.9516,9729007800,133610476131.5,0.087806,1.043
2024-09-11,sh.000300,3187.0508,3197.3363,3174.0343,3186.1299,3195.7552,10248211000,141513837135.3,-0.30119,0.7292
2024-09-12,sh.000300,3189.4271,3201.5544,3171.8775,3172.4747,3186.1299,9286865700,136387244637.1,-0.428583,0.9314
2024-09-13,sh.000300,3174.0344,3188.9145,3159.247,3159.247,3172.4747,8833667700,137448911397.4,-0.416952,0.9352
2024-09-18,sh.000300,3158.8179,3179.9012,3145.7908,3171.0102,3159.247,8472281400,123452147968.9,0.372342,1.0797
2024-09-19,sh.000300,3178.3959,3213.8378,3149.7925,3196.0357,3171.0102,12543927200,181785109712.7,0.789196,2.0197
2024-09-20,sh.000300,3192.4322,3207.9875,3173.2238,3201.0497,3196.0357,11806409800,163985054956.9,0.156882,1.0877
2024-09-23,sh.000300,3200.8678,3230.1613,3198.0248,3212.7639,3201.0497,9534485500,143876166860.9,0.365949,1.0039
2024-09-24,sh.000300,3244.6468,3351.9684,3222.4885,3351.909,3212.7639,20407221700,307879526847.5,4.331009,4.0302
2024-09-25,sh.000300,3403.7021,3465.4882,3393.438,3401.533,3351.909,24156425500,356862584939.5,1.48047,2.1495
2024-09-26,sh.000300,3399.3188,3545.3249,3391.6772,3545.3204,3401.533,24313401000,373983643044.8,4.227135,4.517
2024-09-27,sh.000300,3617.9203,3708.4951,3596.5833,3703.6849,3545.3204,26548777400,466692757481.8,4.46686,3.1566
2024-09-30,sh.000300,3846.6515,4038.6968,3796.5045,4017.8545,3703.6849,51021770700,862528807419.2,8.482622,6.5392
2024-10-08,sh.000300,4450.3675,4450.3675,4094.3519,4256.0962,4017.8545,58986789400,1130387437130.1,5.929575,8.8608
2024-10-09,sh.000300,4168.8436,4197.6,3942.5118,3955.9839,4256.0962,48226929500,1029032062193.4,-7.051351,5.9935
2024-10-10,sh.000300,3979.6116,4098.4967,3912.7708,3997.7879,3955.9839,39505309900,717952217512.6,1.056728,4.6948
2024-10-11,sh.000300,3969.7576,3978.2389,3847.1228,3887.167,3997.7879,27409650500,484998267295.6,-2.767053,3.2797
2024-10-14,sh.000300,3915.2186,3979.5431,3868.779,3961.3424,3887.167,30757899300,534076602215.5,1.908212,2.8495
2024-10-15,sh.000300,3942.5342,3967.8712,3855.9949,3855.9949,3961.3424,24248644800,434410916723.5,-2.659389,2.8242
2024-10-16,sh.000300,3806.1373,3877.7483,3805.0868,3831.589,3855.9949,21886640700,377301324426.4,-0.632934,1.8844
2024-10-17,sh.000300,3853.841,3882.0733,3787.7498,3788.2217,3831.589,21231382000,369170521634.5,-1.131836,2.4617
2024-10-18,sh.000300,3780.3143,3998.214,3765.1615,3925.234,3788.2217,31295883400,620673701894.1,3.616797,6.152
2024-10-21,sh.000300,3946.9016,3979.2638,3896.165,3935.1974,3925.234,29118563400,600109598949.1,0.253829,2.117
2024-10-22,sh.000300,3923.7443,3965.9084,3917.5218,3957.7755,3935.1974,22343339600,442881846813.7,0.573748,1.2296
2024-10-23,sh.000300,3955.3191,4012.1795,3939.0986,3973.2089,3957.7755,24587394900,469120806272.1,0.389951,1.8465
2024-10-24,sh.000300,3950.8987,3957.9832,3914.0887,3928.8334,3973.2089,17472406200,340486884485.3,-1.116868,1.1048
2024-10-25,sh.000300,3931.3205,3992.8918,3921.9396,3956.421,3928.8334,21069488500,412231378430.4,0.702183,1.8059
2024-10-28,sh.000300,3953.1063,3964.1569,3917.2042,3964.1569,3956.421,21616041500,390450182338.0,0.195528,1.1867
2024-10-29,sh.000300,3970.008,3991.3091,3921.5795,3924.649,3964.1569,21729398400,429625020404.8,-0.996628,1.759
2024-10-30,sh.000300,3904.1595,3926.0581,3864.3051,3889.4487,3924.649,21943662600,385010582233.2,-0.896903,1.5735
2024-10-31,sh.000300,3888.4229,3923.8997,3859.1079,3891.0396,3889.4487,30063671800,515533818945.0,0.040903,1.6658
2024-11-01,sh.000300,3882.4579,3933.2204,3879.9588,3890.0203,3891.0396,30798648100,476472952028.3,-0.026196,1.3688
2024-11-04,sh.000300,3897.7144,3944.7619,3891.2109,3944.7619,3890.0203,22923906000,381048606068.1,1.407232,1.3766
2024-11-05,sh.000300,3937.6228,4046.6977,3925.4138,4044.5725,3944.7619,31686279400,580971852723.7,2.530206,3.0746
2024-11-06,sh.000300,4051.2891,4091.7031,4002.5027,4024.2831,4044.5725,33580793800,639124093911.8,-0.501645,2.2054
2024-11-07,sh.000300,3987.2665,4146.151,3984.6652,4145.6952,4024.2831,34143641400,658145920948.1,3.016987,4.0128
2024-11-08,sh.000300,4192.0794,4200.908,4094.1631,4104.047,4145.6952,33235038500,688446559772.2,-1.004613,2.5748
2024-11-11,sh.000300,4066.9336,4132.5111,4048.039,4131.1312,4104.047,28959422700,625605935910.0,0.659939,2.0583
2024-11-12,sh.000300,4133.3528,4181.7096,4060.7936,4085.743,4131.1312,29777808600,660380524820.6,-1.098687,2.9269
2024-11-13,sh.000300,4059.5898,4121.0735,4059.5898,4110.8901,4085.743,24048409900,512734303119.4,0.615484,1.5048
2024-11-14,sh.000300,4101.2228,4118.1686,4034.9441,4039.6191,4110.8901,23015278400,464157560755.1,-1.733712,2.0245
2024-11-15,sh.000300,4025.6482,4049.071,3968.8308,3968.8308,4039.6191,24739946300,474079686588.2,-1.752351,1.9863
2024-11-18,sh.000300,3982.1036,4034.0596,3931.1872,3950.3806,3968.8308,30677794600,472408054830.7,-0.464877,2.592
2024-11-19,sh.000300,3954.6038,3979.1505,3896.7493,3976.8912,3950.3806,24294646500,402610970340.1,0.67109,2.0859
2024-11-20,sh.000300,3966.1238,4001.0847,3958.3383,3985.7727,3976.8912,18459937200,347577693099.5,0.223328,1.0749
2024-11-21,sh.000300,3979.4554,3999.5693,3966.0658,3989.2979,3985.7727,16612592700,324235010779.0,0.088445,0.8406
2024-11-22,sh.000300,3984.2435,3990.2647,3865.6989,3865.6989,3989.2979,21628580900,397566831847.8,-3.098264,3.1225
2024-11-25,sh.000300,3875.6126,3889.7069,3812.3179,3848.0909,3865.6989,19070295300,349006773180.1,-0.455493,2.0019
2024-11-26,sh.000300,3836.259,3875.229,3833.2842,3840.1847,3848.0909,14989244100,264403254830.0,-0.205458,1.09
2024-11-27,sh.000300,3829.3442,3907.164,3817.9125,3907.0447,3840.1847,17413609600,320632355477.0,1.741062,2.3241
2024-11-28,sh.000300,3904.2525,3908.3918,3866.0136,3872.5505,3907.0447,15011729100,286432871223.5,-0.882872,1.0847
2024-11-29,sh.000300,3869.8903,3962.7002,3869.8903,3916.5832,3872.5505,18765671300,375262017919.2,1.137047,2.3966
2024-12-02,sh.000300,3909.7029,3955.1252,3902.1697,3947.632,3916.5832,19728978400,368591235990.8,0.792752,1.3521
2024-12-03,sh.000300,3946.7034,3963.9474,3922.8425,3951.8912,3947.632,18249686700,327295048700.8,0.107893,1.0413
2024-12-04,sh.000300,3948.13,3957.365,3917.7467,3930.5568,3951.8912,17462631800,312040419081.5,-0.539853,1.0025
2024-12-05,sh.000300,3916.5638,3936.3358,3910.0834,3921.5881,3930.5568,13853403800,257716297996.5,-0.228179,0.6679
2024-12-06,sh.000300,3923.8954,3995.1168,3923.8954,3973.1405,3921.5881,19205790700,351751735425.0,1.31458,1.8161
2024-12-09,sh.000300,3970.6628,3995.5116,3948.4206,3966.5708,3973.1405,17595995800,308227216702.9,-0.165353,1.1852
2024-12-10,sh.000300,4094.05,4098.3804,3988.9676,3995.6369,3966.5708,25346379500,487278042807.0,0.732777,2.7584
2024-12-11,sh.000300,3988.0179,4005.3253,3977.3522,3988.8308,3995.6369,17725284600,310713317895.4,-0.170338,0.7001
2024-12-12,sh.000300,3987.1525,4031.7441,3981.3485,4028.5048,3988.8308,18162177700,333667518401.4,0.994627,1.2634
2024-12-13,sh.000300,4000.9854,4000.9854,3931.7392,3933.1808,4028.5048,23035307900,421478609274.0,-2.366238,1.7189
2024-12-16,sh.000300,3930.7807,3938.7595,3901.6465,3911.8416,3933.1808,17851125100,327619081581.3,-0.542543,0.9436
2024-12-17,sh.000300,3908.1263,3955.945,3908.1263,3922.0334,3911.8416,16093909000,306037370846.7,0.260537,1.2224
2024-12-18,sh.000300,3934.5425,3956.1441,3933.9693,3941.89,3922.0334,15773832100,276825381224.3,0.506283,0.5654
2024-12-19,sh.000300,3911.8901,3954.3491,3899.7479,3945.4635,3941.89,16108104000,321771606933.4,0.090654,1.3852
2024-12-20,sh.000300,3937.4722,3958.6336,3923.2562,3927.7441,3945.4635,15498649600,332143276397.7,-0.449108,0.8967
2024-12-23,sh.000300,3928.1493,3965.8502,3928.1493,3933.5718,3927.7441,19006736200,354063425208.7,0.148373,0.9599
2024-12-24,sh.000300,3934.9422,3985.8588,3934.7338,3983.6882,3933.5718,16149458900,310384873294.2,1.274069,1.2997
2024-12-25,sh.000300,3987.9557,4007.7626,3969.4766,3985.6291,3983.6882,15939074700,299295145793.1,0.048721,0.9611
2024-12-26,sh.000300,3981.7317,3991.5331,3965.5461,3987.4801,3985.6291,14342528600,305769929402.7,0.046442,0.652
2024-12-27,sh.000300,3987.0189,4007.1314,3970.9365,3981.0307,3987.4801,16926866600,345011075199.0,-0.161741,0.9077
2024-12-30,sh.000300,3976.7004,4005.778,3976.7004,3999.0549,3981.0307,16461248500,322699390191.8,0.452752,0.7304
2024-12-31,sh.000300,3995.8705,4004.3462,3934.9109,3934.9109,3999.0549,18392839700,347880439530.4,-1.603979,1.7363
2025-01-02,sh.000300,3931.8155,3934.2034,3796.3389,3820.3952,3934.9109,21789872400,388636586639.3,-2.910249,3.5036
2025-01-03,sh.000300,3825.2426,3835.9353,3767.6653,3775.1648,3820.3952,17534267600,304322755435.9,-1.183919,1.787
2025-01-06,sh.000300,3775.9902,3788.8489,3743.0727,3768.9697,3775.1648,15094667000,262803541116.2,-0.164101,1.2126
2025-01-07,sh.000300,3760.866,3797.602,3749.0581,3796.1055,3768.9697,14645577900,266855795347.4,0.719979,1.288
2025-01-08,sh.000300,3781.261,3810.7355,3731.1887,3789.2153,3796.1055,16916696800,300965725432.7,-0.181507,2.0955
2025-01-09,sh.000300,3780.7341,3795.2608,3768.681,3779.8773,3789.2153,12979400200,251486002819.8,-0.246436,0.7015
2025-01-10,sh.000300,3778.8928,3786.8069,3732.4806,3732.4806,3779.8773,13752317100,275354209064.3,-1.253922,1.4373
2025-01-13,sh.000300,3704.4442,3737.8852,3704.1073,3722.513,3732.4806,13644619900,247861953196.7,-0.26705,0.905
2025-01-14,sh.000300,3728.5561,3826.6399,3718.8768,3820.5395,3722.513,17066465700,345461480063.6,2.633342,2.8949
2025-01-15,sh.000300,3810.0353,3816.8284,3790.1655,3796.026,3820.5395,14147552000,278850595531.7,-0.641624,0.6979
2025-01-16,sh.000300,3812.1935,3842.947,3776.2861,3800.3836,3796.026,14450587100,305734630771.3,0.114794,1.7561
2025-01-17,sh.000300,3788.3729,3831.6404,3780.2133,3812.3429,3800.3836,12662196100,265437489593.6,0.314687,1.3532
2025-01-20,sh.000300,3835.3042,3858.6677,3821.9815,3829.6764,3812.3429,13958127700,292175449108.6,0.454668,0.9623
2025-01-21,sh.000300,3850.3563,3850.9106,3817.1214,3832.6145,3829.6764,14121840600,285073351693.4,0.076719,0.8823
2025-01-22,sh.000300,3823.9447,3823.9447,3783.1438,3797.0166,3832.6145,13725506200,298745637551.4,-0.928815,1.0646
2025-01-23,sh.000300,3829.0462,3864.2585,3801.8531,3803.7439,3797.0166,18056955100,345198071113.9,0.177173,1.6435
2025-01-24,sh.000300,3793.8498,3847.6003,3793.4836,3832.8637,3803.7439,14897172200,296474375469.1,0.765556,1.4227
2025-01-27,sh.000300,3836.9578,3851.9969,3817.0802,3817.0802,3832.8637,14667077200,282940127540.6,-0.411794,0.911
2025-02-05,sh.000300,3844.6998,3844.6998,3785.162,3795.0848,3817.0802,15716830800,346016202025.2,-0.576236,1.5598
2025-02-06,sh.000300,3789.6086,3843.4942,3788.3196,3842.8314,3795.0848,16728817600,371891971101.4,1.258117,1.4538
2025-02-07,sh.000300,3844.0574,3919.3499,3833.8685,3892.7028,3842.8314,22185770700,487381557078.2,1.297777,2.2244
2025-02-10,sh.000300,3898.1023,3906.3678,3878.8314,3901.0618,3892.7028,18890304000,384968342874.3,0.214735,0.7074
2025-02-11,sh.000300,3905.1594,3905.1594,3872.9087,3883.1352,3901.0618,16657490900,337866056115.9,-0.459531,0.8267
2025-02-12,sh.000300,3875.9596,3920.7229,3867.3538,3919.8617,3883.1352,16422854000,354830596297.9,0.945795,1.3744
2025-02-13,sh.000300,3913.9044,3939.1978,3904.9845,3905.1398,3919.8617,17248587400,376473453306.6,-0.375572,0.8728
2025-02-14,sh.000300,3900.8274,3942.0356,3900.8274,3939.0085,3905.1398,17297645200,360974236854.4,0.867285,1.0552
2025-02-17,sh.000300,3954.4147,3955.8959,3921.7017,3947.3983,3939.0085,21358824600,430929575563.2,0.212993,0.8681
2025-02-18,sh.000300,3942.5761,3965.4232,3901.8675,3912.7829,3947.3983,20942510100,400186229940.7,-0.876917,1.6101
2025-02-19,sh.000300,3906.2201,3943.6742,3904.1455,3940.1602,3912.7829,18282951700,363680372562.7,0.699689,1.0102
2025-02-20,sh.000300,3934.6503,3940.678,3916.1772,3928.8959,3940.1602,16389523600,325972429362.6,-0.285884,0.6218
2025-02-21,sh.000300,3938.0518,3981.048,3927.7874,3978.444,3928.8959,22740033000,504645493577.1,1.26112,1.3556
2025-02-24,sh.000300,3972.4831,3995.9456,3949.2309,3969.7169,3978.444,22081061800,455088749684.5,-0.21936,1.1742
2025-02-25,sh.000300,3933.636,3955.4336,3915.6527,3925.6505,3969.7169,17810858000,377981451250.4,-1.110064,1.0021
2025-02-26,sh.000300,3931.842,3960.3298,3925.3664,3959.9413,3925.6505,19106250100,386458193762.6,0.873506,0.8906
2025-02-27,sh.000300,3961.0635,3973.9323,3933.4611,3968.1159,3959.9413,20288796300,428272792667.6,0.206432,1.022
2025-02-28,sh.000300,3950.1866,3972.4813,3886.3994,3890.0487,3968.1159,19810414700,420308043450.1,-1.967362,2.1693
2025-03-03,sh.000300,3899.6962,3930.0048,3872.5872,3888.4738,3890.0487,17762316600,356057735014.0,-0.040485,1.476
2025-03-04,sh.000300,3865.9939,3890.4235,3855.7254,3885.2208,3888.4738,14985096700,297739246802.3,-0.083658,0.8923
2025-03-05,sh.000300,3887.7992,3906.4214,3877.0188,3902.5706,3885.2208,15865275100,290860484504.9,0.446559,0.7568
2025-03-06,sh.000300,3923.3827,3964.4942,3917.0833,3956.2369,3902.5706,19396091500,397419427642.7,1.375153,1.2149
2025-03-07,sh.000300,3944.9145,3967.0743,3935.0464,3944.0143,3956.2369,16673237500,340626700285.5,-0.308945,0.8096
2025-03-10,sh.000300,3945.5795,3949.1448,3905.127,3928.8018,3944.0143,15276523200,292574987480.9,-0.385711,1.1161
2025-03-11,sh.000300,3890.4305,3941.4157,3889.4298,3941.4157,3928.8018,14475440200,287480453119.8,0.321062,1.3232
2025-03-12,sh.000300,3946.8623,3953.6125,3921.4736,3927.2315,3941.4157,15673219000,309627267364.8,-0.359876,0.8154
2025-03-13,sh.000300,3925.7439,3939.2854,3897.3758,3911.5793,3927.2315,15653644300,295173112579.6,-0.398556,1.0672
2025-03-14,sh.000300,3919.6159,4014.1586,3919.6159,4006.5567,3911.5793,21613900300,450895278803.0,2.428109,2.417
2025-03-17,sh.000300,4020.6402,4021.7278,3992.2563,3996.7876,4006.5567,16220291100,318904417418.3,-0.243828,0.7356
2025-03-18,sh.000300,4011.7794,4016.873,3995.9602,4007.7229,3996.7876,14020849600,292739319544.6,0.273602,0.5232
2025-03-19,sh.000300,4004.8251,4025.299,3989.512,4010.168,4007.7229,14441942800,286075300795.3,0.06101,0.893
2025-03-20,sh.000300,4011.0588,4012.0416,3969.9259,3974.9918,4010.168,13375467000,260020676825.8,-0.877175,1.0502
2025-03-21,sh.000300,3966.5146,3983.1476,3904.7674,3914.6956,3974.9918,16590529400,309348613935.4,-1.516889,1.9718
2025-03-24,sh.000300,3916.1136,3938.1826,3907.1999,3934.8486,3914.6956,15223467400,266051442612.7,0.514804,0.7914
2025-03-25,sh.000300,3937.8975,3946.3574,3921.5287,3932.2951,3934.8486,14047539900,239246310985.8,-0.064894,0.631
2025-03-26,sh.000300,3930.2073,3942.026,3916.8607,3919.3566,3932.2951,13116418700,220943164486.2,-0.329032,0.64
2025-03-27,sh.000300,3911.3841,3952.9852,3903.652,3932.4117,3919.3566,12679373800,232173613774.0,0.333093,1.2587
2025-03-28,sh.000300,3930.7763,3934.2336,3907.384,3915.1662,3932.4117,12635621400,213379194289.3,-0.438548,0.6828
2025-03-31,sh.000300,3905.9815,3928.4482,3872.403,3887.3056,3915.1662,16679852300,268480316572.3,-0.711607,1.4315
2025-04-01,sh.000300,3892.7794,3905.2622,3882.4045,3887.6841,3887.3056,14038027400,246041674670.2,0.009737,0.588
2025-04-02,sh.000300,3884.4181,3900.4949,3877.1599,3884.3858,3887.6841,11304317500,198267515342.4,-0.08484,0.6002
2025-04-03,sh.000300,3843.4177,3883.7025,3843.4177,3861.5034,3884.3858,14259978900,263684681545.1,-0.589087,1.0371
2025-04-07,sh.000300,3675.2017,3707.7771,3514.1165,3589.4406,3861.5034,31257858600,512971787744.6,-7.045515,5.0152
2025-04-08,sh.000300,3597.9859,3650.759,3583.8746,3650.759,3589.4406,28019731200,464021087837.5,1.7083,1.8634
2025-04-09,sh.000300,3606.1036,3686.7943,3587.3368,3686.7943,3650.759,26230570800,455031069289.8,0.987063,2.7243
2025-04-10,sh.000300,3749.1262,3756.1386,3708.8194,3735.1151,3686.7943,22725222700,403842564855.5,1.310645,1.2835
2025-04-11,sh.000300,3730.3148,3762.3653,3708.4617,3750.5167,3735.1151,16875969100,318535141904.4,0.412346,1.4432
2025-04-14,sh.000300,3772.0407,3776.6344,3754.033,3759.1422,3750.5167,16446240300,292571297039.1,0.229982,0.6026
2025-04-15,sh.000300,3756.4788,3764.486,3737.8495,3761.2348,3759.1422,13400604000,228604621375.8,0.055667,0.7086
2025-04-16,sh.000300,3757.8757,3775.1661,3721.6025,3772.8204,3761.2348,15635900600,261711094768.5,0.308027,1.4241
2025-04-17,sh.000300,3755.0862,3779.1253,3749.504,3772.2221,3772.8204,12237100200,209012323066.2,-0.015858,0.7851
2025-04-18,sh.000300,3760.0425,3782.0443,3754.4072,3772.523,3772.2221,10294850900,173109384097.2,0.007977,0.7326
2025-04-21,sh.000300,3768.1421,3790.1782,3763.1383,3784.8806,3772.523,12135573000,208085677382.1,0.327569,0.7168
2025-04-22,sh.000300,3780.1122,3799.2295,3778.0791,3783.9522,3784.8806,12568825700,210200698793.7,-0.024529,0.5588
2025-04-23,sh.000300,3803.4295,3807.9536,3780.5183,3786.8824,3783.9522,13198687000,247117386122.1,0.077438,0.725
2025-04-24,sh.000300,3787.459,3807.2599,3775.207,3784.3574,3786.8824,11716456000,205483051375.0,-0.066678,0.8464
2025-04-25,sh.000300,3792.0838,3801.5765,3780.7772,3786.9937,3784.3574,12459113300,220535052619.3,0.069663,0.5496
2025-04-28,sh.000300,3786.3867,3792.0082,3772.8029,3781.6188,3786.9937,12514509100,210635318523.2,-0.141931,0.5071
2025-04-29,sh.000300,3776.0025,3785.3157,3768.0311,3775.0767,3781.6188,11151469400,197462744362.5,-0.172997,0.4571
2025-04-30,sh.000300,3775.8306,3787.5639,3768.7573,3770.5705,3775.0767,14368165800,244820462217.6,-0.119367,0.4982
2025-05-06,sh.000300,3794.3757,3809.0939,3782.777,3808.5424,3770.5705,15852045900,267937090757.4,1.00706,0.698
2025-05-07,sh.000300,3861.5767,3863.6776,3814.9868,3831.627,3808.5424,16117229900,286010735453.4,0.606127,1.2785
2025-05-08,sh.000300,3820.5481,3867.3313,3816.2642,3852.8963,3831.627,12495983300,246987280587.7,0.555098,1.3328
2025-05-09,sh.000300,3848.6187,3853.6632,3836.5349,3846.1566,3852.8963,11938952600,216697939671.7,-0.174926,0.4446
2025-05-12,sh.000300,3866.5305,3890.7342,3859.0346,3890.6096,3846.1566,15333246000,296122947807.8,1.155777,0.8242
2025-05-13,sh.000300,3915.5924,3915.5924,3890.6855,3896.2583,3890.6096,14732029900,267586397719.9,0.145188,0.6402
2025-05-14,sh.000300,3894.8386,3960.5228,3890.6504,3943.2108,3896.2583,17203377900,319465226850.5,1.205066,1.7933
2025-05-15,sh.000300,3934.0273,3936.4653,3904.9068,3907.1992,3943.2108,13808174900,241464943553.6,-0.913256,0.8003
2025-05-16,sh.000300,3898.6662,3903.8528,3874.8619,3889.0854,3907.1992,11840534500,208835664039.2,-0.463601,0.742
2025-05-19,sh.000300,3882.5677,3885.5889,3866.5695,3877.1453,3889.0854,9864341400,184888170553.8,-0.307016,0.489
2025-05-20,sh.000300,3883.1024,3911.4737,3881.7436,3898.1705,3877.1453,10488523400,201636702521.8,0.542286,0.7668
2025-05-21,sh.000300,3899.4365,3928.6339,3899.4365,3916.3807,3898.1705,10979134300,217037739435.0,0.467147,0.749
2025-05-22,sh.000300,3912.6007,3923.0195,3903.0898,3913.8651,3916.3807,10759705200,197511410270.8,-0.064233,0.5089
2025-05-23,sh.000300,3910.3739,3931.5514,3882.2741,3882.2741,3913.8651,12027741900,232945378294.8,-0.807156,1.259
2025-05-26,sh.000300,3875.7891,3884.537,3849.0384,3860.1067,3882.2741,10960120700,208876792148.9,-0.57099,0.9144
2025-05-27,sh.000300,3857.6271,3865.4291,3834.8455,3839.3969,3860.1067,9857242500,178466763540.9,-0.536508,0.7923
2025-05-28,sh.000300,3843.0747,3849.736,3833.9582,3836.2366,3839.3969,8903102600,162496372727.5,-0.082312,0.4109
2025-05-29,sh.000300,3838.0092,3869.7909,3831.4577,3858.6998,3836.2366,10847188600,209459602501.2,0.585553,0.9992
2025-05-30,sh.000300,3850.493,3858.6128,3829.2542,3840.2323,3858.6998,11167222800,199389751071.1,-0.478594,0.7608
2025-06-03,sh.000300,3833.4584,3863.2952,3832.7202,3852.0127,3840.2323,13140309000,226782772062.7,0.306763,0.7962
2025-06-04,sh.000300,3855.4878,3875.8569,3855.4878,3868.7429,3852.0127,11680387300,211736178154.1,0.434324,0.5288
2025-06-05,sh.000300,3872.6373,3883.1345,3861.272,3877.5557,3868.7429,12287818400,231749275334.6,0.227795,0.5651
2025-06-06,sh.000300,3878.1027,3889.4557,3869.3871,3873.9841,3877.5557,11098797100,202034736310.9,-0.09211,0.5176
2025-06-09,sh.000300,3877.7977,3894.6517,3871.9917,3885.2459,3873.9841,13630629300,262023668465.5,0.290703,0.5849
2025-06-10,sh.000300,3887.5512,3897.4573,3850.4663,3865.4652,3885.2459,14556385900,263647551794.8,-0.509124,1.2095
2025-06-11,sh.000300,3870.6719,3911.6107,3870.6719,3894.6252,3865.4652,14241477200,257217704405.4,0.754372,1.0591
2025-06-12,sh.000300,3885.5196,3900.0408,3870.3838,3892.1992,3894.6252,13399869700,260239581458.0,-0.062291,0.7615
2025-06-13,sh.000300,3881.4923,3889.1602,3853.8186,3864.1822,3892.1992,17253953600,309172346179.9,-0.719824,0.908
2025-06-16,sh.000300,3853.6193,3876.1704,3853.6193,3873.7951,3864.1822,13734183500,246860982863.3,0.248769,0.5836
2025-06-17,sh.000300,3875.1768,3880.4156,3860.409,3870.3786,3873.7951,12234252600,220399818948.5,-0.088195,0.5165
2025-06-18,sh.000300,3871.6502,3881.346,3854.6575,3874.9708,3870.3786,12752862100,230553858263.6,0.11865,0.6896
2025-06-19,sh.000300,3870.049,3872.9425,3834.9512,3843.0912,3874.9708,13028065800,234840180805.5,-0.822706,0.9804
2025-06-20,sh.000300,3839.7833,3856.4799,3839.7833,3846.6443,3843.0912,11815102000,213522822874.5,0.092454,0.4345
2025-06-23,sh.000300,3831.1703,3867.5896,3827.0829,3857.9016,3846.6443,13380089200,232482215850.4,0.292652,1.053
2025-06-24,sh.000300,3862.3876,3914.1579,3862.3876,3904.0342,3857.9016,16365618800,294228720612.5,1.195795,1.3419
2025-06-25,sh.000300,3907.0682,3963.0371,3902.1771,3960.0662,3904.0342,18721367100,361727254624.0,1.435233,1.5589
2025-06-26,sh.000300,3953.1603,3964.482,3945.2589,3946.0195,3960.0662,16531626300,328102847495.6,-0.354709,0.4854
2025-06-27,sh.000300,3949.7879,3969.2626,3918.2041,3921.7578,3946.0195,19455791300,343468229813.8,-0.61484,1.2939
2025-06-30,sh.000300,3920.3149,3940.3611,3911.6044,3936.0791,3921.7578,14517023600,288821434921.4,0.365176,0.7333
2025-07-01,sh.000300,3935.9078,3946.2451,3924.7219,3942.762,3936.0791,12895936200,236070338399.4,0.169786,0.5468
2025-07-02,sh.000300,3943.3232,3952.1378,3929.6956,3943.6849,3942.762,14706306200,246637847453.8,0.023407,0.5692
2025-07-03,sh.000300,3949.3998,3971.616,3945.138,3968.0676,3943.6849,14100400600,269609569538.7,0.618272,0.6714
2025-07-04,sh.000300,3967.4637,4013.8478,3958.3762,3982.2034,3968.0676,15719713300,290512992198.0,0.356239,1.3979
2025-07-07,sh.000300,3977.2881,3979.7481,3956.5663,3965.1746,3982.2034,13113527300,225106992875.9,-0.427623,0.5821
2025-07-08,sh.000300,3965.426,4002.269,3965.426,3998.4527,3965.1746,15640289500,292089834223.8,0.839259,0.9292
2025-07-09,sh.000300,3997.5044,4016.7434,3987.4267,3991.4006,3998.4527,17329379600,305398796562.7,-0.176371,0.7332
2025-07-10,sh.000300,3993.4196,4032.9829,3992.5242,4010.0243,3991.4006,20977890400,347836703626.3,0.466596,1.0136
2025-07-11,sh.000300,4011.4652,4065.9419,4010.1052,4014.807,4010.0243,26205277300,443780794880.4,0.119269,1.3924
2025-07-14,sh.000300,4021.2135,4034.9198,4017.6678,4017.6678,4014.807,20791717500,321415945157.1,0.071256,0.4297
2025-07-15,sh.000300,4023.9896,4042.6574,3994.2628,4019.0644,4017.6678,19104293100,353524574440.9,0.034761,1.2045
2025-07-16,sh.000300,4019.3925,4027.8567,3993.9209,4007.2019,4019.0644,15102730800,300656795664.6,-0.295156,0.8444
2025-07-17,sh.000300,4005.067,4034.5935,4005.067,4034.491,4007.2019,16124904100,325516865722.7,0.681001,0.7368
2025-07-18,sh.000300,4039.8712,4064.6378,4039.3181,4058.5486,4034.491,18621106300,354244444629.7,0.596298,0.6276
2025-07-21,sh.000300,4069.7685,4086.1171,4063.4427,4085.6072,4058.5486,22326847600,377938564877.6,0.666706,0.5587
2025-07-22,sh.000300,4087.3354,4119.2021,4068.3383,4118.9582,4085.6072,25759698500,450874014479.4,0.816305,1.245
2025-07-23,sh.000300,4129.1476,4155.6783,4113.9085,4119.7685,4118.9582,30050615400,470330899420.8,0.019672,1.0141
2025-07-24,sh.000300,4116.8312,4152.4265,4111.8849,4149.0368,4119.7685,31963239200,487000043884.1,0.710436,0.9841
2025-07-25,sh.000300,4145.3195,4150.4994,4117.8005,4127.1634,4149.0368,27359496300,430445513470.9,-0.527192,0.7881
2025-07-28,sh.000300,4128.1993,4146.12,4112.9677,4135.8242,4127.1634,22275981500,406792873973.3,0.209849,0.8033
2025-07-29,sh.000300,4132.6833,4153.3307,4117.5772,4152.0247,4135.8242,23080788000,428764310973.8,0.391712,0.8645
2025-07-30,sh.000300,4148.9405,4185.2064,4127.4301,4151.2379,4152.0247,24985304800,445168467668.0,-0.01895,1.3915
2025-07-31,sh.000300,4141.5612,4141.8243,4063.6662,4075.5912,4151.2379,26708740600,492142571738.8,-1.822268,1.8828
2025-08-01,sh.000300,4069.9254,4085.3543,4040.462,4054.9286,4075.5912,19622182600,359685164163.4,-0.506984,1.1015
2025-08-04,sh.000300,4037.9378,4070.7023,4037.9378,4070.7023,4054.9286,16227590200,295976826632.4,0.389001,0.808
2025-08-05,sh.000300,4080.3877,4106.2969,4075.5836,4103.45,4070.7023,17885199900,306934255765.6,0.804473,0.7545
2025-08-06,sh.000300,4100.4283,4116.7085,4098.3544,4113.4852,4103.45,17667615500,307674626124.8,0.244555,0.4473
2025-08-07,sh.000300,4120.2822,4129.7382,4094.8214,4114.666,4113.4852,19864190200,358108366983.7,0.028706,0.8488
2025-08-08,sh.000300,4109.2734,4122.2104,4097.4157,4104.9669,4114.666,17317120100,308507687634.7,-0.23572,0.6026
2025-08-11,sh.000300,4110.2939,4134.2462,4103.605,4122.5106,4104.9669,19044371600,360685826235.0,0.427377,0.7464
2025-08-12,sh.000300,4123.5762,4153.2948,4121.2243,4143.8252,4122.5106,17728782300,383088423330.0,0.51703,0.7779
2025-08-13,sh.000300,4150.5037,4186.748,4147.1991,4176.5776,4143.8252,21393499900,462776745465.3,0.79039,0.9544
2025-08-14,sh.000300,4179.965,4220.3109,4165.9376,4173.3131,4176.5776,22110359500,485075642622.0,-0.078162,1.3019
2025-08-15,sh.000300,4162.4205,4214.7291,4157.495,4202.3533,4173.3131,26132756600,518686873500.8,0.695855,1.3714
2025-08-18,sh.000300,4218.2471,4272.9602,4203.4191,4239.4125,4202.3533,30147910200,635365867184.5,0.881868,1.6548
2025-08-19,sh.000300,4241.7651,4264.2303,4215.2075,4223.3741,4239.4125,25081877100,553536203259.6,-0.378317,1.1564
2025-08-20,sh.000300,4208.4005,4272.1463,4190.5559,4271.3958,4223.3741,24648177300,538815306146.9,1.137046,1.9319
2025-08-21,sh.000300,4284.3712,4308.4472,4273.6523,4288.0707,4271.3958,25903001400,558521268967.4,0.390385,0.8146
2025-08-22,sh.000300,4287.3633,4378.3881,4287.3633,4377.9977,4288.0707,29043489700,675935075408.9,2.097144,2.1227
2025-08-25,sh.000300,4416.2924,4472.6525,4404.7761,4469.2217,4377.9977,35809000600,823681964472.7,2.083692,1.5504
2025-08-26,sh.000300,4453.3526,4476.803,4435.5275,4452.5905,4469.2217,27062139500,627950450229.2,-0.372127,0.9236
2025-08-27,sh.000300,4458.8399,4494.9126,4386.1266,4386.1266,4452.5905,33313389800,785098482973.5,-1.492702,2.4432
2025-08-28,sh.000300,4378.0351,4464.8028,4364.171,4463.782,4386.1266,29683453600,739423602221.4,1.770478,2.2943
2025-08-29,sh.000300,4455.8034,4516.8395,4452.3632,4496.7591,4463.782,35193894700,831194066157.9,0.73877,1.4444
2025-09-01,sh.000300,4516.8787,4528.1342,4487.5304,4523.7111,4496.7591,32036670800,770378288126.9,0.599365,0.903
2025-09-02,sh.000300,4521.9828,4548.8937,4454.4169,4490.4528,4523.7111,30393256600,777999297964.1,-0.735199,2.0885
2025-09-03,sh.000300,4501.3388,4510.7303,4427.5176,4459.8296,4490.4528,25432021700,655697116709.1,-0.681962,1.8531
2025-09-04,sh.000300,4461.2503,4465.4967,4327.5068,4365.2085,4459.8296,30793460900,773124596998.1,-2.12163,3.0941
2025-09-05,sh.000300,4365.6083,4466.5603,4350.2974,4460.3249,4365.2085,24962565700,664166970946.5,2.178966,2.6634
2025-09-08,sh.000300,4467.1693,4482.763,4438.0698,4467.5733,4460.3249,26763838200,683630879769.1,0.162508,1.002
2025-09-09,sh.000300,4448.739,4472.093,4412.6914,4436.2584,4467.5733,22137546000,562861103958.4,-0.700938,1.3296
2025-09-10,sh.000300,4438.2998,4466.6325,4414.5937,4445.3649,4436.2584,20359764600,535539349489.1,0.205274,1.173
2025-09-11,sh.000300,4438.839,4548.0345,4427.9242,4548.0345,4445.3649,25326405100,693156671397.7,2.309588,2.7019
2025-09-12,sh.000300,4544.5905,4564.6665,4517.7897,4521.998,4548.0345,26644200300,689576075691.4,-0.572478,1.0307
2025-09-15,sh.000300,4534.8866,4566.9053,4522.4958,4533.0557,4521.998,23188567800,613314652419.1,0.244531,0.9821
2025-09-16,sh.000300,4539.9217,4552.419,4494.7875,4523.3367,4533.0557,24926920600,613728334805.9,-0.214403,1.2714
2025-09-17,sh.000300,4517.2855,4556.0296,4503.7959,4551.023,4523.3367,23571647200,608454200521.1,0.612077,1.1548
2025-09-18,sh.000300,4546.0319,4573.8331,4454.9886,4498.109,4551.023,30985982600,839987127411.0,-1.162684,2.6114
2025-09-19,sh.000300,4499.0906,4533.0919,4491.8437,4501.9195,4498.109,22504400000,603887059817.1,0.084713,0.917
2025-09-22,sh.000300,4512.0251,4523.8695,4487.1299,4522.608,4501.9195,19645995600,563149164266.0,0.459548,0.8161
2025-09-23,sh.000300,4536.7569,4560.7319,4459.7281,4519.7781,4522.608,25282706200,680513630695.8,-0.062572,2.2333
2025-09-24,sh.000300,4495.2659,4567.4948,4494.1133,4566.0708,4519.7781,22048260800,629161495484.1,1.024225,1.6236
2025-09-25,sh.000300,4563.9827,4613.9486,4558.8424,4593.4875,4566.0708,22982333300,669866986618.6,0.600444,1.2069
2025-09-26,sh.000300,4576.9142,4597.8472,4550.0487,4550.0487,4593.4875,20848211400,598723903173.9,-0.945661,1.0406
2025-09-29,sh.000300,4555.0342,4647.5691,4541.4252,4620.0528,4550.0487,27435887700,693395231241.2,1.538535,2.3328
2025-09-30,sh.000300,4629.8987,4647.5031,4616.2243,4640.6935,4620.0528,24798035900,664624101862.0,0.446763,0.677
2025-10-09,sh.000300,4662.1133,4726.3449,4651.9895,4709.482,4640.6935,34767869600,862208005908.4,1.482289,1.6022
2025-10-10,sh.000300,4679.4983,4692.5858,4600.9646,4616.8341,4709.482,31902089900,792743047250.5,-1.967263,1.9455
2025-10-13,sh.000300,4490.8661,4601.8072,4490.8661,4593.9785,4616.8341,31501035400,714001634395.3,-0.495049,2.403
2025-10-14,sh.000300,4634.0543,4641.4492,4520.9258,4539.0644,4593.9785,37295403000,808959003201.4,-1.19535,2.6235
2025-10-15,sh.000300,4544.2431,4608.8239,4526.834,4606.2879,4539.0644,28477185500,607326345325.6,1.480999,1.8063
2025-10-16,sh.000300,4588.9206,4645.0959,4586.2801,4618.4218,4606.2879,24823551800,560567191741.4,0.26342,1.2769
2025-10-17,sh.000300,4610.6967,4618.5621,4509.3289,4514.2345,4618.4218,25690561700,559085965218.7,-2.255907,2.3652
2025-10-20,sh.000300,4558.2421,4570.4376,4520.5024,4538.2201,4514.2345,21842040500,505798833703.2,0.531333,1.1062
2025-10-21,sh.000300,4556.1224,4615.463,4547.9283,4607.8715,4538.2201,21571117500,551390253215.9,1.534774,1.4881
2025-10-22,sh.000300,4576.0277,4603.4884,4567.2361,4592.57,4607.8715,18533396000,440935302747.4,-0.332073,0.7867
2025-10-23,sh.000300,4578.7018,4611.3409,4541.6944,4606.3447,4592.57,20046391700,420800208775.6,0.299934,1.5165
2025-10-24,sh.000300,4622.7873,4660.6835,4622.7873,4660.6835,4606.3447,20881448300,551986648560.5,1.179651,0.8227
2025-10-27,sh.000300,4699.3819,4720.4288,4687.6876,4716.0186,4660.6835,26220067400,672670372522.7,1.187274,0.7025
2025-10-28,sh.000300,4697.7277,4734.3218,4679.2288,4691.973,4716.0186,22090664500,571563257095.5,-0.509871,1.1682
2025-10-29,sh.000300,4701.0362,4747.8378,4697.268,4747.8378,4691.973,24621132400,645898688765.2,1.190646,1.0778
2025-10-30,sh.000300,4735.9807,4761.8339,4706.452,4709.911,4747.8378,27328911800,719956285438.0,-0.798823,1.1665
2025-10-31,sh.000300,4702.4946,4706.1395,4640.6676,4640.6676,4709.911,28146474000,680712251492.7,-1.470164,1.3901
2025-11-03,sh.000300,4636.7323,4653.4028,4595.7339,4653.4028,4640.6676,23986980900,557602941095.9,0.274426,1.2427
2025-11-04,sh.000300,4649.3481,4665.323,4595.066,4618.699,4653.4028,23322403200,505177700976.6,-0.745773,1.5098
2025-11-05,sh.000300,4562.1117,4642.6101,4558.7647,4627.257,4618.699,20304587100,468361161388.7,0.18529,1.8153
2025-11-06,sh.000300,4642.0112,4698.0935,4642.0112,4693.4032,4627.257,22424100800,553641780921.2,1.429491,1.212
2025-11-07,sh.000300,4673.7616,4701.3743,4666.0405,4678.7944,4693.4032,21249737700,507573849500.2,-0.311262,0.7528
2025-11-10,sh.000300,4688.124,4695.1794,4654.2103,4695.0507,4678.7944,23602676400,593977127605.0,0.347446,0.8756
2025-11-11,sh.000300,4706.3374,4707.1275,4648.4896,4652.1655,4695.0507,18663885800,477629076357.0,-0.913413,1.2489
2025-11-12,sh.000300,4643.5592,4669.6073,4620.9897,4645.9079,4652.1655,20946059200,492308866408.7,-0.134509,1.0451
2025-11-13,sh.000300,4643.7862,4703.4897,4643.7862,4702.0738,4645.9079,20736747400,510060678210.4,1.208933,1.2851
2025-11-14,sh.000300,4663.3175,4684.2578,4628.0242,4628.1398,4702.0738,19209267600,444720433578.5,-1.57237,1.1959
2025-11-17,sh.000300,4616.8058,4624.8976,4580.2613,4598.0525,4628.1398,18895546600,438940097527.8,-0.650095,0.9645
2025-11-18,sh.000300,4584.7896,4606.6167,4552.8038,4568.1928,4598.0525,17771318500,420150126547.0,-0.649399,1.1703
2025-11-19,sh.000300,4568.0365,4607.8627,4568.0365,4588.2922,4568.1928,17292497400,385230481969.8,0.439986,0.8718
2025-11-20,sh.000300,4619.5401,4620.6529,4560.1814,4564.9483,4588.2922,19456259300,415064817729.8,-0.508771,1.318
2025-11-21,sh.000300,4513.3858,4527.0436,4453.1819,4453.6076,4564.9483,22285101300,481295814462.6,-2.439035,1.618
2025-11-24,sh.000300,4473.1563,4478.8081,4421.8123,4448.0478,4453.6076,18583372900,425807469499.9,-0.124838,1.2798
2025-11-25,sh.000300,4475.8359,4510.7729,4467.3529,4490.4047,4448.0478,16957192900,411523796962.4,0.952258,0.9762
2025-11-26,sh.000300,4490.2021,4538.1361,4485.6984,4517.6255,4490.4047,15620036800,427361377738.4,0.606199,1.1678
2025-11-27,sh.000300,4520.014,4559.2183,4509.8635,4515.4027,4517.6255,15031177200,417789843567.7,-0.049203,1.0925
2025-11-28,sh.000300,4511.4972,4531.7219,4492.4256,4526.6616,4515.4027,14290209600,341832317979.4,0.249344,0.8703
2025-12-01,sh.000300,4539.1877,4576.9654,4531.2917,4576.4856,4526.6616,20038231700,463861587251.4,1.100679,1.009
2025-12-02,sh.000300,4571.9098,4575.4945,4539.4312,4554.3347,4576.4856,14849313200,364366426477.8,-0.484016,0.788
2025-12-03,sh.000300,4554.5894,4569.821,4523.5017,4531.0486,4554.3347,16976279000,374486168902.9,-0.511295,1.017
2025-12-04,sh.000300,4533.6004,4557.4228,4514.1878,4546.5664,4531.0486,14719811000,348767399211.7,0.342477,0.9542
2025-12-05,sh.000300,4547.9056,4593.8279,4535.0195,4584.5368,4546.5664,19679996800,412146806538.3,0.835145,1.2935
2025-12-08,sh.000300,4593.1399,4640.6256,4592.7414,4621.7545,4584.5368,19962099000,496716196112.2,0.811809,1.0445
2025-12-09,sh.000300,4611.379,4628.7049,4584.254,4598.2232,4621.7545,18416034400,452113884581.0,-0.509142,0.9618
2025-12-10,sh.000300,4586.254,4598.5366,4549.0798,4591.8273,4598.2232,16911110600,401452781497.6,-0.139095,1.0756
2025-12-11,sh.000300,4597.1901,4610.2787,4547.1372,4552.1848,4591.8273,16841940500,432431093509.7,-0.863327,1.3751
2025-12-12,sh.000300,4558.7375,4583.6753,4530.7841,4580.95,4552.1848,21282652000,523863221651.9,0.631899,1.1619
2025-12-15,sh.000300,4550.0028,4595.0463,4548.4382,4552.0596,4580.95,16758996700,424383389792.3,-0.630664,1.0174
2025-12-16,sh.000300,4542.4226,4553.0806,4484.27,4497.5545,4552.0596,16516520100,390500134302.7,-1.197372,1.5116
2025-12-17,sh.000300,4499.7729,4594.6556,4498.9304,4579.875,4497.5545,17842483000,452504741114.1,1.830339,2.1284
2025-12-18,sh.000300,4553.9788,4571.9683,4544.1416,4552.7926,4579.875,15168132800,382102395684.6,-0.591335,0.6076
2025-12-19,sh.000300,4561.3729,4591.0931,4546.8465,4568.1781,4552.7926,15487622000,371577144281.1,0.337935,0.9719
2025-12-22,sh.000300,4587.6683,4615.8721,4587.6683,4611.6235,4568.1781,16525285600,448240599513.9,0.951044,0.6174
2025-12-23,sh.000300,4616.026,4644.5347,4607.7992,4620.7341,4611.6235,16925641200,433141326005.5,0.197557,0.7966
2025-12-24,sh.000300,4623.6831,4639.4278,4602.1444,4634.0586,4620.7341,15371124100,406375640662.1,0.288363,0.8069
2025-12-25,sh.000300,4629.3195,4651.1535,4621.9208,4642.5357,4634.0586,13943418600,385356060832.4,0.18293,0.6308
2025-12-26,sh.000300,4639.7895,4676.131,4635.1052,4657.24,4642.5357,17539656500,460426934267.5,0.31673,0.8837
2025-12-29,sh.000300,4658.2654,4672.0352,4629.0567,4639.3721,4657.24,20039713300,482613536466.5,-0.383659,0.9228
2025-12-30,sh.000300,4617.3163,4664.3305,4616.6323,4651.2818,4639.3721,18037497400,457185489036.8,0.256709,1.0281
2025-12-31,sh.000300,4656.48,4667.0467,4622.0988,4629.9395,4651.2818,17076022400,444491545749.0,-0.458848,0.9664
2026-01-05,sh.000300,4661.616,4721.6378,4661.616,4717.7457,4629.9395,23414483900,630577351311.4,1.896487,1.2964
2026-01-06,sh.000300,4719.2088,4790.6938,4718.0099,4790.6938,4717.7457,29697068600,725414566872.9,1.546249,1.5406
2026-01-07,sh.000300,4796.9335,4802.6028,4751.0713,4776.6658,4790.6938,25909556400,664897929360.7,-0.292818,1.0757
2026-01-08,sh.000300,4761.0105,4765.4863,4717.0091,4737.6536,4776.6658,23880495700,630655637961.6,-0.816725,1.0149
2026-01-09,sh.000300,4725.9571,4771.4276,4719.134,4758.9221,4737.6536,25468803800,668788811126.9,0.448925,1.1038
2026-01-12,sh.000300,4769.6501,4795.9327,4737.5702,4789.9155,4758.9221,29483316500,799954082388.1,0.651269,1.2264
2026-01-13,sh.000300,4798.0488,4836.9549,4745.5154,4761.0324,4789.9155,30144949700,801054979639.8,-0.602998,1.909
2026-01-14,sh.000300,4767.6956,4818.1008,4720.246,4741.9306,4761.0324,36495102300,891334219174.3,-0.401211,2.0553
2026-01-15,sh.000300,4721.7966,4769.5478,4720.9368,4751.4293,4741.9306,25400363600,674058683639.6,0.200313,1.0251
2026-01-16,sh.000300,4778.4302,4792.5514,4715.3646,4731.8728,4751.4293,32527892900,785624166096.3,-0.411592,1.6245
2026-01-19,sh.000300,4720.1945,4761.6317,4715.0867,4734.4556,4731.8728,26761249200,655149256235.7,0.054583,0.9836
2026-01-20,sh.000300,4736.9096,4748.2297,4684.9684,4718.8782,4734.4556,28271957900,671960685391.4,-0.329022,1.3362
2026-01-21,sh.000300,4714.5541,4758.2793,4714.2366,4723.0692,4718.8782,26635333200,665330511237.3,0.088813,0.9333
2026-01-22,sh.000300,4741.7548,4757.7637,4700.4482,4723.7091,4723.0692,27419993200,690235248160.5,0.013548,1.2135
2026-01-23,sh.000300,4729.585,4734.7942,4684.6172,4702.4966,4723.7091,31463544500,755617735528.3,-0.449064,1.0622
2026-01-26,sh.000300,4715.3753,4754.1777,4693.1577,4706.964,4702.4966,36300448100,796832970315.2,0.095001,1.2976
2026-01-27,sh.000300,4705.1744,4736.9857,4675.6409,4705.6918,4706.964,30147569700,715267914840.3,-0.027028,1.3033
2026-01-28,sh.000300,4725.6014,4739.6257,4697.9063,4717.9914,4705.6918,38225560200,829414067055.4,0.261377,0.8866
2026-01-29,sh.000300,4733.0879,4770.9599,4696.0536,4753.8697,4717.9914,41551305500,917966160339.3,0.760457,1.5877
2026-01-30,sh.000300,4723.081,4738.8711,4645.4706,4706.3401,4753.8697,31978653100,750564885195.4,-0.999809,1.9647
2026-02-02,sh.000300,4674.2759,4716.6069,4601.7603,4605.9799,4706.3401,30477350000,725920381252.0,-2.132447,2.4403
2026-02-03,sh.000300,4648.3574,4662.1264,4578.2087,4660.1074,4605.9799,26554940500,666626842810.7,1.175157,1.8219
2026-02-04,sh.000300,4647.9671,4701.4768,4641.8424,4698.6832,4660.1074,26488103200,636018589862.7,0.827788,1.2797
2026-02-05,sh.000300,4664.7478,4687.0213,4639.43,4670.4188,4698.6832,23785635100,550433167197.1,-0.601539,1.0129
2026-02-06,sh.000300,4622.9747,4678.2618,4606.6379,4643.5959,4670.4188,20271647700,505759806237.8,-0.574315,1.5336
2026-02-09,sh.000300,4693.6715,4719.9642,4679.9037,4719.0559,4643.5959,20725193800,522757267199.4,1.625034,0.8627
2026-02-10,sh.000300,4718.2552,4732.0871,4713.8684,4724.2956,4719.0559,18700095800,450339578978.4,0.111033,0.3861
2026-02-11,sh.000300,4715.6697,4723.7043,4703.6873,4713.8185,4724.2956,17339168100,433428613402.0,-0.221771,0.4237
2026-02-12,sh.000300,4720.0085,4726.0426,4707.7359,4719.578,4713.8185,19784143900,490473852275.1,0.122183,0.3884
2026-02-13,sh.000300,4693.4106,4703.6332,4658.4038,4660.4056,4719.578,18916775600,452878594068.8,-1.253765,0.9583
2026-02-24,sh.000300,4727.2961,4727.373,4698.3488,4707.544,4660.4056,21848889000,526084235584.0,1.011466,0.6228
2026-02-25,sh.000300,4713.5754,4766.5587,4713.3438,4735.8858,4707.544,28426835400,596903872616.7,0.602051,1.1304
2026-02-26,sh.000300,4741.3896,4742.1476,4706.6943,4726.8739,4735.8858,23484764400,599848915404.9,-0.19029,0.7486
2026-02-27,sh.000300,4698.3,4721.0141,4692.891,4710.6469,4726.8739,26142086500,578820992510.3,-0.343292,0.595
2026-03-02,sh.000300,4681.0141,4735.4055,4667.2752,4728.6688,4710.6469,34926075200,752681937770.4,0.382578,1.4463
2026-03-03,sh.000300,4737.3164,4744.5987,4651.4047,4655.8962,4728.6688,37062427200,801659243770.0,-1.538966,1.9708
2026-03-04,sh.000300,4609.1918,4639.4204,4575.8249,4602.6247,4655.8962,30303566600,608923128590.3,-1.144173,1.3659
2026-03-05,sh.000300,4651.9415,4671.5268,4630.3024,4647.6921,4602.6247,25931782500,570443777084.6,0.979167,0.8957
2026-03-06,sh.000300,4621.4939,4671.7126,4612.7943,4660.439,4647.6921,23852792600,487807080156.9,0.274263,1.2677
2026-03-09,sh.000300,4600.2535,4625.9814,4548.969,4615.4551,4660.439,32278761700,665821508005.3,-0.965229,1.6525
2026-03-10,sh.000300,4648.7851,4677.5958,4648.7851,4674.7562,4615.4551,26390374800,557607876148.6,1.284838,0.6242
2026-03-11,sh.000300,4681.0316,4711.8671,4674.7088,4704.4959,4674.7562,27017544300,579564397580.3,0.636176,0.7949
2026-03-12,sh.000300,4700.7205,4704.3791,4654.3147,4687.5601,4704.4959,30298681600,572105482463.8,-0.359992,1.0642
2026-03-13,sh.000300,4669.0619,4707.4194,4659.4979,4669.14,4687.5601,31077200900,580305608197.8,-0.392957,1.0223
2026-03-16,sh.000300,4669.2241,4673.6929,4621.8118,4671.5591,4669.14,29621507000,598799098356.4,0.05181,1.1111
2026-03-17,sh.000300,4685.5697,4720.8608,4637.368,4637.4392,4671.5591,26302191300,578501505807.6,-0.730375,1.7873
2026-03-18,sh.000300,4648.7517,4662.2936,4604.5163,4658.3324,4637.4392,23469070500,524173911454.0,0.450533,1.2459
2026-03-19,sh.000300,4611.4399,4634.5468,4570.392,4583.2511,4658.3324,25413044900,547850295789.2,-1.611763,1.3772
2026-03-20,sh.000300,4602.8205,4628.7118,4563.0687,4567.0179,4583.2511,25787370300,615463088557.8,-0.354185,1.4322
2026-03-23,sh.000300,4499.1004,4514.7182,4397.5661,4417.9971,4567.0179,32808194500,671719761060.9,-3.262978,2.5652
2026-03-24,sh.000300,4458.9074,4474.825,4394.2943,4474.7224,4417.9971,25553251700,530149390314.2,1.28396,1.8228
2026-03-25,sh.000300,4506.6247,4542.1806,4502.0265,4537.4656,4474.7224,26263927900,550428161188.3,1.40217,0.8974
2026-03-26,sh.000300,4525.3291,4541.0502,4468.9571,4477.5343,4537.4656,21373678800,471127498414.3,-1.32081,1.5888
2026-03-27,sh.000300,4431.5034,4519.8903,4431.4205,4502.5698,4477.5343,19240038800,440517561617.1,0.559136,1.9759
2026-03-30,sh.000300,4461.7367,4496.4109,4447.1373,4491.95,4502.5698,20929309200,444629519711.2,-0.235861,1.0943
2026-03-31,sh.000300,4491.9209,4523.1745,4450.0493,4450.0493,4491.95,22454158500,484558113011.2,-0.932795,1.6279
2026-04-01,sh.000300,4517.2717,4532.1093,4492.0544,4526.0668,4450.0493,21648319600,503744056996.0,1.70824,0.9001
2026-04-02,sh.000300,4514.4416,4519.6931,4459.6095,4478.9141,4526.0668,19099216100,429949131699.9,-1.041803,1.3275
2026-04-03,sh.000300,4492.8461,4494.4571,4437.5952,4440.7889,4478.9141,16832170500,373234910157.7,-0.851215,1.2695
2026-04-07,sh.000300,4445.8613,4458.9264,4420.6939,4440.6162,4440.7889,16263878700,378261695014.8,-0.003889,0.8609
2026-04-08,sh.000300,4517.3403,4595.556,4513.7705,4595.556,4440.6162,25333921300,641779180969.5,3.489151,1.8418
2026-04-09,sh.000300,4562.6696,4579.197,4552.4244,4566.2237,4595.556,18493978300,500445676660.7,-0.638275,0.5826
2026-04-10,sh.000300,4594.9467,4655.0988,4590.1089,4636.5655,4566.2237,20867860500,625717995648.2,1.540481,1.4233
2026-04-13,sh.000300,4615.133,4653.3983,4615.133,4646.1546,4636.5655,19671227700,556620945240.3,0.206815,0.8253
2026-04-14,sh.000300,4676.1235,4701.2837,4654.8526,4701.2837,4646.1546,20470033200,605717793585.3,1.186553,0.9993
2026-04-15,sh.000300,4726.6381,4731.2729,4672.556,4685.2464,4701.2837,20168850000,604550556798.3,-0.341126,1.249
2026-04-16,sh.000300,4694.4309,4739.2208,4689.414,4736.6077,4685.2464,19205760000,567611323592.2,1.096235,1.0631
2026-04-17,sh.000300,4728.9951,4738.3236,4714.4669,4728.6716,4736.6077,18291533600,587622682307.9,-0.167548,0.5037
2026-04-20,sh.000300,4727.1661,4763.0427,4720.6853,4757.4419,4728.6716,22163349400,626568410330.9,0.608422,0.8958
2026-04-21,sh.000300,4750.5149,4776.8258,4722.0074,4767.997,4757.4419,20561405800,580407995619.7,0.221865,1.1523
