date,stock_id
2018-01-01,600000
2018-01-01,600008
2018-01-01,600009
2018-01-01,600010
2018-01-01,600011
2018-01-01,600015
2018-01-01,600016
2018-01-01,600018
2018-01-01,600019
2018-01-01,600021
2018-01-01,600023
2018-01-01,600028
2018-01-01,600029
2018-01-01,600030
2018-01-01,600031
2018-01-01,600036
2018-01-01,600038
2018-01-01,600048
2018-01-01,600050
2018-01-01,600061
2018-01-01,600066
2018-01-01,600068
2018-01-01,600074
2018-01-01,600085
2018-01-01,600089
2018-01-01,600100
2018-01-01,600104
2018-01-01,600109
2018-01-01,600111
2018-01-01,600115
2018-01-01,600118
2018-01-01,600153
2018-01-01,600157
2018-01-01,600170
2018-01-01,600177
2018-01-01,600188
2018-01-01,600196
2018-01-01,600208
2018-01-01,600219
2018-01-01,600221
2018-01-01,600233
2018-01-01,600271
2018-01-01,600276
2018-01-01,600297
2018-01-01,600309
2018-01-01,600332
2018-01-01,600340
2018-01-01,600352
2018-01-01,600362
2018-01-01,600369
2018-01-01,600372
2018-01-01,600373
2018-01-01,600376
2018-01-01,600383
2018-01-01,600390
2018-01-01,600406
2018-01-01,600415
2018-01-01,600436
2018-01-01,600482
2018-01-01,600485
2018-01-01,600489
2018-01-01,600498
2018-01-01,600518
2018-01-01,600519
2018-01-01,600522
2018-01-01,600535
2018-01-01,600547
2018-01-01,600549
2018-01-01,600570
2018-01-01,600583
2018-01-01,600585
2018-01-01,600588
2018-01-01,600606
2018-01-01,600637
2018-01-01,600649
2018-01-01,600660
2018-01-01,600663
2018-01-01,600674
2018-01-01,600682
2018-01-01,600685
2018-01-01,600688
2018-01-01,600690
2018-01-01,600703
2018-01-01,600704
2018-01-01,600705
2018-01-01,600739
2018-01-01,600741
2018-01-01,600795
2018-01-01,600804
2018-01-01,600816
2018-01-01,600820
2018-01-01,600827
2018-01-01,600837
2018-01-01,600871
2018-01-01,600886
2018-01-01,600887
2018-01-01,600893
2018-01-01,600895
2018-01-01,600900
2018-01-01,600909
2018-01-01,600919
2018-01-01,600926
2018-01-01,600958
2018-01-01,600959
2018-01-01,600977
2018-01-01,600999
2018-01-01,601006
2018-01-01,601009
2018-01-01,601012
2018-01-01,601018
2018-01-01,601021
2018-01-01,601088
2018-01-01,601099
2018-01-01,601111
2018-01-01,601117
2018-01-01,601118
2018-01-01,601155
2018-01-01,601163
2018-01-01,601166
2018-01-01,601169
2018-01-01,601186
2018-01-01,601198
2018-01-01,601211
2018-01-01,601212
2018-01-01,601216
2018-01-01,601225
2018-01-01,601228
2018-01-01,601229
2018-01-01,601288
2018-01-01,601318
2018-01-01,601328
2018-01-01,601333
2018-01-01,601336
2018-01-01,601375
2018-01-01,601377
2018-01-01,601390
2018-01-01,601398
2018-01-01,601555
2018-01-01,601600
2018-01-01,601601
2018-01-01,601607
2018-01-01,601608
2018-01-01,601611
2018-01-01,601618
2018-01-01,601628
2018-01-01,601633
2018-01-01,601668
2018-01-01,601669
2018-01-01,601688
2018-01-01,601718
2018-01-01,601727
2018-01-01,601766
2018-01-01,601788
2018-01-01,601800
2018-01-01,601818
2018-01-01,601857
2018-01-01,601866
2018-01-01,601872
2018-01-01,601877
2018-01-01,601878
2018-01-01,601881
2018-01-01,601888
2018-01-01,601898
2018-01-01,601899
2018-01-01,601901
2018-01-01,601919
2018-01-01,601933
2018-01-01,601939
2018-01-01,601958
2018-01-01,601966
2018-01-01,601985
2018-01-01,601988
2018-01-01,601989
2018-01-01,601991
2018-01-01,601992
2018-01-01,601997
2018-01-01,601998
2018-01-01,603160
2018-01-01,603799
2018-01-01,603833
2018-01-01,603858
2018-01-01,603993
2018-01-01,000001
2018-01-01,000002
2018-01-01,000008
2018-01-01,000060
2018-01-01,000063
2018-01-01,000069
2018-01-01,000100
2018-01-01,000157
2018-01-01,000166
2018-01-01,000333
2018-01-01,000338
2018-01-01,000402
2018-01-01,000413
2018-01-01,000415
2018-01-01,000423
2018-01-01,000425
2018-01-01,000503
2018-01-01,000538
2018-01-01,000540
2018-01-01,000559
2018-01-01,000568
2018-01-01,000623
2018-01-01,000625
2018-01-01,000627
2018-01-01,000630
2018-01-01,000651
2018-01-01,000671
2018-01-01,000686
2018-01-01,000709
2018-01-01,000723
2018-01-01,000725
2018-01-01,000728
2018-01-01,000738
2018-01-01,000750
2018-01-01,000768
2018-01-01,000776
2018-01-01,000783
2018-01-01,000792
2018-01-01,000826
2018-01-01,000839
2018-01-01,000858
2018-01-01,000876
2018-01-01,000895
2018-01-01,000898
2018-01-01,000938
2018-01-01,000959
2018-01-01,000961
2018-01-01,000963
2018-01-01,000983
2018-01-01,001979
2018-01-01,002007
2018-01-01,002008
2018-01-01,002024
2018-01-01,002027
2018-01-01,002044
2018-01-01,002065
2018-01-01,002074
2018-01-01,002081
2018-01-01,002142
2018-01-01,002146
2018-01-01,002153
2018-01-01,002174
2018-01-01,002202
2018-01-01,002230
2018-01-01,002236
2018-01-01,002241
2018-01-01,002252
2018-01-01,002292
2018-01-01,002294
2018-01-01,002304
2018-01-01,002310
2018-01-01,002352
2018-01-01,002385
2018-01-01,002411
2018-01-01,002415
2018-01-01,002424
2018-01-01,002426
2018-01-01,002450
2018-01-01,002456
2018-01-01,002460
2018-01-01,002465
2018-01-01,002466
2018-01-01,002468
2018-01-01,002470
2018-01-01,002475
2018-01-01,002500
2018-01-01,002508
2018-01-01,002555
2018-01-01,002558
2018-01-01,002572
2018-01-01,002594
2018-01-01,002601
2018-01-01,002602
2018-01-01,002608
2018-01-01,002624
2018-01-01,002673
2018-01-01,002714
2018-01-01,002736
2018-01-01,002739
2018-01-01,002797
2018-01-01,002831
2018-01-01,002839
2018-01-01,002841
2018-01-01,300003
2018-01-01,300015
2018-01-01,300017
2018-01-01,300024
2018-01-01,300027
2018-01-01,300033
2018-01-01,300059
2018-01-01,300070
2018-01-01,300072
2018-01-01,300122
2018-01-01,300124
2018-01-01,300136
2018-01-01,300144
2018-01-01,300251
2018-01-01,300315
2018-02-01,600000
2018-02-01,600008
2018-02-01,600009
2018-02-01,600010
2018-02-01,600011
2018-02-01,600015
2018-02-01,600016
2018-02-01,600018
2018-02-01,600019
2018-02-01,600021
2018-02-01,600023
2018-02-01,600028
2018-02-01,600029
2018-02-01,600030
2018-02-01,600031
2018-02-01,600036
2018-02-01,600038
2018-02-01,600048
2018-02-01,600050
2018-02-01,600061
2018-02-01,600066
2018-02-01,600068
2018-02-01,600074
2018-02-01,600085
2018-02-01,600089
2018-02-01,600100
2018-02-01,600104
2018-02-01,600109
2018-02-01,600111
2018-02-01,600115
2018-02-01,600118
2018-02-01,600153
2018-02-01,600157
2018-02-01,600170
2018-02-01,600177
2018-02-01,600188
2018-02-01,600196
2018-02-01,600208
2018-02-01,600219
2018-02-01,600221
2018-02-01,600233
2018-02-01,600271
2018-02-01,600276
2018-02-01,600297
2018-02-01,600309
2018-02-01,600332
2018-02-01,600340
2018-02-01,600352
2018-02-01,600362
2018-02-01,600369
2018-02-01,600372
2018-02-01,600373
2018-02-01,600376
2018-02-01,600383
2018-02-01,600390
2018-02-01,600406
2018-02-01,600415
2018-02-01,600436
2018-02-01,600482
2018-02-01,600485
2018-02-01,600489
2018-02-01,600498
2018-02-01,600518
2018-02-01,600519
2018-02-01,600522
2018-02-01,600535
2018-02-01,600547
2018-02-01,600549
2018-02-01,600570
2018-02-01,600583
2018-02-01,600585
2018-02-01,600588
2018-02-01,600606
2018-02-01,600637
2018-02-01,600649
2018-02-01,600660
2018-02-01,600663
2018-02-01,600674
2018-02-01,600682
2018-02-01,600685
2018-02-01,600688
2018-02-01,600690
2018-02-01,600703
2018-02-01,600704
2018-02-01,600705
2018-02-01,600739
2018-02-01,600741
2018-02-01,600795
2018-02-01,600804
2018-02-01,600816
2018-02-01,600820
2018-02-01,600827
2018-02-01,600837
2018-02-01,600871
2018-02-01,600886
2018-02-01,600887
2018-02-01,600893
2018-02-01,600895
2018-02-01,600900
2018-02-01,600909
2018-02-01,600919
2018-02-01,600926
2018-02-01,600958
2018-02-01,600959
2018-02-01,600977
2018-02-01,600999
2018-02-01,601006
2018-02-01,601009
2018-02-01,601012
2018-02-01,601018
2018-02-01,601021
2018-02-01,601088
2018-02-01,601099
2018-02-01,601111
2018-02-01,601117
2018-02-01,601118
2018-02-01,601155
2018-02-01,601163
2018-02-01,601166
2018-02-01,601169
2018-02-01,601186
2018-02-01,601198
2018-02-01,601211
2018-02-01,601212
2018-02-01,601216
2018-02-01,601225
2018-02-01,601228
2018-02-01,601229
2018-02-01,601288
2018-02-01,601318
2018-02-01,601328
2018-02-01,601333
2018-02-01,601336
2018-02-01,601375
2018-02-01,601377
2018-02-01,601390
2018-02-01,601398
2018-02-01,601555
2018-02-01,601600
2018-02-01,601601
2018-02-01,601607
2018-02-01,601608
2018-02-01,601611
2018-02-01,601618
2018-02-01,601628
2018-02-01,601633
2018-02-01,601668
2018-02-01,601669
2018-02-01,601688
2018-02-01,601718
2018-02-01,601727
2018-02-01,601766
2018-02-01,601788
2018-02-01,601800
2018-02-01,601818
2018-02-01,601857
2018-02-01,601866
2018-02-01,601872
2018-02-01,601877
2018-02-01,601878
2018-02-01,601881
2018-02-01,601888
2018-02-01,601898
2018-02-01,601899
2018-02-01,601901
2018-02-01,601919
2018-02-01,601933
2018-02-01,601939
2018-02-01,601958
2018-02-01,601966
2018-02-01,601985
2018-02-01,601988
2018-02-01,601989
2018-02-01,601991
2018-02-01,601992
2018-02-01,601997
2018-02-01,601998
2018-02-01,603160
2018-02-01,603799
2018-02-01,603833
2018-02-01,603858
2018-02-01,603993
2018-02-01,000001
2018-02-01,000002
2018-02-01,000008
2018-02-01,000060
2018-02-01,000063
2018-02-01,000069
2018-02-01,000100
2018-02-01,000157
2018-02-01,000166
2018-02-01,000333
2018-02-01,000338
2018-02-01,000402
2018-02-01,000413
2018-02-01,000415
2018-02-01,000423
2018-02-01,000425
2018-02-01,000503
2018-02-01,000538
2018-02-01,000540
2018-02-01,000559
2018-02-01,000568
2018-02-01,000623
2018-02-01,000625
2018-02-01,000627
2018-02-01,000630
2018-02-01,000651
2018-02-01,000671
2018-02-01,000686
2018-02-01,000709
2018-02-01,000723
2018-02-01,000725
2018-02-01,000728
2018-02-01,000738
2018-02-01,000750
2018-02-01,000768
2018-02-01,000776
2018-02-01,000783
2018-02-01,000792
2018-02-01,000826
2018-02-01,000839
2018-02-01,000858
2018-02-01,000876
2018-02-01,000895
2018-02-01,000898
2018-02-01,000938
2018-02-01,000959
2018-02-01,000961
2018-02-01,000963
2018-02-01,000983
2018-02-01,001979
2018-02-01,002007
2018-02-01,002008
2018-02-01,002024
2018-02-01,002027
2018-02-01,002044
2018-02-01,002065
2018-02-01,002074
2018-02-01,002081
2018-02-01,002142
2018-02-01,002146
2018-02-01,002153
2018-02-01,002174
2018-02-01,002202
2018-02-01,002230
2018-02-01,002236
2018-02-01,002241
2018-02-01,002252
2018-02-01,002292
2018-02-01,002294
2018-02-01,002304
2018-02-01,002310
2018-02-01,002352
2018-02-01,002385
2018-02-01,002411
2018-02-01,002415
2018-02-01,002424
2018-02-01,002426
2018-02-01,002450
2018-02-01,002456
2018-02-01,002460
2018-02-01,002465
2018-02-01,002466
2018-02-01,002468
2018-02-01,002470
2018-02-01,002475
2018-02-01,002500
2018-02-01,002508
2018-02-01,002555
2018-02-01,002558
2018-02-01,002572
2018-02-01,002594
2018-02-01,002601
2018-02-01,002602
2018-02-01,002608
2018-02-01,002624
2018-02-01,002673
2018-02-01,002714
2018-02-01,002736
2018-02-01,002739
2018-02-01,002797
2018-02-01,002831
2018-02-01,002839
2018-02-01,002841
2018-02-01,300003
2018-02-01,300015
2018-02-01,300017
2018-02-01,300024
2018-02-01,300027
2018-02-01,300033
2018-02-01,300059
2018-02-01,300070
2018-02-01,300072
2018-02-01,300122
2018-02-01,300124
2018-02-01,300136
2018-02-01,300144
2018-02-01,300251
2018-02-01,300315
2018-03-01,600000
2018-03-01,600008
2018-03-01,600009
2018-03-01,600010
2018-03-01,600011
2018-03-01,600015
2018-03-01,600016
2018-03-01,600018
2018-03-01,600019
2018-03-01,600021
2018-03-01,600023
2018-03-01,600028
2018-03-01,600029
2018-03-01,600030
2018-03-01,600031
2018-03-01,600036
2018-03-01,600038
2018-03-01,600048
2018-03-01,600050
2018-03-01,600061
2018-03-01,600066
2018-03-01,600068
2018-03-01,600074
2018-03-01,600085
2018-03-01,600089
2018-03-01,600100
2018-03-01,600104
2018-03-01,600109
2018-03-01,600111
2018-03-01,600115
2018-03-01,600118
2018-03-01,600153
2018-03-01,600157
2018-03-01,600170
2018-03-01,600177
2018-03-01,600188
2018-03-01,600196
2018-03-01,600208
2018-03-01,600219
2018-03-01,600221
2018-03-01,600233
2018-03-01,600271
2018-03-01,600276
2018-03-01,600297
2018-03-01,600309
2018-03-01,600332
2018-03-01,600340
2018-03-01,600352
2018-03-01,600362
2018-03-01,600369
2018-03-01,600372
2018-03-01,600373
2018-03-01,600376
2018-03-01,600383
2018-03-01,600390
2018-03-01,600406
2018-03-01,600415
2018-03-01,600436
2018-03-01,600482
2018-03-01,600485
2018-03-01,600489
2018-03-01,600498
2018-03-01,600518
2018-03-01,600519
2018-03-01,600522
2018-03-01,600535
2018-03-01,600547
2018-03-01,600549
2018-03-01,600570
2018-03-01,600583
2018-03-01,600585
2018-03-01,600588
2018-03-01,600606
2018-03-01,600637
2018-03-01,600649
2018-03-01,600660
2018-03-01,600663
2018-03-01,600674
2018-03-01,600682
2018-03-01,600685
2018-03-01,600688
2018-03-01,600690
2018-03-01,600703
2018-03-01,600704
2018-03-01,600705
2018-03-01,600739
2018-03-01,600741
2018-03-01,600795
2018-03-01,600804
2018-03-01,600816
2018-03-01,600820
2018-03-01,600827
2018-03-01,600837
2018-03-01,600871
2018-03-01,600886
2018-03-01,600887
2018-03-01,600893
2018-03-01,600895
2018-03-01,600900
2018-03-01,600909
2018-03-01,600919
2018-03-01,600926
2018-03-01,600958
2018-03-01,600959
2018-03-01,600977
2018-03-01,600999
2018-03-01,601006
2018-03-01,601009
2018-03-01,601012
2018-03-01,601018
2018-03-01,601021
2018-03-01,601088
2018-03-01,601099
2018-03-01,601111
2018-03-01,601117
2018-03-01,601118
2018-03-01,601155
2018-03-01,601163
2018-03-01,601166
2018-03-01,601169
2018-03-01,601186
2018-03-01,601198
2018-03-01,601211
2018-03-01,601212
2018-03-01,601216
2018-03-01,601225
2018-03-01,601228
2018-03-01,601229
2018-03-01,601288
2018-03-01,601318
2018-03-01,601328
2018-03-01,601333
2018-03-01,601336
2018-03-01,601375
2018-03-01,601377
2018-03-01,601390
2018-03-01,601398
2018-03-01,601555
2018-03-01,601600
2018-03-01,601601
2018-03-01,601607
2018-03-01,601608
2018-03-01,601611
2018-03-01,601618
2018-03-01,601628
2018-03-01,601633
2018-03-01,601668
2018-03-01,601669
2018-03-01,601688
2018-03-01,601718
2018-03-01,601727
2018-03-01,601766
2018-03-01,601788
2018-03-01,601800
2018-03-01,601818
2018-03-01,601857
2018-03-01,601866
2018-03-01,601872
2018-03-01,601877
2018-03-01,601878
2018-03-01,601881
2018-03-01,601888
2018-03-01,601898
2018-03-01,601899
2018-03-01,601901
2018-03-01,601919
2018-03-01,601933
2018-03-01,601939
2018-03-01,601958
2018-03-01,601966
2018-03-01,601985
2018-03-01,601988
2018-03-01,601989
2018-03-01,601991
2018-03-01,601992
2018-03-01,601997
2018-03-01,601998
2018-03-01,603160
2018-03-01,603799
2018-03-01,603833
2018-03-01,603858
2018-03-01,603993
2018-03-01,000001
2018-03-01,000002
2018-03-01,000008
2018-03-01,000060
2018-03-01,000063
2018-03-01,000069
2018-03-01,000100
2018-03-01,000157
2018-03-01,000166
2018-03-01,000333
2018-03-01,000338
2018-03-01,000402
2018-03-01,000413
2018-03-01,000415
2018-03-01,000423
2018-03-01,000425
2018-03-01,000503
2018-03-01,000538
2018-03-01,000540
2018-03-01,000559
2018-03-01,000568
2018-03-01,000623
2018-03-01,000625
2018-03-01,000627
2018-03-01,000630
2018-03-01,000651
2018-03-01,000671
2018-03-01,000686
2018-03-01,000709
2018-03-01,000723
2018-03-01,000725
2018-03-01,000728
2018-03-01,000738
2018-03-01,000750
2018-03-01,000768
2018-03-01,000776
2018-03-01,000783
2018-03-01,000792
2018-03-01,000826
2018-03-01,000839
2018-03-01,000858
2018-03-01,000876
2018-03-01,000895
2018-03-01,000898
2018-03-01,000938
2018-03-01,000959
2018-03-01,000961
2018-03-01,000963
2018-03-01,000983
2018-03-01,001979
2018-03-01,002007
2018-03-01,002008
2018-03-01,002024
2018-03-01,002027
2018-03-01,002044
2018-03-01,002065
2018-03-01,002074
2018-03-01,002081
2018-03-01,002142
2018-03-01,002146
2018-03-01,002153
2018-03-01,002174
2018-03-01,002202
2018-03-01,002230
2018-03-01,002236
2018-03-01,002241
2018-03-01,002252
2018-03-01,002292
2018-03-01,002294
2018-03-01,002304
2018-03-01,002310
2018-03-01,002352
2018-03-01,002385
2018-03-01,002411
2018-03-01,002415
2018-03-01,002424
2018-03-01,002426
2018-03-01,002450
2018-03-01,002456
2018-03-01,002460
2018-03-01,002465
2018-03-01,002466
2018-03-01,002468
2018-03-01,002470
2018-03-01,002475
2018-03-01,002500
2018-03-01,002508
2018-03-01,002555
2018-03-01,002558
2018-03-01,002572
2018-03-01,002594
2018-03-01,002601
2018-03-01,002602
2018-03-01,002608
2018-03-01,002624
2018-03-01,002673
2018-03-01,002714
2018-03-01,002736
2018-03-01,002739
2018-03-01,002797
2018-03-01,002831
2018-03-01,002839
2018-03-01,002841
2018-03-01,300003
2018-03-01,300015
2018-03-01,300017
2018-03-01,300024
2018-03-01,300027
2018-03-01,300033
2018-03-01,300059
2018-03-01,300070
2018-03-01,300072
2018-03-01,300122
2018-03-01,300124
2018-03-01,300136
2018-03-01,300144
2018-03-01,300251
2018-03-01,300315
2018-04-01,600000
2018-04-01,600008
2018-04-01,600009
2018-04-01,600010
2018-04-01,600011
2018-04-01,600015
2018-04-01,600016
2018-04-01,600018
2018-04-01,600019
2018-04-01,600021
2018-04-01,600023
2018-04-01,600028
2018-04-01,600029
2018-04-01,600030
2018-04-01,600031
2018-04-01,600036
2018-04-01,600038
2018-04-01,600048
2018-04-01,600050
2018-04-01,600061
2018-04-01,600066
2018-04-01,600068
2018-04-01,600074
2018-04-01,600085
2018-04-01,600089
2018-04-01,600100
2018-04-01,600104
2018-04-01,600109
2018-04-01,600111
2018-04-01,600115
2018-04-01,600118
2018-04-01,600153
2018-04-01,600157
2018-04-01,600170
2018-04-01,600177
2018-04-01,600188
2018-04-01,600196
2018-04-01,600208
2018-04-01,600219
2018-04-01,600221
2018-04-01,600233
2018-04-01,600271
2018-04-01,600276
2018-04-01,600297
2018-04-01,600309
2018-04-01,600332
2018-04-01,600340
2018-04-01,600352
2018-04-01,600362
2018-04-01,600369
2018-04-01,600372
2018-04-01,600373
2018-04-01,600376
2018-04-01,600383
2018-04-01,600390
2018-04-01,600406
2018-04-01,600415
2018-04-01,600436
2018-04-01,600482
2018-04-01,600485
2018-04-01,600489
2018-04-01,600498
2018-04-01,600518
2018-04-01,600519
2018-04-01,600522
2018-04-01,600535
2018-04-01,600547
2018-04-01,600549
2018-04-01,600570
2018-04-01,600583
2018-04-01,600585
2018-04-01,600588
2018-04-01,600606
2018-04-01,600637
2018-04-01,600649
2018-04-01,600660
2018-04-01,600663
2018-04-01,600674
2018-04-01,600682
2018-04-01,600685
2018-04-01,600688
2018-04-01,600690
2018-04-01,600703
2018-04-01,600704
2018-04-01,600705
2018-04-01,600739
2018-04-01,600741
2018-04-01,600795
2018-04-01,600804
2018-04-01,600816
2018-04-01,600820
2018-04-01,600827
2018-04-01,600837
2018-04-01,600871
2018-04-01,600886
2018-04-01,600887
2018-04-01,600893
2018-04-01,600895
2018-04-01,600900
2018-04-01,600909
2018-04-01,600919
2018-04-01,600926
2018-04-01,600958
2018-04-01,600959
2018-04-01,600977
2018-04-01,600999
2018-04-01,601006
2018-04-01,601009
2018-04-01,601012
2018-04-01,601018
2018-04-01,601021
2018-04-01,601088
2018-04-01,601099
2018-04-01,601111
2018-04-01,601117
2018-04-01,601118
2018-04-01,601155
2018-04-01,601163
2018-04-01,601166
2018-04-01,601169
2018-04-01,601186
2018-04-01,601198
2018-04-01,601211
2018-04-01,601212
2018-04-01,601216
2018-04-01,601225
2018-04-01,601228
2018-04-01,601229
2018-04-01,601288
2018-04-01,601318
2018-04-01,601328
2018-04-01,601333
2018-04-01,601336
2018-04-01,601375
2018-04-01,601377
2018-04-01,601390
2018-04-01,601398
2018-04-01,601555
2018-04-01,601600
2018-04-01,601601
2018-04-01,601607
2018-04-01,601608
2018-04-01,601611
2018-04-01,601618
2018-04-01,601628
2018-04-01,601633
2018-04-01,601668
2018-04-01,601669
2018-04-01,601688
2018-04-01,601718
2018-04-01,601727
2018-04-01,601766
2018-04-01,601788
2018-04-01,601800
2018-04-01,601818
2018-04-01,601857
2018-04-01,601866
2018-04-01,601872
2018-04-01,601877
2018-04-01,601878
2018-04-01,601881
2018-04-01,601888
2018-04-01,601898
2018-04-01,601899
2018-04-01,601901
2018-04-01,601919
2018-04-01,601933
2018-04-01,601939
2018-04-01,601958
2018-04-01,601966
2018-04-01,601985
2018-04-01,601988
2018-04-01,601989
2018-04-01,601991
2018-04-01,601992
2018-04-01,601997
2018-04-01,601998
2018-04-01,603160
2018-04-01,603799
2018-04-01,603833
2018-04-01,603858
2018-04-01,603993
2018-04-01,000001
2018-04-01,000002
2018-04-01,000008
2018-04-01,000060
2018-04-01,000063
2018-04-01,000069
2018-04-01,000100
2018-04-01,000157
2018-04-01,000166
2018-04-01,000333
2018-04-01,000338
2018-04-01,000402
2018-04-01,000413
2018-04-01,000415
2018-04-01,000423
2018-04-01,000425
2018-04-01,000503
2018-04-01,000538
2018-04-01,000540
2018-04-01,000559
2018-04-01,000568
2018-04-01,000623
2018-04-01,000625
2018-04-01,000627
2018-04-01,000630
2018-04-01,000651
2018-04-01,000671
2018-04-01,000686
2018-04-01,000709
2018-04-01,000723
2018-04-01,000725
2018-04-01,000728
2018-04-01,000738
2018-04-01,000750
2018-04-01,000768
2018-04-01,000776
2018-04-01,000783
2018-04-01,000792
2018-04-01,000826
2018-04-01,000839
2018-04-01,000858
2018-04-01,000876
2018-04-01,000895
2018-04-01,000898
2018-04-01,000938
2018-04-01,000959
2018-04-01,000961
2018-04-01,000963
2018-04-01,000983
2018-04-01,001979
2018-04-01,002007
2018-04-01,002008
2018-04-01,002024
2018-04-01,002027
2018-04-01,002044
2018-04-01,002065
2018-04-01,002074
2018-04-01,002081
2018-04-01,002142
2018-04-01,002146
2018-04-01,002153
2018-04-01,002174
2018-04-01,002202
2018-04-01,002230
2018-04-01,002236
2018-04-01,002241
2018-04-01,002252
2018-04-01,002292
2018-04-01,002294
2018-04-01,002304
2018-04-01,002310
2018-04-01,002352
2018-04-01,002385
2018-04-01,002411
2018-04-01,002415
2018-04-01,002424
2018-04-01,002426
2018-04-01,002450
2018-04-01,002456
2018-04-01,002460
2018-04-01,002465
2018-04-01,002466
2018-04-01,002468
2018-04-01,002470
2018-04-01,002475
2018-04-01,002500
2018-04-01,002508
2018-04-01,002555
2018-04-01,002558
2018-04-01,002572
2018-04-01,002594
2018-04-01,002601
2018-04-01,002602
2018-04-01,002608
2018-04-01,002624
2018-04-01,002673
2018-04-01,002714
2018-04-01,002736
2018-04-01,002739
2018-04-01,002797
2018-04-01,002831
2018-04-01,002839
2018-04-01,002841
2018-04-01,300003
2018-04-01,300015
2018-04-01,300017
2018-04-01,300024
2018-04-01,300027
2018-04-01,300033
2018-04-01,300059
2018-04-01,300070
2018-04-01,300072
2018-04-01,300122
2018-04-01,300124
2018-04-01,300136
2018-04-01,300144
2018-04-01,300251
2018-04-01,300315
2018-05-01,600000
2018-05-01,600008
2018-05-01,600009
2018-05-01,600010
2018-05-01,600011
2018-05-01,600015
2018-05-01,600016
2018-05-01,600018
2018-05-01,600019
2018-05-01,600021
2018-05-01,600023
2018-05-01,600028
2018-05-01,600029
2018-05-01,600030
2018-05-01,600031
2018-05-01,600036
2018-05-01,600038
2018-05-01,600048
2018-05-01,600050
2018-05-01,600061
2018-05-01,600066
2018-05-01,600068
2018-05-01,600074
2018-05-01,600085
2018-05-01,600089
2018-05-01,600100
2018-05-01,600104
2018-05-01,600109
2018-05-01,600111
2018-05-01,600115
2018-05-01,600118
2018-05-01,600153
2018-05-01,600157
2018-05-01,600170
2018-05-01,600177
2018-05-01,600188
2018-05-01,600196
2018-05-01,600208
2018-05-01,600219
2018-05-01,600221
2018-05-01,600233
2018-05-01,600271
2018-05-01,600276
2018-05-01,600297
2018-05-01,600309
2018-05-01,600332
2018-05-01,600340
2018-05-01,600352
2018-05-01,600362
2018-05-01,600369
2018-05-01,600372
2018-05-01,600373
2018-05-01,600376
2018-05-01,600383
2018-05-01,600390
2018-05-01,600406
2018-05-01,600415
2018-05-01,600436
2018-05-01,600482
2018-05-01,600485
2018-05-01,600489
2018-05-01,600498
2018-05-01,600518
2018-05-01,600519
2018-05-01,600522
2018-05-01,600535
2018-05-01,600547
2018-05-01,600549
2018-05-01,600570
2018-05-01,600583
2018-05-01,600585
2018-05-01,600588
2018-05-01,600606
2018-05-01,600637
2018-05-01,600649
2018-05-01,600660
2018-05-01,600663
2018-05-01,600674
2018-05-01,600682
2018-05-01,600685
2018-05-01,600688
2018-05-01,600690
2018-05-01,600703
2018-05-01,600704
2018-05-01,600705
2018-05-01,600739
2018-05-01,600741
2018-05-01,600795
2018-05-01,600804
2018-05-01,600816
2018-05-01,600820
2018-05-01,600827
2018-05-01,600837
2018-05-01,600871
2018-05-01,600886
2018-05-01,600887
2018-05-01,600893
2018-05-01,600895
2018-05-01,600900
2018-05-01,600909
2018-05-01,600919
2018-05-01,600926
2018-05-01,600958
2018-05-01,600959
2018-05-01,600977
2018-05-01,600999
2018-05-01,601006
2018-05-01,601009
2018-05-01,601012
2018-05-01,601018
2018-05-01,601021
2018-05-01,601088
2018-05-01,601099
2018-05-01,601111
2018-05-01,601117
2018-05-01,601118
2018-05-01,601155
2018-05-01,601163
2018-05-01,601166
2018-05-01,601169
2018-05-01,601186
2018-05-01,601198
2018-05-01,601211
2018-05-01,601212
2018-05-01,601216
2018-05-01,601225
2018-05-01,601228
2018-05-01,601229
2018-05-01,601288
2018-05-01,601318
2018-05-01,601328
2018-05-01,601333
2018-05-01,601336
2018-05-01,601375
2018-05-01,601377
2018-05-01,601390
2018-05-01,601398
2018-05-01,601555
2018-05-01,601600
2018-05-01,601601
2018-05-01,601607
2018-05-01,601608
2018-05-01,601611
2018-05-01,601618
2018-05-01,601628
2018-05-01,601633
2018-05-01,601668
2018-05-01,601669
2018-05-01,601688
2018-05-01,601718
2018-05-01,601727
2018-05-01,601766
2018-05-01,601788
2018-05-01,601800
2018-05-01,601818
2018-05-01,601857
2018-05-01,601866
2018-05-01,601872
2018-05-01,601877
2018-05-01,601878
2018-05-01,601881
2018-05-01,601888
2018-05-01,601898
2018-05-01,601899
2018-05-01,601901
2018-05-01,601919
2018-05-01,601933
2018-05-01,601939
2018-05-01,601958
2018-05-01,601966
2018-05-01,601985
2018-05-01,601988
2018-05-01,601989
2018-05-01,601991
2018-05-01,601992
2018-05-01,601997
2018-05-01,601998
2018-05-01,603160
2018-05-01,603799
2018-05-01,603833
2018-05-01,603858
2018-05-01,603993
2018-05-01,000001
2018-05-01,000002
2018-05-01,000008
2018-05-01,000060
2018-05-01,000063
2018-05-01,000069
2018-05-01,000100
2018-05-01,000157
2018-05-01,000166
2018-05-01,000333
2018-05-01,000338
2018-05-01,000402
2018-05-01,000413
2018-05-01,000415
2018-05-01,000423
2018-05-01,000425
2018-05-01,000503
2018-05-01,000538
2018-05-01,000540
2018-05-01,000559
2018-05-01,000568
2018-05-01,000623
2018-05-01,000625
2018-05-01,000627
2018-05-01,000630
2018-05-01,000651
2018-05-01,000671
2018-05-01,000686
2018-05-01,000709
2018-05-01,000723
2018-05-01,000725
2018-05-01,000728
2018-05-01,000738
2018-05-01,000750
2018-05-01,000768
2018-05-01,000776
2018-05-01,000783
2018-05-01,000792
2018-05-01,000826
2018-05-01,000839
2018-05-01,000858
2018-05-01,000876
2018-05-01,000895
2018-05-01,000898
2018-05-01,000938
2018-05-01,000959
2018-05-01,000961
2018-05-01,000963
2018-05-01,000983
2018-05-01,001979
2018-05-01,002007
2018-05-01,002008
2018-05-01,002024
2018-05-01,002027
2018-05-01,002044
2018-05-01,002065
2018-05-01,002074
2018-05-01,002081
2018-05-01,002142
2018-05-01,002146
2018-05-01,002153
2018-05-01,002174
2018-05-01,002202
2018-05-01,002230
2018-05-01,002236
2018-05-01,002241
2018-05-01,002252
2018-05-01,002292
2018-05-01,002294
2018-05-01,002304
2018-05-01,002310
2018-05-01,002352
2018-05-01,002385
2018-05-01,002411
2018-05-01,002415
2018-05-01,002424
2018-05-01,002426
2018-05-01,002450
2018-05-01,002456
2018-05-01,002460
2018-05-01,002465
2018-05-01,002466
2018-05-01,002468
2018-05-01,002470
2018-05-01,002475
2018-05-01,002500
2018-05-01,002508
2018-05-01,002555
2018-05-01,002558
2018-05-01,002572
2018-05-01,002594
2018-05-01,002601
2018-05-01,002602
2018-05-01,002608
2018-05-01,002624
2018-05-01,002673
2018-05-01,002714
2018-05-01,002736
2018-05-01,002739
2018-05-01,002797
2018-05-01,002831
2018-05-01,002839
2018-05-01,002841
2018-05-01,300003
2018-05-01,300015
2018-05-01,300017
2018-05-01,300024
2018-05-01,300027
2018-05-01,300033
2018-05-01,300059
2018-05-01,300070
2018-05-01,300072
2018-05-01,300122
2018-05-01,300124
2018-05-01,300136
2018-05-01,300144
2018-05-01,300251
2018-05-01,300315
2018-06-01,600000
2018-06-01,600008
2018-06-01,600009
2018-06-01,600010
2018-06-01,600011
2018-06-01,600015
2018-06-01,600016
2018-06-01,600018
2018-06-01,600019
2018-06-01,600021
2018-06-01,600023
2018-06-01,600028
2018-06-01,600029
2018-06-01,600030
2018-06-01,600031
2018-06-01,600036
2018-06-01,600038
2018-06-01,600048
2018-06-01,600050
2018-06-01,600061
2018-06-01,600066
2018-06-01,600068
2018-06-01,600074
2018-06-01,600085
2018-06-01,600089
2018-06-01,600100
2018-06-01,600104
2018-06-01,600109
2018-06-01,600111
2018-06-01,600115
2018-06-01,600118
2018-06-01,600153
2018-06-01,600157
2018-06-01,600170
2018-06-01,600177
2018-06-01,600188
2018-06-01,600196
2018-06-01,600208
2018-06-01,600219
2018-06-01,600221
2018-06-01,600233
2018-06-01,600271
2018-06-01,600276
2018-06-01,600297
2018-06-01,600309
2018-06-01,600332
2018-06-01,600340
2018-06-01,600352
2018-06-01,600362
2018-06-01,600369
2018-06-01,600372
2018-06-01,600373
2018-06-01,600376
2018-06-01,600383
2018-06-01,600390
2018-06-01,600406
2018-06-01,600415
2018-06-01,600436
2018-06-01,600482
2018-06-01,600485
2018-06-01,600489
2018-06-01,600498
2018-06-01,600518
2018-06-01,600519
2018-06-01,600522
2018-06-01,600535
2018-06-01,600547
2018-06-01,600549
2018-06-01,600570
2018-06-01,600583
2018-06-01,600585
2018-06-01,600588
2018-06-01,600606
2018-06-01,600637
2018-06-01,600649
2018-06-01,600660
2018-06-01,600663
2018-06-01,600674
2018-06-01,600682
2018-06-01,600685
2018-06-01,600688
2018-06-01,600690
2018-06-01,600703
2018-06-01,600704
2018-06-01,600705
2018-06-01,600739
2018-06-01,600741
2018-06-01,600795
2018-06-01,600804
2018-06-01,600816
2018-06-01,600820
2018-06-01,600827
2018-06-01,600837
2018-06-01,600871
2018-06-01,600886
2018-06-01,600887
2018-06-01,600893
2018-06-01,600895
2018-06-01,600900
2018-06-01,600909
2018-06-01,600919
2018-06-01,600926
2018-06-01,600958
2018-06-01,600959
2018-06-01,600977
2018-06-01,600999
2018-06-01,601006
2018-06-01,601009
2018-06-01,601012
2018-06-01,601018
2018-06-01,601021
2018-06-01,601088
2018-06-01,601099
2018-06-01,601111
2018-06-01,601117
2018-06-01,601118
2018-06-01,601155
2018-06-01,601163
2018-06-01,601166
2018-06-01,601169
2018-06-01,601186
2018-06-01,601198
2018-06-01,601211
2018-06-01,601212
2018-06-01,601216
2018-06-01,601225
2018-06-01,601228
2018-06-01,601229
2018-06-01,601288
2018-06-01,601318
2018-06-01,601328
2018-06-01,601333
2018-06-01,601336
2018-06-01,601375
2018-06-01,601377
2018-06-01,601390
2018-06-01,601398
2018-06-01,601555
2018-06-01,601600
2018-06-01,601601
2018-06-01,601607
2018-06-01,601608
2018-06-01,601611
2018-06-01,601618
2018-06-01,601628
2018-06-01,601633
2018-06-01,601668
2018-06-01,601669
2018-06-01,601688
2018-06-01,601718
2018-06-01,601727
2018-06-01,601766
2018-06-01,601788
2018-06-01,601800
2018-06-01,601818
2018-06-01,601857
2018-06-01,601866
2018-06-01,601872
2018-06-01,601877
2018-06-01,601878
2018-06-01,601881
2018-06-01,601888
2018-06-01,601898
2018-06-01,601899
2018-06-01,601901
2018-06-01,601919
2018-06-01,601933
2018-06-01,601939
2018-06-01,601958
2018-06-01,601966
2018-06-01,601985
2018-06-01,601988
2018-06-01,601989
2018-06-01,601991
2018-06-01,601992
2018-06-01,601997
2018-06-01,601998
2018-06-01,603160
2018-06-01,603799
2018-06-01,603833
2018-06-01,603858
2018-06-01,603993
2018-06-01,000001
2018-06-01,000002
2018-06-01,000008
2018-06-01,000060
2018-06-01,000063
2018-06-01,000069
2018-06-01,000100
2018-06-01,000157
2018-06-01,000166
2018-06-01,000333
2018-06-01,000338
2018-06-01,000402
2018-06-01,000413
2018-06-01,000415
2018-06-01,000423
2018-06-01,000425
2018-06-01,000503
2018-06-01,000538
2018-06-01,000540
2018-06-01,000559
2018-06-01,000568
2018-06-01,000623
2018-06-01,000625
2018-06-01,000627
2018-06-01,000630
2018-06-01,000651
2018-06-01,000671
2018-06-01,000686
2018-06-01,000709
2018-06-01,000723
2018-06-01,000725
2018-06-01,000728
2018-06-01,000738
2018-06-01,000750
2018-06-01,000768
2018-06-01,000776
2018-06-01,000783
2018-06-01,000792
2018-06-01,000826
2018-06-01,000839
2018-06-01,000858
2018-06-01,000876
2018-06-01,000895
2018-06-01,000898
2018-06-01,000938
2018-06-01,000959
2018-06-01,000961
2018-06-01,000963
2018-06-01,000983
2018-06-01,001979
2018-06-01,002007
2018-06-01,002008
2018-06-01,002024
2018-06-01,002027
2018-06-01,002044
2018-06-01,002065
2018-06-01,002074
2018-06-01,002081
2018-06-01,002142
2018-06-01,002146
2018-06-01,002153
2018-06-01,002174
2018-06-01,002202
2018-06-01,002230
2018-06-01,002236
2018-06-01,002241
2018-06-01,002252
2018-06-01,002292
2018-06-01,002294
2018-06-01,002304
2018-06-01,002310
2018-06-01,002352
2018-06-01,002385
2018-06-01,002411
2018-06-01,002415
2018-06-01,002424
2018-06-01,002426
2018-06-01,002450
2018-06-01,002456
2018-06-01,002460
2018-06-01,002465
2018-06-01,002466
2018-06-01,002468
2018-06-01,002470
2018-06-01,002475
2018-06-01,002500
2018-06-01,002508
2018-06-01,002555
2018-06-01,002558
2018-06-01,002572
2018-06-01,002594
2018-06-01,002601
2018-06-01,002602
2018-06-01,002608
2018-06-01,002624
2018-06-01,002673
2018-06-01,002714
2018-06-01,002736
2018-06-01,002739
2018-06-01,002797
2018-06-01,002831
2018-06-01,002839
2018-06-01,002841
2018-06-01,300003
2018-06-01,300015
2018-06-01,300017
2018-06-01,300024
2018-06-01,300027
2018-06-01,300033
2018-06-01,300059
2018-06-01,300070
2018-06-01,300072
2018-06-01,300122
2018-06-01,300124
2018-06-01,300136
2018-06-01,300144
2018-06-01,300251
2018-06-01,300315
2018-07-01,600000
2018-07-01,600008
2018-07-01,600009
2018-07-01,600010
2018-07-01,600011
2018-07-01,600015
2018-07-01,600016
2018-07-01,600018
2018-07-01,600019
2018-07-01,600023
2018-07-01,600025
2018-07-01,600028
2018-07-01,600029
2018-07-01,600030
2018-07-01,600031
2018-07-01,600036
2018-07-01,600038
2018-07-01,600048
2018-07-01,600050
2018-07-01,600061
2018-07-01,600066
2018-07-01,600068
2018-07-01,600085
2018-07-01,600089
2018-07-01,600100
2018-07-01,600104
2018-07-01,600109
2018-07-01,600111
2018-07-01,600115
2018-07-01,600118
2018-07-01,600153
2018-07-01,600157
2018-07-01,600170
2018-07-01,600176
2018-07-01,600177
2018-07-01,600188
2018-07-01,600196
2018-07-01,600208
2018-07-01,600219
2018-07-01,600221
2018-07-01,600233
2018-07-01,600271
2018-07-01,600276
2018-07-01,600297
2018-07-01,600309
2018-07-01,600332
2018-07-01,600339
2018-07-01,600340
2018-07-01,600346
2018-07-01,600352
2018-07-01,600362
2018-07-01,600369
2018-07-01,600372
2018-07-01,600373
2018-07-01,600376
2018-07-01,600383
2018-07-01,600390
2018-07-01,600398
2018-07-01,600406
2018-07-01,600415
2018-07-01,600436
2018-07-01,600438
2018-07-01,600482
2018-07-01,600487
2018-07-01,600489
2018-07-01,600498
2018-07-01,600516
2018-07-01,600518
2018-07-01,600519
2018-07-01,600522
2018-07-01,600535
2018-07-01,600547
2018-07-01,600549
2018-07-01,600570
2018-07-01,600583
2018-07-01,600585
2018-07-01,600588
2018-07-01,600606
2018-07-01,600637
2018-07-01,600660
2018-07-01,600663
2018-07-01,600674
2018-07-01,600682
2018-07-01,600688
2018-07-01,600690
2018-07-01,600703
2018-07-01,600704
2018-07-01,600705
2018-07-01,600739
2018-07-01,600741
2018-07-01,600795
2018-07-01,600804
2018-07-01,600809
2018-07-01,600816
2018-07-01,600820
2018-07-01,600837
2018-07-01,600867
2018-07-01,600886
2018-07-01,600887
2018-07-01,600893
2018-07-01,600900
2018-07-01,600909
2018-07-01,600919
2018-07-01,600926
2018-07-01,600958
2018-07-01,600959
2018-07-01,600977
2018-07-01,600999
2018-07-01,601006
2018-07-01,601009
2018-07-01,601012
2018-07-01,601018
2018-07-01,601021
2018-07-01,601088
2018-07-01,601099
2018-07-01,601108
2018-07-01,601111
2018-07-01,601117
2018-07-01,601155
2018-07-01,601166
2018-07-01,601169
2018-07-01,601186
2018-07-01,601198
2018-07-01,601211
2018-07-01,601212
2018-07-01,601216
2018-07-01,601225
2018-07-01,601228
2018-07-01,601229
2018-07-01,601238
2018-07-01,601288
2018-07-01,601318
2018-07-01,601328
2018-07-01,601333
2018-07-01,601336
2018-07-01,601360
2018-07-01,601377
2018-07-01,601390
2018-07-01,601398
2018-07-01,601555
2018-07-01,601600
2018-07-01,601601
2018-07-01,601607
2018-07-01,601611
2018-07-01,601618
2018-07-01,601628
2018-07-01,601633
2018-07-01,601668
2018-07-01,601669
2018-07-01,601688
2018-07-01,601718
2018-07-01,601727
2018-07-01,601766
2018-07-01,601788
2018-07-01,601800
2018-07-01,601808
2018-07-01,601818
2018-07-01,601828
2018-07-01,601838
2018-07-01,601857
2018-07-01,601866
2018-07-01,601877
2018-07-01,601878
2018-07-01,601881
2018-07-01,601888
2018-07-01,601898
2018-07-01,601899
2018-07-01,601901
2018-07-01,601919
2018-07-01,601933
2018-07-01,601939
2018-07-01,601958
2018-07-01,601985
2018-07-01,601988
2018-07-01,601989
2018-07-01,601991
2018-07-01,601992
2018-07-01,601997
2018-07-01,601998
2018-07-01,603160
2018-07-01,603260
2018-07-01,603288
2018-07-01,603799
2018-07-01,603833
2018-07-01,603858
2018-07-01,603993
2018-07-01,000001
2018-07-01,000002
2018-07-01,000060
2018-07-01,000063
2018-07-01,000069
2018-07-01,000100
2018-07-01,000157
2018-07-01,000166
2018-07-01,000333
2018-07-01,000338
2018-07-01,000402
2018-07-01,000413
2018-07-01,000415
2018-07-01,000423
2018-07-01,000425
2018-07-01,000503
2018-07-01,000538
2018-07-01,000540
2018-07-01,000559
2018-07-01,000568
2018-07-01,000623
2018-07-01,000625
2018-07-01,000627
2018-07-01,000630
2018-07-01,000651
2018-07-01,000671
2018-07-01,000709
2018-07-01,000723
2018-07-01,000725
2018-07-01,000728
2018-07-01,000768
2018-07-01,000776
2018-07-01,000783
2018-07-01,000786
2018-07-01,000792
2018-07-01,000826
2018-07-01,000839
2018-07-01,000858
2018-07-01,000876
2018-07-01,000895
2018-07-01,000898
2018-07-01,000938
2018-07-01,000959
2018-07-01,000961
2018-07-01,000963
2018-07-01,000983
2018-07-01,001965
2018-07-01,001979
2018-07-01,002007
2018-07-01,002008
2018-07-01,002024
2018-07-01,002027
2018-07-01,002044
2018-07-01,002050
2018-07-01,002065
2018-07-01,002074
2018-07-01,002081
2018-07-01,002085
2018-07-01,002142
2018-07-01,002146
2018-07-01,002153
2018-07-01,002202
2018-07-01,002230
2018-07-01,002236
2018-07-01,002241
2018-07-01,002252
2018-07-01,002294
2018-07-01,002304
2018-07-01,002310
2018-07-01,002352
2018-07-01,002385
2018-07-01,002411
2018-07-01,002415
2018-07-01,002450
2018-07-01,002456
2018-07-01,002460
2018-07-01,002466
2018-07-01,002468
2018-07-01,002470
2018-07-01,002475
2018-07-01,002493
2018-07-01,002500
2018-07-01,002508
2018-07-01,002555
2018-07-01,002558
2018-07-01,002572
2018-07-01,002594
2018-07-01,002601
2018-07-01,002602
2018-07-01,002608
2018-07-01,002624
2018-07-01,002625
2018-07-01,002673
2018-07-01,002714
2018-07-01,002736
2018-07-01,002739
2018-07-01,002797
2018-07-01,002925
2018-07-01,300003
2018-07-01,300015
2018-07-01,300017
2018-07-01,300024
2018-07-01,300027
2018-07-01,300033
2018-07-01,300059
2018-07-01,300070
2018-07-01,300072
2018-07-01,300122
2018-07-01,300124
2018-07-01,300136
2018-07-01,300144
2018-07-01,300251
2018-07-01,300408
2018-07-01,300433
2018-08-01,600000
2018-08-01,600008
2018-08-01,600009
2018-08-01,600010
2018-08-01,600011
2018-08-01,600015
2018-08-01,600016
2018-08-01,600018
2018-08-01,600019
2018-08-01,600023
2018-08-01,600025
2018-08-01,600028
2018-08-01,600029
2018-08-01,600030
2018-08-01,600031
2018-08-01,600036
2018-08-01,600038
2018-08-01,600048
2018-08-01,600050
2018-08-01,600061
2018-08-01,600066
2018-08-01,600068
2018-08-01,600085
2018-08-01,600089
2018-08-01,600100
2018-08-01,600104
2018-08-01,600109
2018-08-01,600111
2018-08-01,600115
2018-08-01,600118
2018-08-01,600153
2018-08-01,600157
2018-08-01,600170
2018-08-01,600176
2018-08-01,600177
2018-08-01,600188
2018-08-01,600196
2018-08-01,600208
2018-08-01,600219
2018-08-01,600221
2018-08-01,600233
2018-08-01,600271
2018-08-01,600276
2018-08-01,600297
2018-08-01,600309
2018-08-01,600332
2018-08-01,600339
2018-08-01,600340
2018-08-01,600346
2018-08-01,600352
2018-08-01,600362
2018-08-01,600369
2018-08-01,600372
2018-08-01,600373
2018-08-01,600376
2018-08-01,600383
2018-08-01,600390
2018-08-01,600398
2018-08-01,600406
2018-08-01,600415
2018-08-01,600436
2018-08-01,600438
2018-08-01,600482
2018-08-01,600487
2018-08-01,600489
2018-08-01,600498
2018-08-01,600516
2018-08-01,600518
2018-08-01,600519
2018-08-01,600522
2018-08-01,600535
2018-08-01,600547
2018-08-01,600549
2018-08-01,600570
2018-08-01,600583
2018-08-01,600585
2018-08-01,600588
2018-08-01,600606
2018-08-01,600637
2018-08-01,600660
2018-08-01,600663
2018-08-01,600674
2018-08-01,600682
2018-08-01,600688
2018-08-01,600690
2018-08-01,600703
2018-08-01,600704
2018-08-01,600705
2018-08-01,600739
2018-08-01,600741
2018-08-01,600795
2018-08-01,600804
2018-08-01,600809
2018-08-01,600816
2018-08-01,600820
2018-08-01,600837
2018-08-01,600867
2018-08-01,600886
2018-08-01,600887
2018-08-01,600893
2018-08-01,600900
2018-08-01,600909
2018-08-01,600919
2018-08-01,600926
2018-08-01,600958
2018-08-01,600959
2018-08-01,600977
2018-08-01,600999
2018-08-01,601006
2018-08-01,601009
2018-08-01,601012
2018-08-01,601018
2018-08-01,601021
2018-08-01,601088
2018-08-01,601099
2018-08-01,601108
2018-08-01,601111
2018-08-01,601117
2018-08-01,601155
2018-08-01,601166
2018-08-01,601169
2018-08-01,601186
2018-08-01,601198
2018-08-01,601211
2018-08-01,601212
2018-08-01,601216
2018-08-01,601225
2018-08-01,601228
2018-08-01,601229
2018-08-01,601238
2018-08-01,601288
2018-08-01,601318
2018-08-01,601328
2018-08-01,601333
2018-08-01,601336
2018-08-01,601360
2018-08-01,601377
2018-08-01,601390
2018-08-01,601398
2018-08-01,601555
2018-08-01,601600
2018-08-01,601601
2018-08-01,601607
2018-08-01,601611
2018-08-01,601618
2018-08-01,601628
2018-08-01,601633
2018-08-01,601668
2018-08-01,601669
2018-08-01,601688
2018-08-01,601718
2018-08-01,601727
2018-08-01,601766
2018-08-01,601788
2018-08-01,601800
2018-08-01,601808
2018-08-01,601818
2018-08-01,601828
2018-08-01,601838
2018-08-01,601857
2018-08-01,601866
2018-08-01,601877
2018-08-01,601878
2018-08-01,601881
2018-08-01,601888
2018-08-01,601898
2018-08-01,601899
2018-08-01,601901
2018-08-01,601919
2018-08-01,601933
2018-08-01,601939
2018-08-01,601958
2018-08-01,601985
2018-08-01,601988
2018-08-01,601989
2018-08-01,601991
2018-08-01,601992
2018-08-01,601997
2018-08-01,601998
2018-08-01,603160
2018-08-01,603260
2018-08-01,603288
2018-08-01,603799
2018-08-01,603833
2018-08-01,603858
2018-08-01,603993
2018-08-01,000001
2018-08-01,000002
2018-08-01,000060
2018-08-01,000063
2018-08-01,000069
2018-08-01,000100
2018-08-01,000157
2018-08-01,000166
2018-08-01,000333
2018-08-01,000338
2018-08-01,000402
2018-08-01,000413
2018-08-01,000415
2018-08-01,000423
2018-08-01,000425
2018-08-01,000503
2018-08-01,000538
2018-08-01,000540
2018-08-01,000559
2018-08-01,000568
2018-08-01,000623
2018-08-01,000625
2018-08-01,000627
2018-08-01,000630
2018-08-01,000651
2018-08-01,000671
2018-08-01,000709
2018-08-01,000723
2018-08-01,000725
2018-08-01,000728
2018-08-01,000768
2018-08-01,000776
2018-08-01,000783
2018-08-01,000786
2018-08-01,000792
2018-08-01,000826
2018-08-01,000839
2018-08-01,000858
2018-08-01,000876
2018-08-01,000895
2018-08-01,000898
2018-08-01,000938
2018-08-01,000959
2018-08-01,000961
2018-08-01,000963
2018-08-01,000983
2018-08-01,001965
2018-08-01,001979
2018-08-01,002007
2018-08-01,002008
2018-08-01,002024
2018-08-01,002027
2018-08-01,002044
2018-08-01,002050
2018-08-01,002065
2018-08-01,002074
2018-08-01,002081
2018-08-01,002085
2018-08-01,002142
2018-08-01,002146
2018-08-01,002153
2018-08-01,002202
2018-08-01,002230
2018-08-01,002236
2018-08-01,002241
2018-08-01,002252
2018-08-01,002294
2018-08-01,002304
2018-08-01,002310
2018-08-01,002352
2018-08-01,002385
2018-08-01,002411
2018-08-01,002415
2018-08-01,002450
2018-08-01,002456
2018-08-01,002460
2018-08-01,002466
2018-08-01,002468
2018-08-01,002470
2018-08-01,002475
2018-08-01,002493
2018-08-01,002500
2018-08-01,002508
2018-08-01,002555
2018-08-01,002558
2018-08-01,002572
2018-08-01,002594
2018-08-01,002601
2018-08-01,002602
2018-08-01,002608
2018-08-01,002624
2018-08-01,002625
2018-08-01,002673
2018-08-01,002714
2018-08-01,002736
2018-08-01,002739
2018-08-01,002797
2018-08-01,002925
2018-08-01,300003
2018-08-01,300015
2018-08-01,300017
2018-08-01,300024
2018-08-01,300027
2018-08-01,300033
2018-08-01,300059
2018-08-01,300070
2018-08-01,300072
2018-08-01,300122
2018-08-01,300124
2018-08-01,300136
2018-08-01,300144
2018-08-01,300251
2018-08-01,300408
2018-08-01,300433
2018-09-01,600000
2018-09-01,600008
2018-09-01,600009
2018-09-01,600010
2018-09-01,600011
2018-09-01,600015
2018-09-01,600016
2018-09-01,600018
2018-09-01,600019
2018-09-01,600023
2018-09-01,600025
2018-09-01,600028
2018-09-01,600029
2018-09-01,600030
2018-09-01,600031
2018-09-01,600036
2018-09-01,600038
2018-09-01,600048
2018-09-01,600050
2018-09-01,600061
2018-09-01,600066
2018-09-01,600068
2018-09-01,600085
2018-09-01,600089
2018-09-01,600100
2018-09-01,600104
2018-09-01,600109
2018-09-01,600111
2018-09-01,600115
2018-09-01,600118
2018-09-01,600153
2018-09-01,600157
2018-09-01,600170
2018-09-01,600176
2018-09-01,600177
2018-09-01,600188
2018-09-01,600196
2018-09-01,600208
2018-09-01,600219
2018-09-01,600221
2018-09-01,600233
2018-09-01,600271
2018-09-01,600276
2018-09-01,600297
2018-09-01,600309
2018-09-01,600332
2018-09-01,600339
2018-09-01,600340
2018-09-01,600346
2018-09-01,600352
2018-09-01,600362
2018-09-01,600369
2018-09-01,600372
2018-09-01,600373
2018-09-01,600376
2018-09-01,600383
2018-09-01,600390
2018-09-01,600398
2018-09-01,600406
2018-09-01,600415
2018-09-01,600436
2018-09-01,600438
2018-09-01,600482
2018-09-01,600487
2018-09-01,600489
2018-09-01,600498
2018-09-01,600516
2018-09-01,600518
2018-09-01,600519
2018-09-01,600522
2018-09-01,600535
2018-09-01,600547
2018-09-01,600549
2018-09-01,600570
2018-09-01,600583
2018-09-01,600585
2018-09-01,600588
2018-09-01,600606
2018-09-01,600637
2018-09-01,600660
2018-09-01,600663
2018-09-01,600674
2018-09-01,600682
2018-09-01,600688
2018-09-01,600690
2018-09-01,600703
2018-09-01,600704
2018-09-01,600705
2018-09-01,600739
2018-09-01,600741
2018-09-01,600795
2018-09-01,600804
2018-09-01,600809
2018-09-01,600816
2018-09-01,600820
2018-09-01,600837
2018-09-01,600867
2018-09-01,600886
2018-09-01,600887
2018-09-01,600893
2018-09-01,600900
2018-09-01,600909
2018-09-01,600919
2018-09-01,600926
2018-09-01,600958
2018-09-01,600959
2018-09-01,600977
2018-09-01,600999
2018-09-01,601006
2018-09-01,601009
2018-09-01,601012
2018-09-01,601018
2018-09-01,601021
2018-09-01,601088
2018-09-01,601099
2018-09-01,601108
2018-09-01,601111
2018-09-01,601117
2018-09-01,601155
2018-09-01,601166
2018-09-01,601169
2018-09-01,601186
2018-09-01,601198
2018-09-01,601211
2018-09-01,601212
2018-09-01,601216
2018-09-01,601225
2018-09-01,601228
2018-09-01,601229
2018-09-01,601238
2018-09-01,601288
2018-09-01,601318
2018-09-01,601328
2018-09-01,601333
2018-09-01,601336
2018-09-01,601360
2018-09-01,601377
2018-09-01,601390
2018-09-01,601398
2018-09-01,601555
2018-09-01,601600
2018-09-01,601601
2018-09-01,601607
2018-09-01,601611
2018-09-01,601618
2018-09-01,601628
2018-09-01,601633
2018-09-01,601668
2018-09-01,601669
2018-09-01,601688
2018-09-01,601718
2018-09-01,601727
2018-09-01,601766
2018-09-01,601788
2018-09-01,601800
2018-09-01,601808
2018-09-01,601818
2018-09-01,601828
2018-09-01,601838
2018-09-01,601857
2018-09-01,601866
2018-09-01,601877
2018-09-01,601878
2018-09-01,601881
2018-09-01,601888
2018-09-01,601898
2018-09-01,601899
2018-09-01,601901
2018-09-01,601919
2018-09-01,601933
2018-09-01,601939
2018-09-01,601958
2018-09-01,601985
2018-09-01,601988
2018-09-01,601989
2018-09-01,601991
2018-09-01,601992
2018-09-01,601997
2018-09-01,601998
2018-09-01,603160
2018-09-01,603260
2018-09-01,603288
2018-09-01,603799
2018-09-01,603833
2018-09-01,603858
2018-09-01,603993
2018-09-01,000001
2018-09-01,000002
2018-09-01,000060
2018-09-01,000063
2018-09-01,000069
2018-09-01,000100
2018-09-01,000157
2018-09-01,000166
2018-09-01,000333
2018-09-01,000338
2018-09-01,000402
2018-09-01,000413
2018-09-01,000415
2018-09-01,000423
2018-09-01,000425
2018-09-01,000503
2018-09-01,000538
2018-09-01,000540
2018-09-01,000559
2018-09-01,000568
2018-09-01,000623
2018-09-01,000625
2018-09-01,000627
2018-09-01,000630
2018-09-01,000651
2018-09-01,000671
2018-09-01,000709
2018-09-01,000723
2018-09-01,000725
2018-09-01,000728
2018-09-01,000768
2018-09-01,000776
2018-09-01,000783
2018-09-01,000786
2018-09-01,000792
2018-09-01,000826
2018-09-01,000839
2018-09-01,000858
2018-09-01,000876
2018-09-01,000895
2018-09-01,000898
2018-09-01,000938
2018-09-01,000959
2018-09-01,000961
2018-09-01,000963
2018-09-01,000983
2018-09-01,001965
2018-09-01,001979
2018-09-01,002007
2018-09-01,002008
2018-09-01,002024
2018-09-01,002027
2018-09-01,002044
2018-09-01,002050
2018-09-01,002065
2018-09-01,002074
2018-09-01,002081
2018-09-01,002085
2018-09-01,002142
2018-09-01,002146
2018-09-01,002153
2018-09-01,002202
2018-09-01,002230
2018-09-01,002236
2018-09-01,002241
2018-09-01,002252
2018-09-01,002294
2018-09-01,002304
2018-09-01,002310
2018-09-01,002352
2018-09-01,002385
2018-09-01,002411
2018-09-01,002415
2018-09-01,002450
2018-09-01,002456
2018-09-01,002460
2018-09-01,002466
2018-09-01,002468
2018-09-01,002470
2018-09-01,002475
2018-09-01,002493
2018-09-01,002500
2018-09-01,002508
2018-09-01,002555
2018-09-01,002558
2018-09-01,002572
2018-09-01,002594
2018-09-01,002601
2018-09-01,002602
2018-09-01,002608
2018-09-01,002624
2018-09-01,002625
2018-09-01,002673
2018-09-01,002714
2018-09-01,002736
2018-09-01,002739
2018-09-01,002797
2018-09-01,002925
2018-09-01,300003
2018-09-01,300015
2018-09-01,300017
2018-09-01,300024
2018-09-01,300027
2018-09-01,300033
2018-09-01,300059
2018-09-01,300070
2018-09-01,300072
2018-09-01,300122
2018-09-01,300124
2018-09-01,300136
2018-09-01,300144
2018-09-01,300251
2018-09-01,300408
2018-09-01,300433
2018-10-01,600000
2018-10-01,600008
2018-10-01,600009
2018-10-01,600010
2018-10-01,600011
2018-10-01,600015
2018-10-01,600016
2018-10-01,600018
2018-10-01,600019
2018-10-01,600023
2018-10-01,600025
2018-10-01,600028
2018-10-01,600029
2018-10-01,600030
2018-10-01,600031
2018-10-01,600036
2018-10-01,600038
2018-10-01,600048
2018-10-01,600050
2018-10-01,600061
2018-10-01,600066
2018-10-01,600068
2018-10-01,600085
2018-10-01,600089
2018-10-01,600100
2018-10-01,600104
2018-10-01,600109
2018-10-01,600111
2018-10-01,600115
2018-10-01,600118
2018-10-01,600153
2018-10-01,600157
2018-10-01,600170
2018-10-01,600176
2018-10-01,600177
2018-10-01,600188
2018-10-01,600196
2018-10-01,600208
2018-10-01,600219
2018-10-01,600221
2018-10-01,600233
2018-10-01,600271
2018-10-01,600276
2018-10-01,600297
2018-10-01,600309
2018-10-01,600332
2018-10-01,600339
2018-10-01,600340
2018-10-01,600346
2018-10-01,600352
2018-10-01,600362
2018-10-01,600369
2018-10-01,600372
2018-10-01,600373
2018-10-01,600376
2018-10-01,600383
2018-10-01,600390
2018-10-01,600398
2018-10-01,600406
2018-10-01,600415
2018-10-01,600436
2018-10-01,600438
2018-10-01,600482
2018-10-01,600487
2018-10-01,600489
2018-10-01,600498
2018-10-01,600516
2018-10-01,600518
2018-10-01,600519
2018-10-01,600522
2018-10-01,600535
2018-10-01,600547
2018-10-01,600549
2018-10-01,600570
2018-10-01,600583
2018-10-01,600585
2018-10-01,600588
2018-10-01,600606
2018-10-01,600637
2018-10-01,600660
2018-10-01,600663
2018-10-01,600674
2018-10-01,600682
2018-10-01,600688
2018-10-01,600690
2018-10-01,600703
2018-10-01,600704
2018-10-01,600705
2018-10-01,600739
2018-10-01,600741
2018-10-01,600795
2018-10-01,600804
2018-10-01,600809
2018-10-01,600816
2018-10-01,600820
2018-10-01,600837
2018-10-01,600867
2018-10-01,600886
2018-10-01,600887
2018-10-01,600893
2018-10-01,600900
2018-10-01,600909
2018-10-01,600919
2018-10-01,600926
2018-10-01,600958
2018-10-01,600959
2018-10-01,600977
2018-10-01,600999
2018-10-01,601006
2018-10-01,601009
2018-10-01,601012
2018-10-01,601018
2018-10-01,601021
2018-10-01,601088
2018-10-01,601099
2018-10-01,601108
2018-10-01,601111
2018-10-01,601117
2018-10-01,601155
2018-10-01,601166
2018-10-01,601169
2018-10-01,601186
2018-10-01,601198
2018-10-01,601211
2018-10-01,601212
2018-10-01,601216
2018-10-01,601225
2018-10-01,601228
2018-10-01,601229
2018-10-01,601238
2018-10-01,601288
2018-10-01,601318
2018-10-01,601328
2018-10-01,601333
2018-10-01,601336
2018-10-01,601360
2018-10-01,601377
2018-10-01,601390
2018-10-01,601398
2018-10-01,601555
2018-10-01,601600
2018-10-01,601601
2018-10-01,601607
2018-10-01,601611
2018-10-01,601618
2018-10-01,601628
2018-10-01,601633
2018-10-01,601668
2018-10-01,601669
2018-10-01,601688
2018-10-01,601718
2018-10-01,601727
2018-10-01,601766
2018-10-01,601788
2018-10-01,601800
2018-10-01,601808
2018-10-01,601818
2018-10-01,601828
2018-10-01,601838
2018-10-01,601857
2018-10-01,601866
2018-10-01,601877
2018-10-01,601878
2018-10-01,601881
2018-10-01,601888
2018-10-01,601898
2018-10-01,601899
2018-10-01,601901
2018-10-01,601919
2018-10-01,601933
2018-10-01,601939
2018-10-01,601958
2018-10-01,601985
2018-10-01,601988
2018-10-01,601989
2018-10-01,601991
2018-10-01,601992
2018-10-01,601997
2018-10-01,601998
2018-10-01,603160
2018-10-01,603260
2018-10-01,603288
2018-10-01,603799
2018-10-01,603833
2018-10-01,603858
2018-10-01,603993
2018-10-01,000001
2018-10-01,000002
2018-10-01,000060
2018-10-01,000063
2018-10-01,000069
2018-10-01,000100
2018-10-01,000157
2018-10-01,000166
2018-10-01,000333
2018-10-01,000338
2018-10-01,000402
2018-10-01,000413
2018-10-01,000415
2018-10-01,000423
2018-10-01,000425
2018-10-01,000503
2018-10-01,000538
2018-10-01,000540
2018-10-01,000559
2018-10-01,000568
2018-10-01,000623
2018-10-01,000625
2018-10-01,000627
2018-10-01,000630
2018-10-01,000651
2018-10-01,000671
2018-10-01,000709
2018-10-01,000723
2018-10-01,000725
2018-10-01,000728
2018-10-01,000768
2018-10-01,000776
2018-10-01,000783
2018-10-01,000786
2018-10-01,000792
2018-10-01,000826
2018-10-01,000839
2018-10-01,000858
2018-10-01,000876
2018-10-01,000895
2018-10-01,000898
2018-10-01,000938
2018-10-01,000959
2018-10-01,000961
2018-10-01,000963
2018-10-01,000983
2018-10-01,001965
2018-10-01,001979
2018-10-01,002007
2018-10-01,002008
2018-10-01,002024
2018-10-01,002027
2018-10-01,002044
2018-10-01,002050
2018-10-01,002065
2018-10-01,002074
2018-10-01,002081
2018-10-01,002085
2018-10-01,002142
2018-10-01,002146
2018-10-01,002153
2018-10-01,002202
2018-10-01,002230
2018-10-01,002236
2018-10-01,002241
2018-10-01,002252
2018-10-01,002294
2018-10-01,002304
2018-10-01,002310
2018-10-01,002352
2018-10-01,002385
2018-10-01,002411
2018-10-01,002415
2018-10-01,002450
2018-10-01,002456
2018-10-01,002460
2018-10-01,002466
2018-10-01,002468
2018-10-01,002470
2018-10-01,002475
2018-10-01,002493
2018-10-01,002500
2018-10-01,002508
2018-10-01,002555
2018-10-01,002558
2018-10-01,002572
2018-10-01,002594
2018-10-01,002601
2018-10-01,002602
2018-10-01,002608
2018-10-01,002624
2018-10-01,002625
2018-10-01,002673
2018-10-01,002714
2018-10-01,002736
2018-10-01,002739
2018-10-01,002797
2018-10-01,002925
2018-10-01,300003
2018-10-01,300015
2018-10-01,300017
2018-10-01,300024
2018-10-01,300027
2018-10-01,300033
2018-10-01,300059
2018-10-01,300070
2018-10-01,300072
2018-10-01,300122
2018-10-01,300124
2018-10-01,300136
2018-10-01,300144
2018-10-01,300251
2018-10-01,300408
2018-10-01,300433
2018-11-01,600000
2018-11-01,600008
2018-11-01,600009
2018-11-01,600010
2018-11-01,600011
2018-11-01,600015
2018-11-01,600016
2018-11-01,600018
2018-11-01,600019
2018-11-01,600023
2018-11-01,600025
2018-11-01,600028
2018-11-01,600029
2018-11-01,600030
2018-11-01,600031
2018-11-01,600036
2018-11-01,600038
2018-11-01,600048
2018-11-01,600050
2018-11-01,600061
2018-11-01,600066
2018-11-01,600068
2018-11-01,600085
2018-11-01,600089
2018-11-01,600100
2018-11-01,600104
2018-11-01,600109
2018-11-01,600111
2018-11-01,600115
2018-11-01,600118
2018-11-01,600153
2018-11-01,600157
2018-11-01,600170
2018-11-01,600176
2018-11-01,600177
2018-11-01,600188
2018-11-01,600196
2018-11-01,600208
2018-11-01,600219
2018-11-01,600221
2018-11-01,600233
2018-11-01,600271
2018-11-01,600276
2018-11-01,600297
2018-11-01,600309
2018-11-01,600332
2018-11-01,600339
2018-11-01,600340
2018-11-01,600346
2018-11-01,600352
2018-11-01,600362
2018-11-01,600369
2018-11-01,600372
2018-11-01,600373
2018-11-01,600376
2018-11-01,600383
2018-11-01,600390
2018-11-01,600398
2018-11-01,600406
2018-11-01,600415
2018-11-01,600436
2018-11-01,600438
2018-11-01,600482
2018-11-01,600487
2018-11-01,600489
2018-11-01,600498
2018-11-01,600516
2018-11-01,600518
2018-11-01,600519
2018-11-01,600522
2018-11-01,600535
2018-11-01,600547
2018-11-01,600549
2018-11-01,600570
2018-11-01,600583
2018-11-01,600585
2018-11-01,600588
2018-11-01,600606
2018-11-01,600637
2018-11-01,600660
2018-11-01,600663
2018-11-01,600674
2018-11-01,600682
2018-11-01,600688
2018-11-01,600690
2018-11-01,600703
2018-11-01,600704
2018-11-01,600705
2018-11-01,600739
2018-11-01,600741
2018-11-01,600795
2018-11-01,600804
2018-11-01,600809
2018-11-01,600816
2018-11-01,600820
2018-11-01,600837
2018-11-01,600867
2018-11-01,600886
2018-11-01,600887
2018-11-01,600893
2018-11-01,600900
2018-11-01,600909
2018-11-01,600919
2018-11-01,600926
2018-11-01,600958
2018-11-01,600959
2018-11-01,600977
2018-11-01,600999
2018-11-01,601006
2018-11-01,601009
2018-11-01,601012
2018-11-01,601018
2018-11-01,601021
2018-11-01,601088
2018-11-01,601099
2018-11-01,601108
2018-11-01,601111
2018-11-01,601117
2018-11-01,601155
2018-11-01,601166
2018-11-01,601169
2018-11-01,601186
2018-11-01,601198
2018-11-01,601211
2018-11-01,601212
2018-11-01,601216
2018-11-01,601225
2018-11-01,601228
2018-11-01,601229
2018-11-01,601238
2018-11-01,601288
2018-11-01,601318
2018-11-01,601328
2018-11-01,601333
2018-11-01,601336
2018-11-01,601360
2018-11-01,601377
2018-11-01,601390
2018-11-01,601398
2018-11-01,601555
2018-11-01,601600
2018-11-01,601601
2018-11-01,601607
2018-11-01,601611
2018-11-01,601618
2018-11-01,601628
2018-11-01,601633
2018-11-01,601668
2018-11-01,601669
2018-11-01,601688
2018-11-01,601718
2018-11-01,601727
2018-11-01,601766
2018-11-01,601788
2018-11-01,601800
2018-11-01,601808
2018-11-01,601818
2018-11-01,601828
2018-11-01,601838
2018-11-01,601857
2018-11-01,601866
2018-11-01,601877
2018-11-01,601878
2018-11-01,601881
2018-11-01,601888
2018-11-01,601898
2018-11-01,601899
2018-11-01,601901
2018-11-01,601919
2018-11-01,601933
2018-11-01,601939
2018-11-01,601958
2018-11-01,601985
2018-11-01,601988
2018-11-01,601989
2018-11-01,601991
2018-11-01,601992
2018-11-01,601997
2018-11-01,601998
2018-11-01,603160
2018-11-01,603260
2018-11-01,603288
2018-11-01,603799
2018-11-01,603833
2018-11-01,603858
2018-11-01,603993
2018-11-01,000001
2018-11-01,000002
2018-11-01,000060
2018-11-01,000063
2018-11-01,000069
2018-11-01,000100
2018-11-01,000157
2018-11-01,000166
2018-11-01,000333
2018-11-01,000338
2018-11-01,000402
2018-11-01,000413
2018-11-01,000415
2018-11-01,000423
2018-11-01,000425
2018-11-01,000503
2018-11-01,000538
2018-11-01,000540
2018-11-01,000559
2018-11-01,000568
2018-11-01,000623
2018-11-01,000625
2018-11-01,000627
2018-11-01,000630
2018-11-01,000651
2018-11-01,000671
2018-11-01,000709
2018-11-01,000723
2018-11-01,000725
2018-11-01,000728
2018-11-01,000768
2018-11-01,000776
2018-11-01,000783
2018-11-01,000786
2018-11-01,000792
2018-11-01,000826
2018-11-01,000839
2018-11-01,000858
2018-11-01,000876
2018-11-01,000895
2018-11-01,000898
2018-11-01,000938
2018-11-01,000959
2018-11-01,000961
2018-11-01,000963
2018-11-01,000983
2018-11-01,001965
2018-11-01,001979
2018-11-01,002007
2018-11-01,002008
2018-11-01,002024
2018-11-01,002027
2018-11-01,002044
2018-11-01,002050
2018-11-01,002065
2018-11-01,002074
2018-11-01,002081
2018-11-01,002085
2018-11-01,002142
2018-11-01,002146
2018-11-01,002153
2018-11-01,002202
2018-11-01,002230
2018-11-01,002236
2018-11-01,002241
2018-11-01,002252
2018-11-01,002294
2018-11-01,002304
2018-11-01,002310
2018-11-01,002352
2018-11-01,002385
2018-11-01,002411
2018-11-01,002415
2018-11-01,002450
2018-11-01,002456
2018-11-01,002460
2018-11-01,002466
2018-11-01,002468
2018-11-01,002470
2018-11-01,002475
2018-11-01,002493
2018-11-01,002500
2018-11-01,002508
2018-11-01,002555
2018-11-01,002558
2018-11-01,002572
2018-11-01,002594
2018-11-01,002601
2018-11-01,002602
2018-11-01,002608
2018-11-01,002624
2018-11-01,002625
2018-11-01,002673
2018-11-01,002714
2018-11-01,002736
2018-11-01,002739
2018-11-01,002797
2018-11-01,002925
2018-11-01,300003
2018-11-01,300015
2018-11-01,300017
2018-11-01,300024
2018-11-01,300027
2018-11-01,300033
2018-11-01,300059
2018-11-01,300070
2018-11-01,300072
2018-11-01,300122
2018-11-01,300124
2018-11-01,300136
2018-11-01,300144
2018-11-01,300251
2018-11-01,300408
2018-11-01,300433
2018-12-01,600000
2018-12-01,600008
2018-12-01,600009
2018-12-01,600010
2018-12-01,600011
2018-12-01,600015
2018-12-01,600016
2018-12-01,600018
2018-12-01,600019
2018-12-01,600023
2018-12-01,600025
2018-12-01,600028
2018-12-01,600029
2018-12-01,600030
2018-12-01,600031
2018-12-01,600036
2018-12-01,600038
2018-12-01,600048
2018-12-01,600050
2018-12-01,600061
2018-12-01,600066
2018-12-01,600068
2018-12-01,600085
2018-12-01,600089
2018-12-01,600100
2018-12-01,600104
2018-12-01,600109
2018-12-01,600111
2018-12-01,600115
2018-12-01,600118
2018-12-01,600153
2018-12-01,600157
2018-12-01,600170
2018-12-01,600176
2018-12-01,600177
2018-12-01,600188
2018-12-01,600196
2018-12-01,600208
2018-12-01,600219
2018-12-01,600221
2018-12-01,600233
2018-12-01,600271
2018-12-01,600276
2018-12-01,600297
2018-12-01,600309
2018-12-01,600332
2018-12-01,600339
2018-12-01,600340
2018-12-01,600346
2018-12-01,600352
2018-12-01,600362
2018-12-01,600369
2018-12-01,600372
2018-12-01,600373
2018-12-01,600376
2018-12-01,600383
2018-12-01,600390
2018-12-01,600398
2018-12-01,600406
2018-12-01,600415
2018-12-01,600436
2018-12-01,600438
2018-12-01,600482
2018-12-01,600487
2018-12-01,600489
2018-12-01,600498
2018-12-01,600516
2018-12-01,600518
2018-12-01,600519
2018-12-01,600522
2018-12-01,600535
2018-12-01,600547
2018-12-01,600549
2018-12-01,600570
2018-12-01,600583
2018-12-01,600585
2018-12-01,600588
2018-12-01,600606
2018-12-01,600637
2018-12-01,600660
2018-12-01,600663
2018-12-01,600674
2018-12-01,600682
2018-12-01,600688
2018-12-01,600690
2018-12-01,600703
2018-12-01,600704
2018-12-01,600705
2018-12-01,600739
2018-12-01,600741
2018-12-01,600795
2018-12-01,600804
2018-12-01,600809
2018-12-01,600816
2018-12-01,600820
2018-12-01,600837
2018-12-01,600867
2018-12-01,600886
2018-12-01,600887
2018-12-01,600893
2018-12-01,600900
2018-12-01,600909
2018-12-01,600919
2018-12-01,600926
2018-12-01,600958
2018-12-01,600959
2018-12-01,600977
2018-12-01,600999
2018-12-01,601006
2018-12-01,601009
2018-12-01,601012
2018-12-01,601018
2018-12-01,601021
2018-12-01,601088
2018-12-01,601099
2018-12-01,601108
2018-12-01,601111
2018-12-01,601117
2018-12-01,601155
2018-12-01,601166
2018-12-01,601169
2018-12-01,601186
2018-12-01,601198
2018-12-01,601211
2018-12-01,601212
2018-12-01,601216
2018-12-01,601225
2018-12-01,601228
2018-12-01,601229
2018-12-01,601238
2018-12-01,601288
2018-12-01,601318
2018-12-01,601328
2018-12-01,601333
2018-12-01,601336
2018-12-01,601360
2018-12-01,601377
2018-12-01,601390
2018-12-01,601398
2018-12-01,601555
2018-12-01,601600
2018-12-01,601601
2018-12-01,601607
2018-12-01,601611
2018-12-01,601618
2018-12-01,601628
2018-12-01,601633
2018-12-01,601668
2018-12-01,601669
2018-12-01,601688
2018-12-01,601718
2018-12-01,601727
2018-12-01,601766
2018-12-01,601788
2018-12-01,601800
2018-12-01,601808
2018-12-01,601818
2018-12-01,601828
2018-12-01,601838
2018-12-01,601857
2018-12-01,601866
2018-12-01,601877
2018-12-01,601878
2018-12-01,601881
2018-12-01,601888
2018-12-01,601898
2018-12-01,601899
2018-12-01,601901
2018-12-01,601919
2018-12-01,601933
2018-12-01,601939
2018-12-01,601958
2018-12-01,601985
2018-12-01,601988
2018-12-01,601989
2018-12-01,601991
2018-12-01,601992
2018-12-01,601997
2018-12-01,601998
2018-12-01,603160
2018-12-01,603260
2018-12-01,603288
2018-12-01,603799
2018-12-01,603833
2018-12-01,603858
2018-12-01,603993
2018-12-01,000001
2018-12-01,000002
2018-12-01,000060
2018-12-01,000063
2018-12-01,000069
2018-12-01,000100
2018-12-01,000157
2018-12-01,000166
2018-12-01,000333
2018-12-01,000338
2018-12-01,000402
2018-12-01,000413
2018-12-01,000415
2018-12-01,000423
2018-12-01,000425
2018-12-01,000503
2018-12-01,000538
2018-12-01,000540
2018-12-01,000559
2018-12-01,000568
2018-12-01,000623
2018-12-01,000625
2018-12-01,000627
2018-12-01,000630
2018-12-01,000651
2018-12-01,000671
2018-12-01,000709
2018-12-01,000723
2018-12-01,000725
2018-12-01,000728
2018-12-01,000768
2018-12-01,000776
2018-12-01,000783
2018-12-01,000786
2018-12-01,000792
2018-12-01,000826
2018-12-01,000839
2018-12-01,000858
2018-12-01,000876
2018-12-01,000895
2018-12-01,000898
2018-12-01,000938
2018-12-01,000959
2018-12-01,000961
2018-12-01,000963
2018-12-01,000983
2018-12-01,001965
2018-12-01,001979
2018-12-01,002007
2018-12-01,002008
2018-12-01,002024
2018-12-01,002027
2018-12-01,002044
2018-12-01,002050
2018-12-01,002065
2018-12-01,002074
2018-12-01,002081
2018-12-01,002085
2018-12-01,002142
2018-12-01,002146
2018-12-01,002153
2018-12-01,002202
2018-12-01,002230
2018-12-01,002236
2018-12-01,002241
2018-12-01,002252
2018-12-01,002294
2018-12-01,002304
2018-12-01,002310
2018-12-01,002352
2018-12-01,002385
2018-12-01,002411
2018-12-01,002415
2018-12-01,002450
2018-12-01,002456
2018-12-01,002460
2018-12-01,002466
2018-12-01,002468
2018-12-01,002470
2018-12-01,002475
2018-12-01,002493
2018-12-01,002500
2018-12-01,002508
2018-12-01,002555
2018-12-01,002558
2018-12-01,002572
2018-12-01,002594
2018-12-01,002601
2018-12-01,002602
2018-12-01,002608
2018-12-01,002624
2018-12-01,002625
2018-12-01,002673
2018-12-01,002714
2018-12-01,002736
2018-12-01,002739
2018-12-01,002797
2018-12-01,002925
2018-12-01,300003
2018-12-01,300015
2018-12-01,300017
2018-12-01,300024
2018-12-01,300027
2018-12-01,300033
2018-12-01,300059
2018-12-01,300070
2018-12-01,300072
2018-12-01,300122
2018-12-01,300124
2018-12-01,300136
2018-12-01,300144
2018-12-01,300251
2018-12-01,300408
2018-12-01,300433
2019-01-01,600000
2019-01-01,600004
2019-01-01,600009
2019-01-01,600010
2019-01-01,600011
2019-01-01,600015
2019-01-01,600016
2019-01-01,600018
2019-01-01,600019
2019-01-01,600023
2019-01-01,600025
2019-01-01,600027
2019-01-01,600028
2019-01-01,600029
2019-01-01,600030
2019-01-01,600031
2019-01-01,600036
2019-01-01,600038
2019-01-01,600048
2019-01-01,600050
2019-01-01,600061
2019-01-01,600066
2019-01-01,600068
2019-01-01,600085
2019-01-01,600089
2019-01-01,600100
2019-01-01,600104
2019-01-01,600109
2019-01-01,600111
2019-01-01,600115
2019-01-01,600118
2019-01-01,600153
2019-01-01,600157
2019-01-01,600170
2019-01-01,600176
2019-01-01,600177
2019-01-01,600188
2019-01-01,600196
2019-01-01,600208
2019-01-01,600219
2019-01-01,600221
2019-01-01,600233
2019-01-01,600271
2019-01-01,600276
2019-01-01,600297
2019-01-01,600309
2019-01-01,600332
2019-01-01,600339
2019-01-01,600340
2019-01-01,600346
2019-01-01,600352
2019-01-01,600362
2019-01-01,600369
2019-01-01,600372
2019-01-01,600383
2019-01-01,600390
2019-01-01,600398
2019-01-01,600406
2019-01-01,600415
2019-01-01,600436
2019-01-01,600438
2019-01-01,600482
2019-01-01,600487
2019-01-01,600489
2019-01-01,600498
2019-01-01,600516
2019-01-01,600518
2019-01-01,600519
2019-01-01,600522
2019-01-01,600535
2019-01-01,600547
2019-01-01,600549
2019-01-01,600566
2019-01-01,600570
2019-01-01,600583
2019-01-01,600585
2019-01-01,600588
2019-01-01,600606
2019-01-01,600637
2019-01-01,600660
2019-01-01,600674
2019-01-01,600688
2019-01-01,600690
2019-01-01,600703
2019-01-01,600704
2019-01-01,600705
2019-01-01,600739
2019-01-01,600741
2019-01-01,600760
2019-01-01,600795
2019-01-01,600809
2019-01-01,600816
2019-01-01,600837
2019-01-01,600867
2019-01-01,600886
2019-01-01,600887
2019-01-01,600893
2019-01-01,600900
2019-01-01,600909
2019-01-01,600919
2019-01-01,600926
2019-01-01,600958
2019-01-01,600977
2019-01-01,600998
2019-01-01,600999
2019-01-01,601006
2019-01-01,601009
2019-01-01,601012
2019-01-01,601018
2019-01-01,601021
2019-01-01,601066
2019-01-01,601088
2019-01-01,601108
2019-01-01,601111
2019-01-01,601117
2019-01-01,601138
2019-01-01,601155
2019-01-01,601166
2019-01-01,601169
2019-01-01,601186
2019-01-01,601198
2019-01-01,601211
2019-01-01,601212
2019-01-01,601216
2019-01-01,601225
2019-01-01,601228
2019-01-01,601229
2019-01-01,601238
2019-01-01,601288
2019-01-01,601318
2019-01-01,601328
2019-01-01,601333
2019-01-01,601336
2019-01-01,601360
2019-01-01,601377
2019-01-01,601390
2019-01-01,601398
2019-01-01,601555
2019-01-01,601600
2019-01-01,601601
2019-01-01,601607
2019-01-01,601611
2019-01-01,601618
2019-01-01,601628
2019-01-01,601633
2019-01-01,601668
2019-01-01,601669
2019-01-01,601688
2019-01-01,601727
2019-01-01,601766
2019-01-01,601788
2019-01-01,601800
2019-01-01,601808
2019-01-01,601818
2019-01-01,601828
2019-01-01,601838
2019-01-01,601857
2019-01-01,601877
2019-01-01,601878
2019-01-01,601881
2019-01-01,601888
2019-01-01,601898
2019-01-01,601899
2019-01-01,601901
2019-01-01,601919
2019-01-01,601933
2019-01-01,601939
2019-01-01,601985
2019-01-01,601988
2019-01-01,601989
2019-01-01,601991
2019-01-01,601992
2019-01-01,601997
2019-01-01,601998
2019-01-01,603156
2019-01-01,603160
2019-01-01,603259
2019-01-01,603260
2019-01-01,603288
2019-01-01,603799
2019-01-01,603833
2019-01-01,603858
2019-01-01,603986
2019-01-01,603993
2019-01-01,000001
2019-01-01,000002
2019-01-01,000063
2019-01-01,000069
2019-01-01,000100
2019-01-01,000157
2019-01-01,000166
2019-01-01,000333
2019-01-01,000338
2019-01-01,000402
2019-01-01,000408
2019-01-01,000413
2019-01-01,000415
2019-01-01,000423
2019-01-01,000425
2019-01-01,000503
2019-01-01,000538
2019-01-01,000553
2019-01-01,000568
2019-01-01,000625
2019-01-01,000627
2019-01-01,000630
2019-01-01,000651
2019-01-01,000661
2019-01-01,000671
2019-01-01,000703
2019-01-01,000709
2019-01-01,000725
2019-01-01,000728
2019-01-01,000768
2019-01-01,000776
2019-01-01,000783
2019-01-01,000786
2019-01-01,000792
2019-01-01,000826
2019-01-01,000839
2019-01-01,000858
2019-01-01,000876
2019-01-01,000895
2019-01-01,000898
2019-01-01,000938
2019-01-01,000959
2019-01-01,000961
2019-01-01,000963
2019-01-01,000983
2019-01-01,001965
2019-01-01,001979
2019-01-01,002001
2019-01-01,002007
2019-01-01,002008
2019-01-01,002024
2019-01-01,002027
2019-01-01,002032
2019-01-01,002044
2019-01-01,002050
2019-01-01,002065
2019-01-01,002081
2019-01-01,002085
2019-01-01,002120
2019-01-01,002142
2019-01-01,002146
2019-01-01,002153
2019-01-01,002179
2019-01-01,002202
2019-01-01,002230
2019-01-01,002236
2019-01-01,002241
2019-01-01,002252
2019-01-01,002271
2019-01-01,002294
2019-01-01,002304
2019-01-01,002310
2019-01-01,002311
2019-01-01,002352
2019-01-01,002411
2019-01-01,002415
2019-01-01,002422
2019-01-01,002450
2019-01-01,002456
2019-01-01,002460
2019-01-01,002466
2019-01-01,002468
2019-01-01,002475
2019-01-01,002493
2019-01-01,002508
2019-01-01,002555
2019-01-01,002558
2019-01-01,002572
2019-01-01,002594
2019-01-01,002601
2019-01-01,002602
2019-01-01,002624
2019-01-01,002625
2019-01-01,002673
2019-01-01,002714
2019-01-01,002736
2019-01-01,002773
2019-01-01,002797
2019-01-01,002925
2019-01-01,300003
2019-01-01,300015
2019-01-01,300017
2019-01-01,300024
2019-01-01,300033
2019-01-01,300059
2019-01-01,300070
2019-01-01,300072
2019-01-01,300122
2019-01-01,300124
2019-01-01,300136
2019-01-01,300142
2019-01-01,300144
2019-01-01,300251
2019-01-01,300296
2019-01-01,300408
2019-01-01,300433
2019-02-01,600000
2019-02-01,600004
2019-02-01,600009
2019-02-01,600010
2019-02-01,600011
2019-02-01,600015
2019-02-01,600016
2019-02-01,600018
2019-02-01,600019
2019-02-01,600023
2019-02-01,600025
2019-02-01,600027
2019-02-01,600028
2019-02-01,600029
2019-02-01,600030
2019-02-01,600031
2019-02-01,600036
2019-02-01,600038
2019-02-01,600048
2019-02-01,600050
2019-02-01,600061
2019-02-01,600066
2019-02-01,600068
2019-02-01,600085
2019-02-01,600089
2019-02-01,600100
2019-02-01,600104
2019-02-01,600109
2019-02-01,600111
2019-02-01,600115
2019-02-01,600118
2019-02-01,600153
2019-02-01,600157
2019-02-01,600170
2019-02-01,600176
2019-02-01,600177
2019-02-01,600188
2019-02-01,600196
2019-02-01,600208
2019-02-01,600219
2019-02-01,600221
2019-02-01,600233
2019-02-01,600271
2019-02-01,600276
2019-02-01,600297
2019-02-01,600309
2019-02-01,600332
2019-02-01,600339
2019-02-01,600340
2019-02-01,600346
2019-02-01,600352
2019-02-01,600362
2019-02-01,600369
2019-02-01,600372
2019-02-01,600383
2019-02-01,600390
2019-02-01,600398
2019-02-01,600406
2019-02-01,600415
2019-02-01,600436
2019-02-01,600438
2019-02-01,600482
2019-02-01,600487
2019-02-01,600489
2019-02-01,600498
2019-02-01,600516
2019-02-01,600518
2019-02-01,600519
2019-02-01,600522
2019-02-01,600535
2019-02-01,600547
2019-02-01,600549
2019-02-01,600566
2019-02-01,600570
2019-02-01,600583
2019-02-01,600585
2019-02-01,600588
2019-02-01,600606
2019-02-01,600637
2019-02-01,600660
2019-02-01,600674
2019-02-01,600688
2019-02-01,600690
2019-02-01,600703
2019-02-01,600704
2019-02-01,600705
2019-02-01,600739
2019-02-01,600741
2019-02-01,600760
2019-02-01,600795
2019-02-01,600809
2019-02-01,600816
2019-02-01,600837
2019-02-01,600867
2019-02-01,600886
2019-02-01,600887
2019-02-01,600893
2019-02-01,600900
2019-02-01,600909
2019-02-01,600919
2019-02-01,600926
2019-02-01,600958
2019-02-01,600977
2019-02-01,600998
2019-02-01,600999
2019-02-01,601006
2019-02-01,601009
2019-02-01,601012
2019-02-01,601018
2019-02-01,601021
2019-02-01,601066
2019-02-01,601088
2019-02-01,601108
2019-02-01,601111
2019-02-01,601117
2019-02-01,601138
2019-02-01,601155
2019-02-01,601166
2019-02-01,601169
2019-02-01,601186
2019-02-01,601198
2019-02-01,601211
2019-02-01,601212
2019-02-01,601216
2019-02-01,601225
2019-02-01,601228
2019-02-01,601229
2019-02-01,601238
2019-02-01,601288
2019-02-01,601318
2019-02-01,601328
2019-02-01,601333
2019-02-01,601336
2019-02-01,601360
2019-02-01,601377
2019-02-01,601390
2019-02-01,601398
2019-02-01,601555
2019-02-01,601600
2019-02-01,601601
2019-02-01,601607
2019-02-01,601611
2019-02-01,601618
2019-02-01,601628
2019-02-01,601633
2019-02-01,601668
2019-02-01,601669
2019-02-01,601688
2019-02-01,601727
2019-02-01,601766
2019-02-01,601788
2019-02-01,601800
2019-02-01,601808
2019-02-01,601818
2019-02-01,601828
2019-02-01,601838
2019-02-01,601857
2019-02-01,601877
2019-02-01,601878
2019-02-01,601881
2019-02-01,601888
2019-02-01,601898
2019-02-01,601899
2019-02-01,601901
2019-02-01,601919
2019-02-01,601933
2019-02-01,601939
2019-02-01,601985
2019-02-01,601988
2019-02-01,601989
2019-02-01,601991
2019-02-01,601992
2019-02-01,601997
2019-02-01,601998
2019-02-01,603156
2019-02-01,603160
2019-02-01,603259
2019-02-01,603260
2019-02-01,603288
2019-02-01,603799
2019-02-01,603833
2019-02-01,603858
2019-02-01,603986
2019-02-01,603993
2019-02-01,000001
2019-02-01,000002
2019-02-01,000063
2019-02-01,000069
2019-02-01,000100
2019-02-01,000157
2019-02-01,000166
2019-02-01,000333
2019-02-01,000338
2019-02-01,000402
2019-02-01,000408
2019-02-01,000413
2019-02-01,000415
2019-02-01,000423
2019-02-01,000425
2019-02-01,000503
2019-02-01,000538
2019-02-01,000553
2019-02-01,000568
2019-02-01,000625
2019-02-01,000627
2019-02-01,000630
2019-02-01,000651
2019-02-01,000661
2019-02-01,000671
2019-02-01,000703
2019-02-01,000709
2019-02-01,000725
2019-02-01,000728
2019-02-01,000768
2019-02-01,000776
2019-02-01,000783
2019-02-01,000786
2019-02-01,000792
2019-02-01,000826
2019-02-01,000839
2019-02-01,000858
2019-02-01,000876
2019-02-01,000895
2019-02-01,000898
2019-02-01,000938
2019-02-01,000959
2019-02-01,000961
2019-02-01,000963
2019-02-01,000983
2019-02-01,001965
2019-02-01,001979
2019-02-01,002001
2019-02-01,002007
2019-02-01,002008
2019-02-01,002024
2019-02-01,002027
2019-02-01,002032
2019-02-01,002044
2019-02-01,002050
2019-02-01,002065
2019-02-01,002081
2019-02-01,002085
2019-02-01,002120
2019-02-01,002142
2019-02-01,002146
2019-02-01,002153
2019-02-01,002179
2019-02-01,002202
2019-02-01,002230
2019-02-01,002236
2019-02-01,002241
2019-02-01,002252
2019-02-01,002271
2019-02-01,002294
2019-02-01,002304
2019-02-01,002310
2019-02-01,002311
2019-02-01,002352
2019-02-01,002411
2019-02-01,002415
2019-02-01,002422
2019-02-01,002450
2019-02-01,002456
2019-02-01,002460
2019-02-01,002466
2019-02-01,002468
2019-02-01,002475
2019-02-01,002493
2019-02-01,002508
2019-02-01,002555
2019-02-01,002558
2019-02-01,002572
2019-02-01,002594
2019-02-01,002601
2019-02-01,002602
2019-02-01,002624
2019-02-01,002625
2019-02-01,002673
2019-02-01,002714
2019-02-01,002736
2019-02-01,002773
2019-02-01,002797
2019-02-01,002925
2019-02-01,300003
2019-02-01,300015
2019-02-01,300017
2019-02-01,300024
2019-02-01,300033
2019-02-01,300059
2019-02-01,300070
2019-02-01,300072
2019-02-01,300122
2019-02-01,300124
2019-02-01,300136
2019-02-01,300142
2019-02-01,300144
2019-02-01,300251
2019-02-01,300296
2019-02-01,300408
2019-02-01,300433
2019-03-01,600000
2019-03-01,600004
2019-03-01,600009
2019-03-01,600010
2019-03-01,600011
2019-03-01,600015
2019-03-01,600016
2019-03-01,600018
2019-03-01,600019
2019-03-01,600023
2019-03-01,600025
2019-03-01,600027
2019-03-01,600028
2019-03-01,600029
2019-03-01,600030
2019-03-01,600031
2019-03-01,600036
2019-03-01,600038
2019-03-01,600048
2019-03-01,600050
2019-03-01,600061
2019-03-01,600066
2019-03-01,600068
2019-03-01,600085
2019-03-01,600089
2019-03-01,600100
2019-03-01,600104
2019-03-01,600109
2019-03-01,600111
2019-03-01,600115
2019-03-01,600118
2019-03-01,600153
2019-03-01,600157
2019-03-01,600170
2019-03-01,600176
2019-03-01,600177
2019-03-01,600188
2019-03-01,600196
2019-03-01,600208
2019-03-01,600219
2019-03-01,600221
2019-03-01,600233
2019-03-01,600271
2019-03-01,600276
2019-03-01,600297
2019-03-01,600309
2019-03-01,600332
2019-03-01,600339
2019-03-01,600340
2019-03-01,600346
2019-03-01,600352
2019-03-01,600362
2019-03-01,600369
2019-03-01,600372
2019-03-01,600383
2019-03-01,600390
2019-03-01,600398
2019-03-01,600406
2019-03-01,600415
2019-03-01,600436
2019-03-01,600438
2019-03-01,600482
2019-03-01,600487
2019-03-01,600489
2019-03-01,600498
2019-03-01,600516
2019-03-01,600518
2019-03-01,600519
2019-03-01,600522
2019-03-01,600535
2019-03-01,600547
2019-03-01,600549
2019-03-01,600566
2019-03-01,600570
2019-03-01,600583
2019-03-01,600585
2019-03-01,600588
2019-03-01,600606
2019-03-01,600637
2019-03-01,600660
2019-03-01,600674
2019-03-01,600688
2019-03-01,600690
2019-03-01,600703
2019-03-01,600704
2019-03-01,600705
2019-03-01,600739
2019-03-01,600741
2019-03-01,600760
2019-03-01,600795
2019-03-01,600809
2019-03-01,600816
2019-03-01,600837
2019-03-01,600867
2019-03-01,600886
2019-03-01,600887
2019-03-01,600893
2019-03-01,600900
2019-03-01,600909
2019-03-01,600919
2019-03-01,600926
2019-03-01,600958
2019-03-01,600977
2019-03-01,600998
2019-03-01,600999
2019-03-01,601006
2019-03-01,601009
2019-03-01,601012
2019-03-01,601018
2019-03-01,601021
2019-03-01,601066
2019-03-01,601088
2019-03-01,601108
2019-03-01,601111
2019-03-01,601117
2019-03-01,601138
2019-03-01,601155
2019-03-01,601166
2019-03-01,601169
2019-03-01,601186
2019-03-01,601198
2019-03-01,601211
2019-03-01,601212
2019-03-01,601216
2019-03-01,601225
2019-03-01,601228
2019-03-01,601229
2019-03-01,601238
2019-03-01,601288
2019-03-01,601318
2019-03-01,601328
2019-03-01,601333
2019-03-01,601336
2019-03-01,601360
2019-03-01,601377
2019-03-01,601390
2019-03-01,601398
2019-03-01,601555
2019-03-01,601600
2019-03-01,601601
2019-03-01,601607
2019-03-01,601611
2019-03-01,601618
2019-03-01,601628
2019-03-01,601633
2019-03-01,601668
2019-03-01,601669
2019-03-01,601688
2019-03-01,601727
2019-03-01,601766
2019-03-01,601788
2019-03-01,601800
2019-03-01,601808
2019-03-01,601818
2019-03-01,601828
2019-03-01,601838
2019-03-01,601857
2019-03-01,601877
2019-03-01,601878
2019-03-01,601881
2019-03-01,601888
2019-03-01,601898
2019-03-01,601899
2019-03-01,601901
2019-03-01,601919
2019-03-01,601933
2019-03-01,601939
2019-03-01,601985
2019-03-01,601988
2019-03-01,601989
2019-03-01,601991
2019-03-01,601992
2019-03-01,601997
2019-03-01,601998
2019-03-01,603156
2019-03-01,603160
2019-03-01,603259
2019-03-01,603260
2019-03-01,603288
2019-03-01,603799
2019-03-01,603833
2019-03-01,603858
2019-03-01,603986
2019-03-01,603993
2019-03-01,000001
2019-03-01,000002
2019-03-01,000063
2019-03-01,000069
2019-03-01,000100
2019-03-01,000157
2019-03-01,000166
2019-03-01,000333
2019-03-01,000338
2019-03-01,000402
2019-03-01,000408
2019-03-01,000413
2019-03-01,000415
2019-03-01,000423
2019-03-01,000425
2019-03-01,000503
2019-03-01,000538
2019-03-01,000553
2019-03-01,000568
2019-03-01,000625
2019-03-01,000627
2019-03-01,000630
2019-03-01,000651
2019-03-01,000661
2019-03-01,000671
2019-03-01,000703
2019-03-01,000709
2019-03-01,000725
2019-03-01,000728
2019-03-01,000768
2019-03-01,000776
2019-03-01,000783
2019-03-01,000786
2019-03-01,000792
2019-03-01,000826
2019-03-01,000839
2019-03-01,000858
2019-03-01,000876
2019-03-01,000895
2019-03-01,000898
2019-03-01,000938
2019-03-01,000959
2019-03-01,000961
2019-03-01,000963
2019-03-01,000983
2019-03-01,001965
2019-03-01,001979
2019-03-01,002001
2019-03-01,002007
2019-03-01,002008
2019-03-01,002024
2019-03-01,002027
2019-03-01,002032
2019-03-01,002044
2019-03-01,002050
2019-03-01,002065
2019-03-01,002081
2019-03-01,002085
2019-03-01,002120
2019-03-01,002142
2019-03-01,002146
2019-03-01,002153
2019-03-01,002179
2019-03-01,002202
2019-03-01,002230
2019-03-01,002236
2019-03-01,002241
2019-03-01,002252
2019-03-01,002271
2019-03-01,002294
2019-03-01,002304
2019-03-01,002310
2019-03-01,002311
2019-03-01,002352
2019-03-01,002411
2019-03-01,002415
2019-03-01,002422
2019-03-01,002450
2019-03-01,002456
2019-03-01,002460
2019-03-01,002466
2019-03-01,002468
2019-03-01,002475
2019-03-01,002493
2019-03-01,002508
2019-03-01,002555
2019-03-01,002558
2019-03-01,002572
2019-03-01,002594
2019-03-01,002601
2019-03-01,002602
2019-03-01,002624
2019-03-01,002625
2019-03-01,002673
2019-03-01,002714
2019-03-01,002736
2019-03-01,002773
2019-03-01,002797
2019-03-01,002925
2019-03-01,300003
2019-03-01,300015
2019-03-01,300017
2019-03-01,300024
2019-03-01,300033
2019-03-01,300059
2019-03-01,300070
2019-03-01,300072
2019-03-01,300122
2019-03-01,300124
2019-03-01,300136
2019-03-01,300142
2019-03-01,300144
2019-03-01,300251
2019-03-01,300296
2019-03-01,300408
2019-03-01,300433
2019-04-01,600000
2019-04-01,600004
2019-04-01,600009
2019-04-01,600010
2019-04-01,600011
2019-04-01,600015
2019-04-01,600016
2019-04-01,600018
2019-04-01,600019
2019-04-01,600023
2019-04-01,600025
2019-04-01,600027
2019-04-01,600028
2019-04-01,600029
2019-04-01,600030
2019-04-01,600031
2019-04-01,600036
2019-04-01,600038
2019-04-01,600048
2019-04-01,600050
2019-04-01,600061
2019-04-01,600066
2019-04-01,600068
2019-04-01,600085
2019-04-01,600089
2019-04-01,600100
2019-04-01,600104
2019-04-01,600109
2019-04-01,600111
2019-04-01,600115
2019-04-01,600118
2019-04-01,600153
2019-04-01,600157
2019-04-01,600170
2019-04-01,600176
2019-04-01,600177
2019-04-01,600188
2019-04-01,600196
2019-04-01,600208
2019-04-01,600219
2019-04-01,600221
2019-04-01,600233
2019-04-01,600271
2019-04-01,600276
2019-04-01,600297
2019-04-01,600309
2019-04-01,600332
2019-04-01,600339
2019-04-01,600340
2019-04-01,600346
2019-04-01,600352
2019-04-01,600362
2019-04-01,600369
2019-04-01,600372
2019-04-01,600383
2019-04-01,600390
2019-04-01,600398
2019-04-01,600406
2019-04-01,600415
2019-04-01,600436
2019-04-01,600438
2019-04-01,600482
2019-04-01,600487
2019-04-01,600489
2019-04-01,600498
2019-04-01,600516
2019-04-01,600518
2019-04-01,600519
2019-04-01,600522
2019-04-01,600535
2019-04-01,600547
2019-04-01,600549
2019-04-01,600566
2019-04-01,600570
2019-04-01,600583
2019-04-01,600585
2019-04-01,600588
2019-04-01,600606
2019-04-01,600637
2019-04-01,600660
2019-04-01,600674
2019-04-01,600688
2019-04-01,600690
2019-04-01,600703
2019-04-01,600704
2019-04-01,600705
2019-04-01,600739
2019-04-01,600741
2019-04-01,600760
2019-04-01,600795
2019-04-01,600809
2019-04-01,600816
2019-04-01,600837
2019-04-01,600867
2019-04-01,600886
2019-04-01,600887
2019-04-01,600893
2019-04-01,600900
2019-04-01,600909
2019-04-01,600919
2019-04-01,600926
2019-04-01,600958
2019-04-01,600977
2019-04-01,600998
2019-04-01,600999
2019-04-01,601006
2019-04-01,601009
2019-04-01,601012
2019-04-01,601018
2019-04-01,601021
2019-04-01,601066
2019-04-01,601088
2019-04-01,601108
2019-04-01,601111
2019-04-01,601117
2019-04-01,601138
2019-04-01,601155
2019-04-01,601166
2019-04-01,601169
2019-04-01,601186
2019-04-01,601198
2019-04-01,601211
2019-04-01,601212
2019-04-01,601216
2019-04-01,601225
2019-04-01,601228
2019-04-01,601229
2019-04-01,601238
2019-04-01,601288
2019-04-01,601318
2019-04-01,601328
2019-04-01,601333
2019-04-01,601336
2019-04-01,601360
2019-04-01,601377
2019-04-01,601390
2019-04-01,601398
2019-04-01,601555
2019-04-01,601600
2019-04-01,601601
2019-04-01,601607
2019-04-01,601611
2019-04-01,601618
2019-04-01,601628
2019-04-01,601633
2019-04-01,601668
2019-04-01,601669
2019-04-01,601688
2019-04-01,601727
2019-04-01,601766
2019-04-01,601788
2019-04-01,601800
2019-04-01,601808
2019-04-01,601818
2019-04-01,601828
2019-04-01,601838
2019-04-01,601857
2019-04-01,601877
2019-04-01,601878
2019-04-01,601881
2019-04-01,601888
2019-04-01,601898
2019-04-01,601899
2019-04-01,601901
2019-04-01,601919
2019-04-01,601933
2019-04-01,601939
2019-04-01,601985
2019-04-01,601988
2019-04-01,601989
2019-04-01,601991
2019-04-01,601992
2019-04-01,601997
2019-04-01,601998
2019-04-01,603156
2019-04-01,603160
2019-04-01,603259
2019-04-01,603260
2019-04-01,603288
2019-04-01,603799
2019-04-01,603833
2019-04-01,603858
2019-04-01,603986
2019-04-01,603993
2019-04-01,000001
2019-04-01,000002
2019-04-01,000063
2019-04-01,000069
2019-04-01,000100
2019-04-01,000157
2019-04-01,000166
2019-04-01,000333
2019-04-01,000338
2019-04-01,000402
2019-04-01,000408
2019-04-01,000413
2019-04-01,000415
2019-04-01,000423
2019-04-01,000425
2019-04-01,000503
2019-04-01,000538
2019-04-01,000553
2019-04-01,000568
2019-04-01,000625
2019-04-01,000627
2019-04-01,000630
2019-04-01,000651
2019-04-01,000661
2019-04-01,000671
2019-04-01,000703
2019-04-01,000709
2019-04-01,000725
2019-04-01,000728
2019-04-01,000768
2019-04-01,000776
2019-04-01,000783
2019-04-01,000786
2019-04-01,000792
2019-04-01,000826
2019-04-01,000839
2019-04-01,000858
2019-04-01,000876
2019-04-01,000895
2019-04-01,000898
2019-04-01,000938
2019-04-01,000959
2019-04-01,000961
2019-04-01,000963
2019-04-01,000983
2019-04-01,001965
2019-04-01,001979
2019-04-01,002001
2019-04-01,002007
2019-04-01,002008
2019-04-01,002024
2019-04-01,002027
2019-04-01,002032
2019-04-01,002044
2019-04-01,002050
2019-04-01,002065
2019-04-01,002081
2019-04-01,002085
2019-04-01,002120
2019-04-01,002142
2019-04-01,002146
2019-04-01,002153
2019-04-01,002179
2019-04-01,002202
2019-04-01,002230
2019-04-01,002236
2019-04-01,002241
2019-04-01,002252
2019-04-01,002271
2019-04-01,002294
2019-04-01,002304
2019-04-01,002310
2019-04-01,002311
2019-04-01,002352
2019-04-01,002411
2019-04-01,002415
2019-04-01,002422
2019-04-01,002450
2019-04-01,002456
2019-04-01,002460
2019-04-01,002466
2019-04-01,002468
2019-04-01,002475
2019-04-01,002493
2019-04-01,002508
2019-04-01,002555
2019-04-01,002558
2019-04-01,002572
2019-04-01,002594
2019-04-01,002601
2019-04-01,002602
2019-04-01,002624
2019-04-01,002625
2019-04-01,002673
2019-04-01,002714
2019-04-01,002736
2019-04-01,002773
2019-04-01,002797
2019-04-01,002925
2019-04-01,300003
2019-04-01,300015
2019-04-01,300017
2019-04-01,300024
2019-04-01,300033
2019-04-01,300059
2019-04-01,300070
2019-04-01,300072
2019-04-01,300122
2019-04-01,300124
2019-04-01,300136
2019-04-01,300142
2019-04-01,300144
2019-04-01,300251
2019-04-01,300296
2019-04-01,300408
2019-04-01,300433
2019-05-01,600000
2019-05-01,600004
2019-05-01,600009
2019-05-01,600010
2019-05-01,600011
2019-05-01,600015
2019-05-01,600016
2019-05-01,600018
2019-05-01,600019
2019-05-01,600023
2019-05-01,600025
2019-05-01,600027
2019-05-01,600028
2019-05-01,600029
2019-05-01,600030
2019-05-01,600031
2019-05-01,600036
2019-05-01,600038
2019-05-01,600048
2019-05-01,600050
2019-05-01,600061
2019-05-01,600066
2019-05-01,600068
2019-05-01,600085
2019-05-01,600089
2019-05-01,600100
2019-05-01,600104
2019-05-01,600109
2019-05-01,600111
2019-05-01,600115
2019-05-01,600118
2019-05-01,600153
2019-05-01,600157
2019-05-01,600170
2019-05-01,600176
2019-05-01,600177
2019-05-01,600188
2019-05-01,600196
2019-05-01,600208
2019-05-01,600219
2019-05-01,600221
2019-05-01,600233
2019-05-01,600271
2019-05-01,600276
2019-05-01,600297
2019-05-01,600309
2019-05-01,600332
2019-05-01,600339
2019-05-01,600340
2019-05-01,600346
2019-05-01,600352
2019-05-01,600362
2019-05-01,600369
2019-05-01,600372
2019-05-01,600383
2019-05-01,600390
2019-05-01,600398
2019-05-01,600406
2019-05-01,600415
2019-05-01,600436
2019-05-01,600438
2019-05-01,600482
2019-05-01,600487
2019-05-01,600489
2019-05-01,600498
2019-05-01,600516
2019-05-01,600518
2019-05-01,600519
2019-05-01,600522
2019-05-01,600535
2019-05-01,600547
2019-05-01,600549
2019-05-01,600566
2019-05-01,600570
2019-05-01,600583
2019-05-01,600585
2019-05-01,600588
2019-05-01,600606
2019-05-01,600637
2019-05-01,600660
2019-05-01,600674
2019-05-01,600688
2019-05-01,600690
2019-05-01,600703
2019-05-01,600704
2019-05-01,600705
2019-05-01,600739
2019-05-01,600741
2019-05-01,600760
2019-05-01,600795
2019-05-01,600809
2019-05-01,600816
2019-05-01,600837
2019-05-01,600867
2019-05-01,600886
2019-05-01,600887
2019-05-01,600893
2019-05-01,600900
2019-05-01,600909
2019-05-01,600919
2019-05-01,600926
2019-05-01,600958
2019-05-01,600977
2019-05-01,600998
2019-05-01,600999
2019-05-01,601006
2019-05-01,601009
2019-05-01,601012
2019-05-01,601018
2019-05-01,601021
2019-05-01,601066
2019-05-01,601088
2019-05-01,601108
2019-05-01,601111
2019-05-01,601117
2019-05-01,601138
2019-05-01,601155
2019-05-01,601166
2019-05-01,601169
2019-05-01,601186
2019-05-01,601198
2019-05-01,601211
2019-05-01,601212
2019-05-01,601216
2019-05-01,601225
2019-05-01,601228
2019-05-01,601229
2019-05-01,601238
2019-05-01,601288
2019-05-01,601318
2019-05-01,601328
2019-05-01,601333
2019-05-01,601336
2019-05-01,601360
2019-05-01,601377
2019-05-01,601390
2019-05-01,601398
2019-05-01,601555
2019-05-01,601600
2019-05-01,601601
2019-05-01,601607
2019-05-01,601611
2019-05-01,601618
2019-05-01,601628
2019-05-01,601633
2019-05-01,601668
2019-05-01,601669
2019-05-01,601688
2019-05-01,601727
2019-05-01,601766
2019-05-01,601788
2019-05-01,601800
2019-05-01,601808
2019-05-01,601818
2019-05-01,601828
2019-05-01,601838
2019-05-01,601857
2019-05-01,601877
2019-05-01,601878
2019-05-01,601881
2019-05-01,601888
2019-05-01,601898
2019-05-01,601899
2019-05-01,601901
2019-05-01,601919
2019-05-01,601933
2019-05-01,601939
2019-05-01,601985
2019-05-01,601988
2019-05-01,601989
2019-05-01,601991
2019-05-01,601992
2019-05-01,601997
2019-05-01,601998
2019-05-01,603156
2019-05-01,603160
2019-05-01,603259
2019-05-01,603260
2019-05-01,603288
2019-05-01,603799
2019-05-01,603833
2019-05-01,603858
2019-05-01,603986
2019-05-01,603993
2019-05-01,000001
2019-05-01,000002
2019-05-01,000063
2019-05-01,000069
2019-05-01,000100
2019-05-01,000157
2019-05-01,000166
2019-05-01,000333
2019-05-01,000338
2019-05-01,000402
2019-05-01,000408
2019-05-01,000413
2019-05-01,000415
2019-05-01,000423
2019-05-01,000425
2019-05-01,000503
2019-05-01,000538
2019-05-01,000553
2019-05-01,000568
2019-05-01,000625
2019-05-01,000627
2019-05-01,000630
2019-05-01,000651
2019-05-01,000661
2019-05-01,000671
2019-05-01,000703
2019-05-01,000709
2019-05-01,000725
2019-05-01,000728
2019-05-01,000768
2019-05-01,000776
2019-05-01,000783
2019-05-01,000786
2019-05-01,000792
2019-05-01,000826
2019-05-01,000839
2019-05-01,000858
2019-05-01,000876
2019-05-01,000895
2019-05-01,000898
2019-05-01,000938
2019-05-01,000959
2019-05-01,000961
2019-05-01,000963
2019-05-01,000983
2019-05-01,001965
2019-05-01,001979
2019-05-01,002001
2019-05-01,002007
2019-05-01,002008
2019-05-01,002024
2019-05-01,002027
2019-05-01,002032
2019-05-01,002044
2019-05-01,002050
2019-05-01,002065
2019-05-01,002081
2019-05-01,002085
2019-05-01,002120
2019-05-01,002142
2019-05-01,002146
2019-05-01,002153
2019-05-01,002179
2019-05-01,002202
2019-05-01,002230
2019-05-01,002236
2019-05-01,002241
2019-05-01,002252
2019-05-01,002271
2019-05-01,002294
2019-05-01,002304
2019-05-01,002310
2019-05-01,002311
2019-05-01,002352
2019-05-01,002411
2019-05-01,002415
2019-05-01,002422
2019-05-01,002450
2019-05-01,002456
2019-05-01,002460
2019-05-01,002466
2019-05-01,002468
2019-05-01,002475
2019-05-01,002493
2019-05-01,002508
2019-05-01,002555
2019-05-01,002558
2019-05-01,002572
2019-05-01,002594
2019-05-01,002601
2019-05-01,002602
2019-05-01,002624
2019-05-01,002625
2019-05-01,002673
2019-05-01,002714
2019-05-01,002736
2019-05-01,002773
2019-05-01,002797
2019-05-01,002925
2019-05-01,300003
2019-05-01,300015
2019-05-01,300017
2019-05-01,300024
2019-05-01,300033
2019-05-01,300059
2019-05-01,300070
2019-05-01,300072
2019-05-01,300122
2019-05-01,300124
2019-05-01,300136
2019-05-01,300142
2019-05-01,300144
2019-05-01,300251
2019-05-01,300296
2019-05-01,300408
2019-05-01,300433
2019-06-01,600000
2019-06-01,600004
2019-06-01,600009
2019-06-01,600010
2019-06-01,600011
2019-06-01,600015
2019-06-01,600016
2019-06-01,600018
2019-06-01,600019
2019-06-01,600023
2019-06-01,600025
2019-06-01,600027
2019-06-01,600028
2019-06-01,600029
2019-06-01,600030
2019-06-01,600031
2019-06-01,600036
2019-06-01,600038
2019-06-01,600048
2019-06-01,600050
2019-06-01,600061
2019-06-01,600066
2019-06-01,600068
2019-06-01,600085
2019-06-01,600089
2019-06-01,600100
2019-06-01,600104
2019-06-01,600109
2019-06-01,600111
2019-06-01,600115
2019-06-01,600118
2019-06-01,600153
2019-06-01,600157
2019-06-01,600170
2019-06-01,600176
2019-06-01,600177
2019-06-01,600188
2019-06-01,600196
2019-06-01,600208
2019-06-01,600219
2019-06-01,600221
2019-06-01,600233
2019-06-01,600271
2019-06-01,600276
2019-06-01,600297
2019-06-01,600309
2019-06-01,600332
2019-06-01,600339
2019-06-01,600340
2019-06-01,600346
2019-06-01,600352
2019-06-01,600362
2019-06-01,600369
2019-06-01,600372
2019-06-01,600383
2019-06-01,600390
2019-06-01,600398
2019-06-01,600406
2019-06-01,600415
2019-06-01,600436
2019-06-01,600438
2019-06-01,600482
2019-06-01,600487
2019-06-01,600489
2019-06-01,600498
2019-06-01,600516
2019-06-01,600518
2019-06-01,600519
2019-06-01,600522
2019-06-01,600535
2019-06-01,600547
2019-06-01,600549
2019-06-01,600566
2019-06-01,600570
2019-06-01,600583
2019-06-01,600585
2019-06-01,600588
2019-06-01,600606
2019-06-01,600637
2019-06-01,600660
2019-06-01,600674
2019-06-01,600688
2019-06-01,600690
2019-06-01,600703
2019-06-01,600704
2019-06-01,600705
2019-06-01,600739
2019-06-01,600741
2019-06-01,600760
2019-06-01,600795
2019-06-01,600809
2019-06-01,600816
2019-06-01,600837
2019-06-01,600867
2019-06-01,600886
2019-06-01,600887
2019-06-01,600893
2019-06-01,600900
2019-06-01,600909
2019-06-01,600919
2019-06-01,600926
2019-06-01,600958
2019-06-01,600977
2019-06-01,600998
2019-06-01,600999
2019-06-01,601006
2019-06-01,601009
2019-06-01,601012
2019-06-01,601018
2019-06-01,601021
2019-06-01,601066
2019-06-01,601088
2019-06-01,601108
2019-06-01,601111
2019-06-01,601117
2019-06-01,601138
2019-06-01,601155
2019-06-01,601166
2019-06-01,601169
2019-06-01,601186
2019-06-01,601198
2019-06-01,601211
2019-06-01,601212
2019-06-01,601216
2019-06-01,601225
2019-06-01,601228
2019-06-01,601229
2019-06-01,601238
2019-06-01,601288
2019-06-01,601318
2019-06-01,601328
2019-06-01,601333
2019-06-01,601336
2019-06-01,601360
2019-06-01,601377
2019-06-01,601390
2019-06-01,601398
2019-06-01,601555
2019-06-01,601600
2019-06-01,601601
2019-06-01,601607
2019-06-01,601611
2019-06-01,601618
2019-06-01,601628
2019-06-01,601633
2019-06-01,601668
2019-06-01,601669
2019-06-01,601688
2019-06-01,601727
2019-06-01,601766
2019-06-01,601788
2019-06-01,601800
2019-06-01,601808
2019-06-01,601818
2019-06-01,601828
2019-06-01,601838
2019-06-01,601857
2019-06-01,601877
2019-06-01,601878
2019-06-01,601881
2019-06-01,601888
2019-06-01,601898
2019-06-01,601899
2019-06-01,601901
2019-06-01,601919
2019-06-01,601933
2019-06-01,601939
2019-06-01,601985
2019-06-01,601988
2019-06-01,601989
2019-06-01,601991
2019-06-01,601992
2019-06-01,601997
2019-06-01,601998
2019-06-01,603156
2019-06-01,603160
2019-06-01,603259
2019-06-01,603260
2019-06-01,603288
2019-06-01,603799
2019-06-01,603833
2019-06-01,603858
2019-06-01,603986
2019-06-01,603993
2019-06-01,000001
2019-06-01,000002
2019-06-01,000063
2019-06-01,000069
2019-06-01,000100
2019-06-01,000157
2019-06-01,000166
2019-06-01,000333
2019-06-01,000338
2019-06-01,000402
2019-06-01,000408
2019-06-01,000413
2019-06-01,000415
2019-06-01,000423
2019-06-01,000425
2019-06-01,000503
2019-06-01,000538
2019-06-01,000553
2019-06-01,000568
2019-06-01,000625
2019-06-01,000627
2019-06-01,000630
2019-06-01,000651
2019-06-01,000661
2019-06-01,000671
2019-06-01,000703
2019-06-01,000709
2019-06-01,000725
2019-06-01,000728
2019-06-01,000768
2019-06-01,000776
2019-06-01,000783
2019-06-01,000786
2019-06-01,000792
2019-06-01,000826
2019-06-01,000839
2019-06-01,000858
2019-06-01,000876
2019-06-01,000895
2019-06-01,000898
2019-06-01,000938
2019-06-01,000959
2019-06-01,000961
2019-06-01,000963
2019-06-01,000983
2019-06-01,001965
2019-06-01,001979
2019-06-01,002001
2019-06-01,002007
2019-06-01,002008
2019-06-01,002024
2019-06-01,002027
2019-06-01,002032
2019-06-01,002044
2019-06-01,002050
2019-06-01,002065
2019-06-01,002081
2019-06-01,002085
2019-06-01,002120
2019-06-01,002142
2019-06-01,002146
2019-06-01,002153
2019-06-01,002179
2019-06-01,002202
2019-06-01,002230
2019-06-01,002236
2019-06-01,002241
2019-06-01,002252
2019-06-01,002271
2019-06-01,002294
2019-06-01,002304
2019-06-01,002310
2019-06-01,002311
2019-06-01,002352
2019-06-01,002411
2019-06-01,002415
2019-06-01,002422
2019-06-01,002450
2019-06-01,002456
2019-06-01,002460
2019-06-01,002466
2019-06-01,002468
2019-06-01,002475
2019-06-01,002493
2019-06-01,002508
2019-06-01,002555
2019-06-01,002558
2019-06-01,002572
2019-06-01,002594
2019-06-01,002601
2019-06-01,002602
2019-06-01,002624
2019-06-01,002625
2019-06-01,002673
2019-06-01,002714
2019-06-01,002736
2019-06-01,002773
2019-06-01,002797
2019-06-01,002925
2019-06-01,300003
2019-06-01,300015
2019-06-01,300017
2019-06-01,300024
2019-06-01,300033
2019-06-01,300059
2019-06-01,300070
2019-06-01,300072
2019-06-01,300122
2019-06-01,300124
2019-06-01,300136
2019-06-01,300142
2019-06-01,300144
2019-06-01,300251
2019-06-01,300296
2019-06-01,300408
2019-06-01,300433
2019-07-01,600000
2019-07-01,600004
2019-07-01,600009
2019-07-01,600010
2019-07-01,600011
2019-07-01,600015
2019-07-01,600016
2019-07-01,600018
2019-07-01,600019
2019-07-01,600023
2019-07-01,600025
2019-07-01,600027
2019-07-01,600028
2019-07-01,600029
2019-07-01,600030
2019-07-01,600031
2019-07-01,600036
2019-07-01,600038
2019-07-01,600048
2019-07-01,600050
2019-07-01,600061
2019-07-01,600066
2019-07-01,600068
2019-07-01,600085
2019-07-01,600089
2019-07-01,600100
2019-07-01,600104
2019-07-01,600109
2019-07-01,600111
2019-07-01,600115
2019-07-01,600118
2019-07-01,600153
2019-07-01,600170
2019-07-01,600176
2019-07-01,600177
2019-07-01,600188
2019-07-01,600196
2019-07-01,600208
2019-07-01,600219
2019-07-01,600221
2019-07-01,600233
2019-07-01,600271
2019-07-01,600276
2019-07-01,600297
2019-07-01,600299
2019-07-01,600309
2019-07-01,600332
2019-07-01,600339
2019-07-01,600340
2019-07-01,600346
2019-07-01,600352
2019-07-01,600362
2019-07-01,600369
2019-07-01,600372
2019-07-01,600383
2019-07-01,600390
2019-07-01,600398
2019-07-01,600406
2019-07-01,600415
2019-07-01,600436
2019-07-01,600438
2019-07-01,600482
2019-07-01,600487
2019-07-01,600489
2019-07-01,600498
2019-07-01,600516
2019-07-01,600519
2019-07-01,600522
2019-07-01,600535
2019-07-01,600547
2019-07-01,600566
2019-07-01,600570
2019-07-01,600583
2019-07-01,600585
2019-07-01,600588
2019-07-01,600606
2019-07-01,600637
2019-07-01,600660
2019-07-01,600663
2019-07-01,600674
2019-07-01,600688
2019-07-01,600690
2019-07-01,600703
2019-07-01,600704
2019-07-01,600705
2019-07-01,600733
2019-07-01,600741
2019-07-01,600760
2019-07-01,600795
2019-07-01,600809
2019-07-01,600816
2019-07-01,600837
2019-07-01,600867
2019-07-01,600886
2019-07-01,600887
2019-07-01,600893
2019-07-01,600900
2019-07-01,600919
2019-07-01,600926
2019-07-01,600958
2019-07-01,600977
2019-07-01,600998
2019-07-01,600999
2019-07-01,601006
2019-07-01,601009
2019-07-01,601012
2019-07-01,601018
2019-07-01,601021
2019-07-01,601066
2019-07-01,601088
2019-07-01,601108
2019-07-01,601111
2019-07-01,601117
2019-07-01,601138
2019-07-01,601155
2019-07-01,601162
2019-07-01,601166
2019-07-01,601169
2019-07-01,601186
2019-07-01,601198
2019-07-01,601211
2019-07-01,601212
2019-07-01,601216
2019-07-01,601225
2019-07-01,601228
2019-07-01,601229
2019-07-01,601238
2019-07-01,601288
2019-07-01,601298
2019-07-01,601318
2019-07-01,601319
2019-07-01,601328
2019-07-01,601336
2019-07-01,601360
2019-07-01,601377
2019-07-01,601390
2019-07-01,601398
2019-07-01,601555
2019-07-01,601577
2019-07-01,601600
2019-07-01,601601
2019-07-01,601607
2019-07-01,601618
2019-07-01,601628
2019-07-01,601633
2019-07-01,601668
2019-07-01,601669
2019-07-01,601688
2019-07-01,601727
2019-07-01,601766
2019-07-01,601788
2019-07-01,601800
2019-07-01,601808
2019-07-01,601818
2019-07-01,601828
2019-07-01,601838
2019-07-01,601857
2019-07-01,601877
2019-07-01,601878
2019-07-01,601881
2019-07-01,601888
2019-07-01,601898
2019-07-01,601899
2019-07-01,601901
2019-07-01,601919
2019-07-01,601933
2019-07-01,601939
2019-07-01,601985
2019-07-01,601988
2019-07-01,601989
2019-07-01,601992
2019-07-01,601997
2019-07-01,601998
2019-07-01,603019
2019-07-01,603156
2019-07-01,603160
2019-07-01,603259
2019-07-01,603260
2019-07-01,603288
2019-07-01,603799
2019-07-01,603833
2019-07-01,603858
2019-07-01,603986
2019-07-01,603993
2019-07-01,000001
2019-07-01,000002
2019-07-01,000063
2019-07-01,000069
2019-07-01,000100
2019-07-01,000157
2019-07-01,000166
2019-07-01,000333
2019-07-01,000338
2019-07-01,000402
2019-07-01,000408
2019-07-01,000413
2019-07-01,000415
2019-07-01,000423
2019-07-01,000425
2019-07-01,000538
2019-07-01,000553
2019-07-01,000568
2019-07-01,000596
2019-07-01,000625
2019-07-01,000627
2019-07-01,000629
2019-07-01,000630
2019-07-01,000651
2019-07-01,000656
2019-07-01,000661
2019-07-01,000671
2019-07-01,000703
2019-07-01,000709
2019-07-01,000725
2019-07-01,000728
2019-07-01,000768
2019-07-01,000776
2019-07-01,000783
2019-07-01,000786
2019-07-01,000858
2019-07-01,000876
2019-07-01,000895
2019-07-01,000898
2019-07-01,000938
2019-07-01,000961
2019-07-01,000963
2019-07-01,001979
2019-07-01,002001
2019-07-01,002007
2019-07-01,002008
2019-07-01,002010
2019-07-01,002024
2019-07-01,002027
2019-07-01,002032
2019-07-01,002044
2019-07-01,002050
2019-07-01,002065
2019-07-01,002081
2019-07-01,002120
2019-07-01,002142
2019-07-01,002146
2019-07-01,002153
2019-07-01,002179
2019-07-01,002202
2019-07-01,002230
2019-07-01,002236
2019-07-01,002241
2019-07-01,002252
2019-07-01,002271
2019-07-01,002294
2019-07-01,002304
2019-07-01,002310
2019-07-01,002311
2019-07-01,002352
2019-07-01,002410
2019-07-01,002411
2019-07-01,002415
2019-07-01,002422
2019-07-01,002456
2019-07-01,002460
2019-07-01,002466
2019-07-01,002468
2019-07-01,002475
2019-07-01,002493
2019-07-01,002508
2019-07-01,002555
2019-07-01,002558
2019-07-01,002594
2019-07-01,002601
2019-07-01,002602
2019-07-01,002624
2019-07-01,002625
2019-07-01,002673
2019-07-01,002714
2019-07-01,002736
2019-07-01,002739
2019-07-01,002773
2019-07-01,002925
2019-07-01,002938
2019-07-01,002939
2019-07-01,002945
2019-07-01,300003
2019-07-01,300015
2019-07-01,300017
2019-07-01,300024
2019-07-01,300033
2019-07-01,300059
2019-07-01,300070
2019-07-01,300072
2019-07-01,300122
2019-07-01,300124
2019-07-01,300136
2019-07-01,300142
2019-07-01,300144
2019-07-01,300251
2019-07-01,300296
2019-07-01,300408
2019-07-01,300413
2019-07-01,300433
2019-07-01,300498
2019-08-01,600000
2019-08-01,600004
2019-08-01,600009
2019-08-01,600010
2019-08-01,600011
2019-08-01,600015
2019-08-01,600016
2019-08-01,600018
2019-08-01,600019
2019-08-01,600023
2019-08-01,600025
2019-08-01,600027
2019-08-01,600028
2019-08-01,600029
2019-08-01,600030
2019-08-01,600031
2019-08-01,600036
2019-08-01,600038
2019-08-01,600048
2019-08-01,600050
2019-08-01,600061
2019-08-01,600066
2019-08-01,600068
2019-08-01,600085
2019-08-01,600089
2019-08-01,600100
2019-08-01,600104
2019-08-01,600109
2019-08-01,600111
2019-08-01,600115
2019-08-01,600118
2019-08-01,600153
2019-08-01,600170
2019-08-01,600176
2019-08-01,600177
2019-08-01,600188
2019-08-01,600196
2019-08-01,600208
2019-08-01,600219
2019-08-01,600221
2019-08-01,600233
2019-08-01,600271
2019-08-01,600276
2019-08-01,600297
2019-08-01,600299
2019-08-01,600309
2019-08-01,600332
2019-08-01,600339
2019-08-01,600340
2019-08-01,600346
2019-08-01,600352
2019-08-01,600362
2019-08-01,600369
2019-08-01,600372
2019-08-01,600383
2019-08-01,600390
2019-08-01,600398
2019-08-01,600406
2019-08-01,600415
2019-08-01,600436
2019-08-01,600438
2019-08-01,600482
2019-08-01,600487
2019-08-01,600489
2019-08-01,600498
2019-08-01,600516
2019-08-01,600519
2019-08-01,600522
2019-08-01,600535
2019-08-01,600547
2019-08-01,600566
2019-08-01,600570
2019-08-01,600583
2019-08-01,600585
2019-08-01,600588
2019-08-01,600606
2019-08-01,600637
2019-08-01,600660
2019-08-01,600663
2019-08-01,600674
2019-08-01,600688
2019-08-01,600690
2019-08-01,600703
2019-08-01,600704
2019-08-01,600705
2019-08-01,600733
2019-08-01,600741
2019-08-01,600760
2019-08-01,600795
2019-08-01,600809
2019-08-01,600816
2019-08-01,600837
2019-08-01,600867
2019-08-01,600886
2019-08-01,600887
2019-08-01,600893
2019-08-01,600900
2019-08-01,600919
2019-08-01,600926
2019-08-01,600958
2019-08-01,600977
2019-08-01,600998
2019-08-01,600999
2019-08-01,601006
2019-08-01,601009
2019-08-01,601012
2019-08-01,601018
2019-08-01,601021
2019-08-01,601066
2019-08-01,601088
2019-08-01,601108
2019-08-01,601111
2019-08-01,601117
2019-08-01,601138
2019-08-01,601155
2019-08-01,601162
2019-08-01,601166
2019-08-01,601169
2019-08-01,601186
2019-08-01,601198
2019-08-01,601211
2019-08-01,601212
2019-08-01,601216
2019-08-01,601225
2019-08-01,601228
2019-08-01,601229
2019-08-01,601238
2019-08-01,601288
2019-08-01,601298
2019-08-01,601318
2019-08-01,601319
2019-08-01,601328
2019-08-01,601336
2019-08-01,601360
2019-08-01,601377
2019-08-01,601390
2019-08-01,601398
2019-08-01,601555
2019-08-01,601577
2019-08-01,601600
2019-08-01,601601
2019-08-01,601607
2019-08-01,601618
2019-08-01,601628
2019-08-01,601633
2019-08-01,601668
2019-08-01,601669
2019-08-01,601688
2019-08-01,601727
2019-08-01,601766
2019-08-01,601788
2019-08-01,601800
2019-08-01,601808
2019-08-01,601818
2019-08-01,601828
2019-08-01,601838
2019-08-01,601857
2019-08-01,601877
2019-08-01,601878
2019-08-01,601881
2019-08-01,601888
2019-08-01,601898
2019-08-01,601899
2019-08-01,601901
2019-08-01,601919
2019-08-01,601933
2019-08-01,601939
2019-08-01,601985
2019-08-01,601988
2019-08-01,601989
2019-08-01,601992
2019-08-01,601997
2019-08-01,601998
2019-08-01,603019
2019-08-01,603156
2019-08-01,603160
2019-08-01,603259
2019-08-01,603260
2019-08-01,603288
2019-08-01,603799
2019-08-01,603833
2019-08-01,603858
2019-08-01,603986
2019-08-01,603993
2019-08-01,000001
2019-08-01,000002
2019-08-01,000063
2019-08-01,000069
2019-08-01,000100
2019-08-01,000157
2019-08-01,000166
2019-08-01,000333
2019-08-01,000338
2019-08-01,000402
2019-08-01,000408
2019-08-01,000413
2019-08-01,000415
2019-08-01,000423
2019-08-01,000425
2019-08-01,000538
2019-08-01,000553
2019-08-01,000568
2019-08-01,000596
2019-08-01,000625
2019-08-01,000627
2019-08-01,000629
2019-08-01,000630
2019-08-01,000651
2019-08-01,000656
2019-08-01,000661
2019-08-01,000671
2019-08-01,000703
2019-08-01,000709
2019-08-01,000725
2019-08-01,000728
2019-08-01,000768
2019-08-01,000776
2019-08-01,000783
2019-08-01,000786
2019-08-01,000858
2019-08-01,000876
2019-08-01,000895
2019-08-01,000898
2019-08-01,000938
2019-08-01,000961
2019-08-01,000963
2019-08-01,001979
2019-08-01,002001
2019-08-01,002007
2019-08-01,002008
2019-08-01,002010
2019-08-01,002024
2019-08-01,002027
2019-08-01,002032
2019-08-01,002044
2019-08-01,002050
2019-08-01,002065
2019-08-01,002081
2019-08-01,002120
2019-08-01,002142
2019-08-01,002146
2019-08-01,002153
2019-08-01,002179
2019-08-01,002202
2019-08-01,002230
2019-08-01,002236
2019-08-01,002241
2019-08-01,002252
2019-08-01,002271
2019-08-01,002294
2019-08-01,002304
2019-08-01,002310
2019-08-01,002311
2019-08-01,002352
2019-08-01,002410
2019-08-01,002411
2019-08-01,002415
2019-08-01,002422
2019-08-01,002456
2019-08-01,002460
2019-08-01,002466
2019-08-01,002468
2019-08-01,002475
2019-08-01,002493
2019-08-01,002508
2019-08-01,002555
2019-08-01,002558
2019-08-01,002594
2019-08-01,002601
2019-08-01,002602
2019-08-01,002624
2019-08-01,002625
2019-08-01,002673
2019-08-01,002714
2019-08-01,002736
2019-08-01,002739
2019-08-01,002773
2019-08-01,002925
2019-08-01,002938
2019-08-01,002939
2019-08-01,002945
2019-08-01,300003
2019-08-01,300015
2019-08-01,300017
2019-08-01,300024
2019-08-01,300033
2019-08-01,300059
2019-08-01,300070
2019-08-01,300072
2019-08-01,300122
2019-08-01,300124
2019-08-01,300136
2019-08-01,300142
2019-08-01,300144
2019-08-01,300251
2019-08-01,300296
2019-08-01,300408
2019-08-01,300413
2019-08-01,300433
2019-08-01,300498
2019-09-01,600000
2019-09-01,600004
2019-09-01,600009
2019-09-01,600010
2019-09-01,600011
2019-09-01,600015
2019-09-01,600016
2019-09-01,600018
2019-09-01,600019
2019-09-01,600023
2019-09-01,600025
2019-09-01,600027
2019-09-01,600028
2019-09-01,600029
2019-09-01,600030
2019-09-01,600031
2019-09-01,600036
2019-09-01,600038
2019-09-01,600048
2019-09-01,600050
2019-09-01,600061
2019-09-01,600066
2019-09-01,600068
2019-09-01,600085
2019-09-01,600089
2019-09-01,600100
2019-09-01,600104
2019-09-01,600109
2019-09-01,600111
2019-09-01,600115
2019-09-01,600118
2019-09-01,600153
2019-09-01,600170
2019-09-01,600176
2019-09-01,600177
2019-09-01,600188
2019-09-01,600196
2019-09-01,600208
2019-09-01,600219
2019-09-01,600221
2019-09-01,600233
2019-09-01,600271
2019-09-01,600276
2019-09-01,600297
2019-09-01,600299
2019-09-01,600309
2019-09-01,600332
2019-09-01,600339
2019-09-01,600340
2019-09-01,600346
2019-09-01,600352
2019-09-01,600362
2019-09-01,600369
2019-09-01,600372
2019-09-01,600383
2019-09-01,600390
2019-09-01,600398
2019-09-01,600406
2019-09-01,600415
2019-09-01,600436
2019-09-01,600438
2019-09-01,600482
2019-09-01,600487
2019-09-01,600489
2019-09-01,600498
2019-09-01,600516
2019-09-01,600519
2019-09-01,600522
2019-09-01,600535
2019-09-01,600547
2019-09-01,600566
2019-09-01,600570
2019-09-01,600583
2019-09-01,600585
2019-09-01,600588
2019-09-01,600606
2019-09-01,600637
2019-09-01,600660
2019-09-01,600663
2019-09-01,600674
2019-09-01,600688
2019-09-01,600690
2019-09-01,600703
2019-09-01,600704
2019-09-01,600705
2019-09-01,600733
2019-09-01,600741
2019-09-01,600760
2019-09-01,600795
2019-09-01,600809
2019-09-01,600816
2019-09-01,600837
2019-09-01,600867
2019-09-01,600886
2019-09-01,600887
2019-09-01,600893
2019-09-01,600900
2019-09-01,600919
2019-09-01,600926
2019-09-01,600958
2019-09-01,600977
2019-09-01,600998
2019-09-01,600999
2019-09-01,601006
2019-09-01,601009
2019-09-01,601012
2019-09-01,601018
2019-09-01,601021
2019-09-01,601066
2019-09-01,601088
2019-09-01,601108
2019-09-01,601111
2019-09-01,601117
2019-09-01,601138
2019-09-01,601155
2019-09-01,601162
2019-09-01,601166
2019-09-01,601169
2019-09-01,601186
2019-09-01,601198
2019-09-01,601211
2019-09-01,601212
2019-09-01,601216
2019-09-01,601225
2019-09-01,601228
2019-09-01,601229
2019-09-01,601238
2019-09-01,601288
2019-09-01,601298
2019-09-01,601318
2019-09-01,601319
2019-09-01,601328
2019-09-01,601336
2019-09-01,601360
2019-09-01,601377
2019-09-01,601390
2019-09-01,601398
2019-09-01,601555
2019-09-01,601577
2019-09-01,601600
2019-09-01,601601
2019-09-01,601607
2019-09-01,601618
2019-09-01,601628
2019-09-01,601633
2019-09-01,601668
2019-09-01,601669
2019-09-01,601688
2019-09-01,601727
2019-09-01,601766
2019-09-01,601788
2019-09-01,601800
2019-09-01,601808
2019-09-01,601818
2019-09-01,601828
2019-09-01,601838
2019-09-01,601857
2019-09-01,601877
2019-09-01,601878
2019-09-01,601881
2019-09-01,601888
2019-09-01,601898
2019-09-01,601899
2019-09-01,601901
2019-09-01,601919
2019-09-01,601933
2019-09-01,601939
2019-09-01,601985
2019-09-01,601988
2019-09-01,601989
2019-09-01,601992
2019-09-01,601997
2019-09-01,601998
2019-09-01,603019
2019-09-01,603156
2019-09-01,603160
2019-09-01,603259
2019-09-01,603260
2019-09-01,603288
2019-09-01,603799
2019-09-01,603833
2019-09-01,603858
2019-09-01,603986
2019-09-01,603993
2019-09-01,000001
2019-09-01,000002
2019-09-01,000063
2019-09-01,000069
2019-09-01,000100
2019-09-01,000157
2019-09-01,000166
2019-09-01,000333
2019-09-01,000338
2019-09-01,000402
2019-09-01,000408
2019-09-01,000413
2019-09-01,000415
2019-09-01,000423
2019-09-01,000425
2019-09-01,000538
2019-09-01,000553
2019-09-01,000568
2019-09-01,000596
2019-09-01,000625
2019-09-01,000627
2019-09-01,000629
2019-09-01,000630
2019-09-01,000651
2019-09-01,000656
2019-09-01,000661
2019-09-01,000671
2019-09-01,000703
2019-09-01,000709
2019-09-01,000725
2019-09-01,000728
2019-09-01,000768
2019-09-01,000776
2019-09-01,000783
2019-09-01,000786
2019-09-01,000858
2019-09-01,000876
2019-09-01,000895
2019-09-01,000898
2019-09-01,000938
2019-09-01,000961
2019-09-01,000963
2019-09-01,001979
2019-09-01,002001
2019-09-01,002007
2019-09-01,002008
2019-09-01,002010
2019-09-01,002024
2019-09-01,002027
2019-09-01,002032
2019-09-01,002044
2019-09-01,002050
2019-09-01,002065
2019-09-01,002081
2019-09-01,002120
2019-09-01,002142
2019-09-01,002146
2019-09-01,002153
2019-09-01,002179
2019-09-01,002202
2019-09-01,002230
2019-09-01,002236
2019-09-01,002241
2019-09-01,002252
2019-09-01,002271
2019-09-01,002294
2019-09-01,002304
2019-09-01,002310
2019-09-01,002311
2019-09-01,002352
2019-09-01,002410
2019-09-01,002411
2019-09-01,002415
2019-09-01,002422
2019-09-01,002456
2019-09-01,002460
2019-09-01,002466
2019-09-01,002468
2019-09-01,002475
2019-09-01,002493
2019-09-01,002508
2019-09-01,002555
2019-09-01,002558
2019-09-01,002594
2019-09-01,002601
2019-09-01,002602
2019-09-01,002624
2019-09-01,002625
2019-09-01,002673
2019-09-01,002714
2019-09-01,002736
2019-09-01,002739
2019-09-01,002773
2019-09-01,002925
2019-09-01,002938
2019-09-01,002939
2019-09-01,002945
2019-09-01,300003
2019-09-01,300015
2019-09-01,300017
2019-09-01,300024
2019-09-01,300033
2019-09-01,300059
2019-09-01,300070
2019-09-01,300072
2019-09-01,300122
2019-09-01,300124
2019-09-01,300136
2019-09-01,300142
2019-09-01,300144
2019-09-01,300251
2019-09-01,300296
2019-09-01,300408
2019-09-01,300413
2019-09-01,300433
2019-09-01,300498
2019-10-01,600000
2019-10-01,600004
2019-10-01,600009
2019-10-01,600010
2019-10-01,600011
2019-10-01,600015
2019-10-01,600016
2019-10-01,600018
2019-10-01,600019
2019-10-01,600023
2019-10-01,600025
2019-10-01,600027
2019-10-01,600028
2019-10-01,600029
2019-10-01,600030
2019-10-01,600031
2019-10-01,600036
2019-10-01,600038
2019-10-01,600048
2019-10-01,600050
2019-10-01,600061
2019-10-01,600066
2019-10-01,600068
2019-10-01,600085
2019-10-01,600089
2019-10-01,600100
2019-10-01,600104
2019-10-01,600109
2019-10-01,600111
2019-10-01,600115
2019-10-01,600118
2019-10-01,600153
2019-10-01,600170
2019-10-01,600176
2019-10-01,600177
2019-10-01,600188
2019-10-01,600196
2019-10-01,600208
2019-10-01,600219
2019-10-01,600221
2019-10-01,600233
2019-10-01,600271
2019-10-01,600276
2019-10-01,600297
2019-10-01,600299
2019-10-01,600309
2019-10-01,600332
2019-10-01,600339
2019-10-01,600340
2019-10-01,600346
2019-10-01,600352
2019-10-01,600362
2019-10-01,600369
2019-10-01,600372
2019-10-01,600383
2019-10-01,600390
2019-10-01,600398
2019-10-01,600406
2019-10-01,600415
2019-10-01,600436
2019-10-01,600438
2019-10-01,600482
2019-10-01,600487
2019-10-01,600489
2019-10-01,600498
2019-10-01,600516
2019-10-01,600519
2019-10-01,600522
2019-10-01,600535
2019-10-01,600547
2019-10-01,600566
2019-10-01,600570
2019-10-01,600583
2019-10-01,600585
2019-10-01,600588
2019-10-01,600606
2019-10-01,600637
2019-10-01,600660
2019-10-01,600663
2019-10-01,600674
2019-10-01,600688
2019-10-01,600690
2019-10-01,600703
2019-10-01,600704
2019-10-01,600705
2019-10-01,600733
2019-10-01,600741
2019-10-01,600760
2019-10-01,600795
2019-10-01,600809
2019-10-01,600816
2019-10-01,600837
2019-10-01,600867
2019-10-01,600886
2019-10-01,600887
2019-10-01,600893
2019-10-01,600900
2019-10-01,600919
2019-10-01,600926
2019-10-01,600958
2019-10-01,600977
2019-10-01,600998
2019-10-01,600999
2019-10-01,601006
2019-10-01,601009
2019-10-01,601012
2019-10-01,601018
2019-10-01,601021
2019-10-01,601066
2019-10-01,601088
2019-10-01,601108
2019-10-01,601111
2019-10-01,601117
2019-10-01,601138
2019-10-01,601155
2019-10-01,601162
2019-10-01,601166
2019-10-01,601169
2019-10-01,601186
2019-10-01,601198
2019-10-01,601211
2019-10-01,601212
2019-10-01,601216
2019-10-01,601225
2019-10-01,601228
2019-10-01,601229
2019-10-01,601238
2019-10-01,601288
2019-10-01,601298
2019-10-01,601318
2019-10-01,601319
2019-10-01,601328
2019-10-01,601336
2019-10-01,601360
2019-10-01,601377
2019-10-01,601390
2019-10-01,601398
2019-10-01,601555
2019-10-01,601577
2019-10-01,601600
2019-10-01,601601
2019-10-01,601607
2019-10-01,601618
2019-10-01,601628
2019-10-01,601633
2019-10-01,601668
2019-10-01,601669
2019-10-01,601688
2019-10-01,601727
2019-10-01,601766
2019-10-01,601788
2019-10-01,601800
2019-10-01,601808
2019-10-01,601818
2019-10-01,601828
2019-10-01,601838
2019-10-01,601857
2019-10-01,601877
2019-10-01,601878
2019-10-01,601881
2019-10-01,601888
2019-10-01,601898
2019-10-01,601899
2019-10-01,601901
2019-10-01,601919
2019-10-01,601933
2019-10-01,601939
2019-10-01,601985
2019-10-01,601988
2019-10-01,601989
2019-10-01,601992
2019-10-01,601997
2019-10-01,601998
2019-10-01,603019
2019-10-01,603156
2019-10-01,603160
2019-10-01,603259
2019-10-01,603260
2019-10-01,603288
2019-10-01,603799
2019-10-01,603833
2019-10-01,603858
2019-10-01,603986
2019-10-01,603993
2019-10-01,000001
2019-10-01,000002
2019-10-01,000063
2019-10-01,000069
2019-10-01,000100
2019-10-01,000157
2019-10-01,000166
2019-10-01,000333
2019-10-01,000338
2019-10-01,000402
2019-10-01,000408
2019-10-01,000413
2019-10-01,000415
2019-10-01,000423
2019-10-01,000425
2019-10-01,000538
2019-10-01,000553
2019-10-01,000568
2019-10-01,000596
2019-10-01,000625
2019-10-01,000627
2019-10-01,000629
2019-10-01,000630
2019-10-01,000651
2019-10-01,000656
2019-10-01,000661
2019-10-01,000671
2019-10-01,000703
2019-10-01,000709
2019-10-01,000725
2019-10-01,000728
2019-10-01,000768
2019-10-01,000776
2019-10-01,000783
2019-10-01,000786
2019-10-01,000858
2019-10-01,000876
2019-10-01,000895
2019-10-01,000898
2019-10-01,000938
2019-10-01,000961
2019-10-01,000963
2019-10-01,001979
2019-10-01,002001
2019-10-01,002007
2019-10-01,002008
2019-10-01,002010
2019-10-01,002024
2019-10-01,002027
2019-10-01,002032
2019-10-01,002044
2019-10-01,002050
2019-10-01,002065
2019-10-01,002081
2019-10-01,002120
2019-10-01,002142
2019-10-01,002146
2019-10-01,002153
2019-10-01,002179
2019-10-01,002202
2019-10-01,002230
2019-10-01,002236
2019-10-01,002241
2019-10-01,002252
2019-10-01,002271
2019-10-01,002294
2019-10-01,002304
2019-10-01,002310
2019-10-01,002311
2019-10-01,002352
2019-10-01,002410
2019-10-01,002411
2019-10-01,002415
2019-10-01,002422
2019-10-01,002456
2019-10-01,002460
2019-10-01,002466
2019-10-01,002468
2019-10-01,002475
2019-10-01,002493
2019-10-01,002508
2019-10-01,002555
2019-10-01,002558
2019-10-01,002594
2019-10-01,002601
2019-10-01,002602
2019-10-01,002624
2019-10-01,002625
2019-10-01,002673
2019-10-01,002714
2019-10-01,002736
2019-10-01,002739
2019-10-01,002773
2019-10-01,002925
2019-10-01,002938
2019-10-01,002939
2019-10-01,002945
2019-10-01,300003
2019-10-01,300015
2019-10-01,300017
2019-10-01,300024
2019-10-01,300033
2019-10-01,300059
2019-10-01,300070
2019-10-01,300072
2019-10-01,300122
2019-10-01,300124
2019-10-01,300136
2019-10-01,300142
2019-10-01,300144
2019-10-01,300251
2019-10-01,300296
2019-10-01,300408
2019-10-01,300413
2019-10-01,300433
2019-10-01,300498
2019-11-01,600000
2019-11-01,600004
2019-11-01,600009
2019-11-01,600010
2019-11-01,600011
2019-11-01,600015
2019-11-01,600016
2019-11-01,600018
2019-11-01,600019
2019-11-01,600023
2019-11-01,600025
2019-11-01,600027
2019-11-01,600028
2019-11-01,600029
2019-11-01,600030
2019-11-01,600031
2019-11-01,600036
2019-11-01,600038
2019-11-01,600048
2019-11-01,600050
2019-11-01,600061
2019-11-01,600066
2019-11-01,600068
2019-11-01,600085
2019-11-01,600089
2019-11-01,600100
2019-11-01,600104
2019-11-01,600109
2019-11-01,600111
2019-11-01,600115
2019-11-01,600118
2019-11-01,600153
2019-11-01,600170
2019-11-01,600176
2019-11-01,600177
2019-11-01,600188
2019-11-01,600196
2019-11-01,600208
2019-11-01,600219
2019-11-01,600221
2019-11-01,600233
2019-11-01,600271
2019-11-01,600276
2019-11-01,600297
2019-11-01,600299
2019-11-01,600309
2019-11-01,600332
2019-11-01,600339
2019-11-01,600340
2019-11-01,600346
2019-11-01,600352
2019-11-01,600362
2019-11-01,600369
2019-11-01,600372
2019-11-01,600383
2019-11-01,600390
2019-11-01,600398
2019-11-01,600406
2019-11-01,600415
2019-11-01,600436
2019-11-01,600438
2019-11-01,600482
2019-11-01,600487
2019-11-01,600489
2019-11-01,600498
2019-11-01,600516
2019-11-01,600519
2019-11-01,600522
2019-11-01,600535
2019-11-01,600547
2019-11-01,600566
2019-11-01,600570
2019-11-01,600583
2019-11-01,600585
2019-11-01,600588
2019-11-01,600606
2019-11-01,600637
2019-11-01,600660
2019-11-01,600663
2019-11-01,600674
2019-11-01,600688
2019-11-01,600690
2019-11-01,600703
2019-11-01,600704
2019-11-01,600705
2019-11-01,600733
2019-11-01,600741
2019-11-01,600760
2019-11-01,600795
2019-11-01,600809
2019-11-01,600816
2019-11-01,600837
2019-11-01,600867
2019-11-01,600886
2019-11-01,600887
2019-11-01,600893
2019-11-01,600900
2019-11-01,600919
2019-11-01,600926
2019-11-01,600958
2019-11-01,600977
2019-11-01,600998
2019-11-01,600999
2019-11-01,601006
2019-11-01,601009
2019-11-01,601012
2019-11-01,601018
2019-11-01,601021
2019-11-01,601066
2019-11-01,601088
2019-11-01,601108
2019-11-01,601111
2019-11-01,601117
2019-11-01,601138
2019-11-01,601155
2019-11-01,601162
2019-11-01,601166
2019-11-01,601169
2019-11-01,601186
2019-11-01,601198
2019-11-01,601211
2019-11-01,601212
2019-11-01,601216
2019-11-01,601225
2019-11-01,601228
2019-11-01,601229
2019-11-01,601238
2019-11-01,601288
2019-11-01,601298
2019-11-01,601318
2019-11-01,601319
2019-11-01,601328
2019-11-01,601336
2019-11-01,601360
2019-11-01,601377
2019-11-01,601390
2019-11-01,601398
2019-11-01,601555
2019-11-01,601577
2019-11-01,601600
2019-11-01,601601
2019-11-01,601607
2019-11-01,601618
2019-11-01,601628
2019-11-01,601633
2019-11-01,601668
2019-11-01,601669
2019-11-01,601688
2019-11-01,601727
2019-11-01,601766
2019-11-01,601788
2019-11-01,601800
2019-11-01,601808
2019-11-01,601818
2019-11-01,601828
2019-11-01,601838
2019-11-01,601857
2019-11-01,601877
2019-11-01,601878
2019-11-01,601881
2019-11-01,601888
2019-11-01,601898
2019-11-01,601899
2019-11-01,601901
2019-11-01,601919
2019-11-01,601933
2019-11-01,601939
2019-11-01,601985
2019-11-01,601988
2019-11-01,601989
2019-11-01,601992
2019-11-01,601997
2019-11-01,601998
2019-11-01,603019
2019-11-01,603156
2019-11-01,603160
2019-11-01,603259
2019-11-01,603260
2019-11-01,603288
2019-11-01,603799
2019-11-01,603833
2019-11-01,603858
2019-11-01,603986
2019-11-01,603993
2019-11-01,000001
2019-11-01,000002
2019-11-01,000063
2019-11-01,000069
2019-11-01,000100
2019-11-01,000157
2019-11-01,000166
2019-11-01,000333
2019-11-01,000338
2019-11-01,000402
2019-11-01,000408
2019-11-01,000413
2019-11-01,000415
2019-11-01,000423
2019-11-01,000425
2019-11-01,000538
2019-11-01,000553
2019-11-01,000568
2019-11-01,000596
2019-11-01,000625
2019-11-01,000627
2019-11-01,000629
2019-11-01,000630
2019-11-01,000651
2019-11-01,000656
2019-11-01,000661
2019-11-01,000671
2019-11-01,000703
2019-11-01,000709
2019-11-01,000725
2019-11-01,000728
2019-11-01,000768
2019-11-01,000776
2019-11-01,000783
2019-11-01,000786
2019-11-01,000858
2019-11-01,000876
2019-11-01,000895
2019-11-01,000898
2019-11-01,000938
2019-11-01,000961
2019-11-01,000963
2019-11-01,001979
2019-11-01,002001
2019-11-01,002007
2019-11-01,002008
2019-11-01,002010
2019-11-01,002024
2019-11-01,002027
2019-11-01,002032
2019-11-01,002044
2019-11-01,002050
2019-11-01,002065
2019-11-01,002081
2019-11-01,002120
2019-11-01,002142
2019-11-01,002146
2019-11-01,002153
2019-11-01,002179
2019-11-01,002202
2019-11-01,002230
2019-11-01,002236
2019-11-01,002241
2019-11-01,002252
2019-11-01,002271
2019-11-01,002294
2019-11-01,002304
2019-11-01,002310
2019-11-01,002311
2019-11-01,002352
2019-11-01,002410
2019-11-01,002411
2019-11-01,002415
2019-11-01,002422
2019-11-01,002456
2019-11-01,002460
2019-11-01,002466
2019-11-01,002468
2019-11-01,002475
2019-11-01,002493
2019-11-01,002508
2019-11-01,002555
2019-11-01,002558
2019-11-01,002594
2019-11-01,002601
2019-11-01,002602
2019-11-01,002624
2019-11-01,002625
2019-11-01,002673
2019-11-01,002714
2019-11-01,002736
2019-11-01,002739
2019-11-01,002773
2019-11-01,002925
2019-11-01,002938
2019-11-01,002939
2019-11-01,002945
2019-11-01,300003
2019-11-01,300015
2019-11-01,300017
2019-11-01,300024
2019-11-01,300033
2019-11-01,300059
2019-11-01,300070
2019-11-01,300072
2019-11-01,300122
2019-11-01,300124
2019-11-01,300136
2019-11-01,300142
2019-11-01,300144
2019-11-01,300251
2019-11-01,300296
2019-11-01,300408
2019-11-01,300413
2019-11-01,300433
2019-11-01,300498
2019-12-01,600000
2019-12-01,600004
2019-12-01,600009
2019-12-01,600010
2019-12-01,600011
2019-12-01,600015
2019-12-01,600016
2019-12-01,600018
2019-12-01,600019
2019-12-01,600023
2019-12-01,600025
2019-12-01,600027
2019-12-01,600028
2019-12-01,600029
2019-12-01,600030
2019-12-01,600031
2019-12-01,600036
2019-12-01,600038
2019-12-01,600048
2019-12-01,600050
2019-12-01,600061
2019-12-01,600066
2019-12-01,600068
2019-12-01,600085
2019-12-01,600089
2019-12-01,600100
2019-12-01,600104
2019-12-01,600109
2019-12-01,600111
2019-12-01,600115
2019-12-01,600118
2019-12-01,600153
2019-12-01,600170
2019-12-01,600176
2019-12-01,600177
2019-12-01,600188
2019-12-01,600196
2019-12-01,600208
2019-12-01,600219
2019-12-01,600221
2019-12-01,600233
2019-12-01,600271
2019-12-01,600276
2019-12-01,600297
2019-12-01,600299
2019-12-01,600309
2019-12-01,600332
2019-12-01,600339
2019-12-01,600340
2019-12-01,600346
2019-12-01,600352
2019-12-01,600362
2019-12-01,600369
2019-12-01,600372
2019-12-01,600383
2019-12-01,600390
2019-12-01,600398
2019-12-01,600406
2019-12-01,600415
2019-12-01,600436
2019-12-01,600438
2019-12-01,600482
2019-12-01,600487
2019-12-01,600489
2019-12-01,600498
2019-12-01,600516
2019-12-01,600519
2019-12-01,600522
2019-12-01,600535
2019-12-01,600547
2019-12-01,600566
2019-12-01,600570
2019-12-01,600583
2019-12-01,600585
2019-12-01,600588
2019-12-01,600606
2019-12-01,600637
2019-12-01,600660
2019-12-01,600663
2019-12-01,600674
2019-12-01,600688
2019-12-01,600690
2019-12-01,600703
2019-12-01,600704
2019-12-01,600705
2019-12-01,600733
2019-12-01,600741
2019-12-01,600760
2019-12-01,600795
2019-12-01,600809
2019-12-01,600816
2019-12-01,600837
2019-12-01,600867
2019-12-01,600886
2019-12-01,600887
2019-12-01,600893
2019-12-01,600900
2019-12-01,600919
2019-12-01,600926
2019-12-01,600958
2019-12-01,600977
2019-12-01,600998
2019-12-01,600999
2019-12-01,601006
2019-12-01,601009
2019-12-01,601012
2019-12-01,601018
2019-12-01,601021
2019-12-01,601066
2019-12-01,601088
2019-12-01,601108
2019-12-01,601111
2019-12-01,601117
2019-12-01,601138
2019-12-01,601155
2019-12-01,601162
2019-12-01,601166
2019-12-01,601169
2019-12-01,601186
2019-12-01,601198
2019-12-01,601211
2019-12-01,601212
2019-12-01,601216
2019-12-01,601225
2019-12-01,601228
2019-12-01,601229
2019-12-01,601238
2019-12-01,601288
2019-12-01,601298
2019-12-01,601318
2019-12-01,601319
2019-12-01,601328
2019-12-01,601336
2019-12-01,601360
2019-12-01,601377
2019-12-01,601390
2019-12-01,601398
2019-12-01,601555
2019-12-01,601577
2019-12-01,601600
2019-12-01,601601
2019-12-01,601607
2019-12-01,601618
2019-12-01,601628
2019-12-01,601633
2019-12-01,601668
2019-12-01,601669
2019-12-01,601688
2019-12-01,601727
2019-12-01,601766
2019-12-01,601788
2019-12-01,601800
2019-12-01,601808
2019-12-01,601818
2019-12-01,601828
2019-12-01,601838
2019-12-01,601857
2019-12-01,601877
2019-12-01,601878
2019-12-01,601881
2019-12-01,601888
2019-12-01,601898
2019-12-01,601899
2019-12-01,601901
2019-12-01,601919
2019-12-01,601933
2019-12-01,601939
2019-12-01,601985
2019-12-01,601988
2019-12-01,601989
2019-12-01,601992
2019-12-01,601997
2019-12-01,601998
2019-12-01,603019
2019-12-01,603156
2019-12-01,603160
2019-12-01,603259
2019-12-01,603260
2019-12-01,603288
2019-12-01,603799
2019-12-01,603833
2019-12-01,603858
2019-12-01,603986
2019-12-01,603993
2019-12-01,000001
2019-12-01,000002
2019-12-01,000063
2019-12-01,000069
2019-12-01,000100
2019-12-01,000157
2019-12-01,000166
2019-12-01,000333
2019-12-01,000338
2019-12-01,000402
2019-12-01,000408
2019-12-01,000413
2019-12-01,000415
2019-12-01,000423
2019-12-01,000425
2019-12-01,000538
2019-12-01,000553
2019-12-01,000568
2019-12-01,000596
2019-12-01,000625
2019-12-01,000627
2019-12-01,000629
2019-12-01,000630
2019-12-01,000651
2019-12-01,000656
2019-12-01,000661
2019-12-01,000671
2019-12-01,000703
2019-12-01,000709
2019-12-01,000725
2019-12-01,000728
2019-12-01,000768
2019-12-01,000776
2019-12-01,000783
2019-12-01,000786
2019-12-01,000858
2019-12-01,000876
2019-12-01,000895
2019-12-01,000898
2019-12-01,000938
2019-12-01,000961
2019-12-01,000963
2019-12-01,001979
2019-12-01,002001
2019-12-01,002007
2019-12-01,002008
2019-12-01,002010
2019-12-01,002024
2019-12-01,002027
2019-12-01,002032
2019-12-01,002044
2019-12-01,002050
2019-12-01,002065
2019-12-01,002081
2019-12-01,002120
2019-12-01,002142
2019-12-01,002146
2019-12-01,002153
2019-12-01,002179
2019-12-01,002202
2019-12-01,002230
2019-12-01,002236
2019-12-01,002241
2019-12-01,002252
2019-12-01,002271
2019-12-01,002294
2019-12-01,002304
2019-12-01,002310
2019-12-01,002311
2019-12-01,002352
2019-12-01,002410
2019-12-01,002411
2019-12-01,002415
2019-12-01,002422
2019-12-01,002456
2019-12-01,002460
2019-12-01,002466
2019-12-01,002468
2019-12-01,002475
2019-12-01,002493
2019-12-01,002508
2019-12-01,002555
2019-12-01,002558
2019-12-01,002594
2019-12-01,002601
2019-12-01,002602
2019-12-01,002624
2019-12-01,002625
2019-12-01,002673
2019-12-01,002714
2019-12-01,002736
2019-12-01,002739
2019-12-01,002773
2019-12-01,002925
2019-12-01,002938
2019-12-01,002939
2019-12-01,002945
2019-12-01,300003
2019-12-01,300015
2019-12-01,300017
2019-12-01,300024
2019-12-01,300033
2019-12-01,300059
2019-12-01,300070
2019-12-01,300072
2019-12-01,300122
2019-12-01,300124
2019-12-01,300136
2019-12-01,300142
2019-12-01,300144
2019-12-01,300251
2019-12-01,300296
2019-12-01,300408
2019-12-01,300413
2019-12-01,300433
2019-12-01,300498
2020-01-01,600000
2020-01-01,600004
2020-01-01,600009
2020-01-01,600010
2020-01-01,600011
2020-01-01,600015
2020-01-01,600016
2020-01-01,600018
2020-01-01,600019
2020-01-01,600023
2020-01-01,600025
2020-01-01,600027
2020-01-01,600028
2020-01-01,600029
2020-01-01,600030
2020-01-01,600031
2020-01-01,600036
2020-01-01,600038
2020-01-01,600048
2020-01-01,600050
2020-01-01,600061
2020-01-01,600066
2020-01-01,600068
2020-01-01,600085
2020-01-01,600089
2020-01-01,600100
2020-01-01,600104
2020-01-01,600109
2020-01-01,600111
2020-01-01,600115
2020-01-01,600118
2020-01-01,600153
2020-01-01,600170
2020-01-01,600176
2020-01-01,600177
2020-01-01,600183
2020-01-01,600188
2020-01-01,600196
2020-01-01,600208
2020-01-01,600219
2020-01-01,600221
2020-01-01,600233
2020-01-01,600271
2020-01-01,600276
2020-01-01,600297
2020-01-01,600299
2020-01-01,600309
2020-01-01,600332
2020-01-01,600340
2020-01-01,600346
2020-01-01,600352
2020-01-01,600362
2020-01-01,600369
2020-01-01,600372
2020-01-01,600383
2020-01-01,600390
2020-01-01,600398
2020-01-01,600406
2020-01-01,600436
2020-01-01,600438
2020-01-01,600482
2020-01-01,600487
2020-01-01,600489
2020-01-01,600498
2020-01-01,600516
2020-01-01,600519
2020-01-01,600522
2020-01-01,600535
2020-01-01,600547
2020-01-01,600566
2020-01-01,600570
2020-01-01,600583
2020-01-01,600585
2020-01-01,600588
2020-01-01,600606
2020-01-01,600637
2020-01-01,600655
2020-01-01,600660
2020-01-01,600663
2020-01-01,600674
2020-01-01,600690
2020-01-01,600703
2020-01-01,600705
2020-01-01,600733
2020-01-01,600741
2020-01-01,600760
2020-01-01,600795
2020-01-01,600809
2020-01-01,600816
2020-01-01,600837
2020-01-01,600848
2020-01-01,600867
2020-01-01,600886
2020-01-01,600887
2020-01-01,600893
2020-01-01,600900
2020-01-01,600919
2020-01-01,600926
2020-01-01,600928
2020-01-01,600958
2020-01-01,600968
2020-01-01,600977
2020-01-01,600989
2020-01-01,600998
2020-01-01,600999
2020-01-01,601006
2020-01-01,601009
2020-01-01,601012
2020-01-01,601018
2020-01-01,601021
2020-01-01,601066
2020-01-01,601088
2020-01-01,601108
2020-01-01,601111
2020-01-01,601117
2020-01-01,601138
2020-01-01,601155
2020-01-01,601162
2020-01-01,601166
2020-01-01,601169
2020-01-01,601186
2020-01-01,601198
2020-01-01,601211
2020-01-01,601212
2020-01-01,601216
2020-01-01,601225
2020-01-01,601229
2020-01-01,601236
2020-01-01,601238
2020-01-01,601288
2020-01-01,601298
2020-01-01,601318
2020-01-01,601319
2020-01-01,601328
2020-01-01,601336
2020-01-01,601360
2020-01-01,601377
2020-01-01,601390
2020-01-01,601398
2020-01-01,601555
2020-01-01,601577
2020-01-01,601600
2020-01-01,601601
2020-01-01,601607
2020-01-01,601618
2020-01-01,601628
2020-01-01,601633
2020-01-01,601668
2020-01-01,601669
2020-01-01,601688
2020-01-01,601698
2020-01-01,601727
2020-01-01,601766
2020-01-01,601788
2020-01-01,601800
2020-01-01,601808
2020-01-01,601818
2020-01-01,601828
2020-01-01,601838
2020-01-01,601857
2020-01-01,601877
2020-01-01,601878
2020-01-01,601881
2020-01-01,601888
2020-01-01,601898
2020-01-01,601899
2020-01-01,601901
2020-01-01,601919
2020-01-01,601933
2020-01-01,601939
2020-01-01,601985
2020-01-01,601988
2020-01-01,601989
2020-01-01,601992
2020-01-01,601997
2020-01-01,601998
2020-01-01,603019
2020-01-01,603156
2020-01-01,603160
2020-01-01,603259
2020-01-01,603260
2020-01-01,603288
2020-01-01,603501
2020-01-01,603799
2020-01-01,603833
2020-01-01,603899
2020-01-01,603986
2020-01-01,603993
2020-01-01,000001
2020-01-01,000002
2020-01-01,000063
2020-01-01,000069
2020-01-01,000100
2020-01-01,000157
2020-01-01,000166
2020-01-01,000333
2020-01-01,000338
2020-01-01,000413
2020-01-01,000415
2020-01-01,000423
2020-01-01,000425
2020-01-01,000538
2020-01-01,000568
2020-01-01,000596
2020-01-01,000625
2020-01-01,000627
2020-01-01,000629
2020-01-01,000630
2020-01-01,000651
2020-01-01,000656
2020-01-01,000661
2020-01-01,000671
2020-01-01,000703
2020-01-01,000709
2020-01-01,000723
2020-01-01,000725
2020-01-01,000728
2020-01-01,000768
2020-01-01,000776
2020-01-01,000783
2020-01-01,000786
2020-01-01,000858
2020-01-01,000876
2020-01-01,000895
2020-01-01,000898
2020-01-01,000938
2020-01-01,000961
2020-01-01,000963
2020-01-01,001979
2020-01-01,002001
2020-01-01,002007
2020-01-01,002008
2020-01-01,002010
2020-01-01,002024
2020-01-01,002027
2020-01-01,002032
2020-01-01,002044
2020-01-01,002050
2020-01-01,002081
2020-01-01,002120
2020-01-01,002142
2020-01-01,002146
2020-01-01,002153
2020-01-01,002179
2020-01-01,002202
2020-01-01,002230
2020-01-01,002236
2020-01-01,002241
2020-01-01,002252
2020-01-01,002271
2020-01-01,002294
2020-01-01,002304
2020-01-01,002311
2020-01-01,002352
2020-01-01,002410
2020-01-01,002411
2020-01-01,002415
2020-01-01,002422
2020-01-01,002456
2020-01-01,002460
2020-01-01,002466
2020-01-01,002468
2020-01-01,002475
2020-01-01,002493
2020-01-01,002508
2020-01-01,002555
2020-01-01,002558
2020-01-01,002594
2020-01-01,002601
2020-01-01,002602
2020-01-01,002607
2020-01-01,002624
2020-01-01,002673
2020-01-01,002714
2020-01-01,002736
2020-01-01,002739
2020-01-01,002773
2020-01-01,002841
2020-01-01,002916
2020-01-01,002938
2020-01-01,002939
2020-01-01,002945
2020-01-01,002958
2020-01-01,300003
2020-01-01,300015
2020-01-01,300017
2020-01-01,300024
2020-01-01,300033
2020-01-01,300059
2020-01-01,300070
2020-01-01,300122
2020-01-01,300124
2020-01-01,300136
2020-01-01,300142
2020-01-01,300144
2020-01-01,300347
2020-01-01,300408
2020-01-01,300413
2020-01-01,300433
2020-01-01,300498
2020-02-01,600000
2020-02-01,600004
2020-02-01,600009
2020-02-01,600010
2020-02-01,600011
2020-02-01,600015
2020-02-01,600016
2020-02-01,600018
2020-02-01,600019
2020-02-01,600023
2020-02-01,600025
2020-02-01,600027
2020-02-01,600028
2020-02-01,600029
2020-02-01,600030
2020-02-01,600031
2020-02-01,600036
2020-02-01,600038
2020-02-01,600048
2020-02-01,600050
2020-02-01,600061
2020-02-01,600066
2020-02-01,600068
2020-02-01,600085
2020-02-01,600089
2020-02-01,600100
2020-02-01,600104
2020-02-01,600109
2020-02-01,600111
2020-02-01,600115
2020-02-01,600118
2020-02-01,600153
2020-02-01,600170
2020-02-01,600176
2020-02-01,600177
2020-02-01,600183
2020-02-01,600188
2020-02-01,600196
2020-02-01,600208
2020-02-01,600219
2020-02-01,600221
2020-02-01,600233
2020-02-01,600271
2020-02-01,600276
2020-02-01,600297
2020-02-01,600299
2020-02-01,600309
2020-02-01,600332
2020-02-01,600340
2020-02-01,600346
2020-02-01,600352
2020-02-01,600362
2020-02-01,600369
2020-02-01,600372
2020-02-01,600383
2020-02-01,600390
2020-02-01,600398
2020-02-01,600406
2020-02-01,600436
2020-02-01,600438
2020-02-01,600482
2020-02-01,600487
2020-02-01,600489
2020-02-01,600498
2020-02-01,600516
2020-02-01,600519
2020-02-01,600522
2020-02-01,600535
2020-02-01,600547
2020-02-01,600566
2020-02-01,600570
2020-02-01,600583
2020-02-01,600585
2020-02-01,600588
2020-02-01,600606
2020-02-01,600637
2020-02-01,600655
2020-02-01,600660
2020-02-01,600663
2020-02-01,600674
2020-02-01,600690
2020-02-01,600703
2020-02-01,600705
2020-02-01,600733
2020-02-01,600741
2020-02-01,600760
2020-02-01,600795
2020-02-01,600809
2020-02-01,600816
2020-02-01,600837
2020-02-01,600848
2020-02-01,600867
2020-02-01,600886
2020-02-01,600887
2020-02-01,600893
2020-02-01,600900
2020-02-01,600919
2020-02-01,600926
2020-02-01,600928
2020-02-01,600958
2020-02-01,600968
2020-02-01,600977
2020-02-01,600989
2020-02-01,600998
2020-02-01,600999
2020-02-01,601006
2020-02-01,601009
2020-02-01,601012
2020-02-01,601018
2020-02-01,601021
2020-02-01,601066
2020-02-01,601088
2020-02-01,601108
2020-02-01,601111
2020-02-01,601117
2020-02-01,601138
2020-02-01,601155
2020-02-01,601162
2020-02-01,601166
2020-02-01,601169
2020-02-01,601186
2020-02-01,601198
2020-02-01,601211
2020-02-01,601212
2020-02-01,601216
2020-02-01,601225
2020-02-01,601229
2020-02-01,601236
2020-02-01,601238
2020-02-01,601288
2020-02-01,601298
2020-02-01,601318
2020-02-01,601319
2020-02-01,601328
2020-02-01,601336
2020-02-01,601360
2020-02-01,601377
2020-02-01,601390
2020-02-01,601398
2020-02-01,601555
2020-02-01,601577
2020-02-01,601600
2020-02-01,601601
2020-02-01,601607
2020-02-01,601618
2020-02-01,601628
2020-02-01,601633
2020-02-01,601668
2020-02-01,601669
2020-02-01,601688
2020-02-01,601698
2020-02-01,601727
2020-02-01,601766
2020-02-01,601788
2020-02-01,601800
2020-02-01,601808
2020-02-01,601818
2020-02-01,601828
2020-02-01,601838
2020-02-01,601857
2020-02-01,601877
2020-02-01,601878
2020-02-01,601881
2020-02-01,601888
2020-02-01,601898
2020-02-01,601899
2020-02-01,601901
2020-02-01,601919
2020-02-01,601933
2020-02-01,601939
2020-02-01,601985
2020-02-01,601988
2020-02-01,601989
2020-02-01,601992
2020-02-01,601997
2020-02-01,601998
2020-02-01,603019
2020-02-01,603156
2020-02-01,603160
2020-02-01,603259
2020-02-01,603260
2020-02-01,603288
2020-02-01,603501
2020-02-01,603799
2020-02-01,603833
2020-02-01,603899
2020-02-01,603986
2020-02-01,603993
2020-02-01,000001
2020-02-01,000002
2020-02-01,000063
2020-02-01,000069
2020-02-01,000100
2020-02-01,000157
2020-02-01,000166
2020-02-01,000333
2020-02-01,000338
2020-02-01,000413
2020-02-01,000415
2020-02-01,000423
2020-02-01,000425
2020-02-01,000538
2020-02-01,000568
2020-02-01,000596
2020-02-01,000625
2020-02-01,000627
2020-02-01,000629
2020-02-01,000630
2020-02-01,000651
2020-02-01,000656
2020-02-01,000661
2020-02-01,000671
2020-02-01,000703
2020-02-01,000709
2020-02-01,000723
2020-02-01,000725
2020-02-01,000728
2020-02-01,000768
2020-02-01,000776
2020-02-01,000783
2020-02-01,000786
2020-02-01,000858
2020-02-01,000876
2020-02-01,000895
2020-02-01,000898
2020-02-01,000938
2020-02-01,000961
2020-02-01,000963
2020-02-01,001979
2020-02-01,002001
2020-02-01,002007
2020-02-01,002008
2020-02-01,002010
2020-02-01,002024
2020-02-01,002027
2020-02-01,002032
2020-02-01,002044
2020-02-01,002050
2020-02-01,002081
2020-02-01,002120
2020-02-01,002142
2020-02-01,002146
2020-02-01,002153
2020-02-01,002179
2020-02-01,002202
2020-02-01,002230
2020-02-01,002236
2020-02-01,002241
2020-02-01,002252
2020-02-01,002271
2020-02-01,002294
2020-02-01,002304
2020-02-01,002311
2020-02-01,002352
2020-02-01,002410
2020-02-01,002411
2020-02-01,002415
2020-02-01,002422
2020-02-01,002456
2020-02-01,002460
2020-02-01,002466
2020-02-01,002468
2020-02-01,002475
2020-02-01,002493
2020-02-01,002508
2020-02-01,002555
2020-02-01,002558
2020-02-01,002594
2020-02-01,002601
2020-02-01,002602
2020-02-01,002607
2020-02-01,002624
2020-02-01,002673
2020-02-01,002714
2020-02-01,002736
2020-02-01,002739
2020-02-01,002773
2020-02-01,002841
2020-02-01,002916
2020-02-01,002938
2020-02-01,002939
2020-02-01,002945
2020-02-01,002958
2020-02-01,300003
2020-02-01,300015
2020-02-01,300017
2020-02-01,300024
2020-02-01,300033
2020-02-01,300059
2020-02-01,300070
2020-02-01,300122
2020-02-01,300124
2020-02-01,300136
2020-02-01,300142
2020-02-01,300144
2020-02-01,300347
2020-02-01,300408
2020-02-01,300413
2020-02-01,300433
2020-02-01,300498
2020-03-01,600000
2020-03-01,600004
2020-03-01,600009
2020-03-01,600010
2020-03-01,600011
2020-03-01,600015
2020-03-01,600016
2020-03-01,600018
2020-03-01,600019
2020-03-01,600023
2020-03-01,600025
2020-03-01,600027
2020-03-01,600028
2020-03-01,600029
2020-03-01,600030
2020-03-01,600031
2020-03-01,600036
2020-03-01,600038
2020-03-01,600048
2020-03-01,600050
2020-03-01,600061
2020-03-01,600066
2020-03-01,600068
2020-03-01,600085
2020-03-01,600089
2020-03-01,600100
2020-03-01,600104
2020-03-01,600109
2020-03-01,600111
2020-03-01,600115
2020-03-01,600118
2020-03-01,600153
2020-03-01,600170
2020-03-01,600176
2020-03-01,600177
2020-03-01,600183
2020-03-01,600188
2020-03-01,600196
2020-03-01,600208
2020-03-01,600219
2020-03-01,600221
2020-03-01,600233
2020-03-01,600271
2020-03-01,600276
2020-03-01,600297
2020-03-01,600299
2020-03-01,600309
2020-03-01,600332
2020-03-01,600340
2020-03-01,600346
2020-03-01,600352
2020-03-01,600362
2020-03-01,600369
2020-03-01,600372
2020-03-01,600383
2020-03-01,600390
2020-03-01,600398
2020-03-01,600406
2020-03-01,600436
2020-03-01,600438
2020-03-01,600482
2020-03-01,600487
2020-03-01,600489
2020-03-01,600498
2020-03-01,600516
2020-03-01,600519
2020-03-01,600522
2020-03-01,600535
2020-03-01,600547
2020-03-01,600566
2020-03-01,600570
2020-03-01,600583
2020-03-01,600585
2020-03-01,600588
2020-03-01,600606
2020-03-01,600637
2020-03-01,600655
2020-03-01,600660
2020-03-01,600663
2020-03-01,600674
2020-03-01,600690
2020-03-01,600703
2020-03-01,600705
2020-03-01,600733
2020-03-01,600741
2020-03-01,600760
2020-03-01,600795
2020-03-01,600809
2020-03-01,600816
2020-03-01,600837
2020-03-01,600848
2020-03-01,600867
2020-03-01,600886
2020-03-01,600887
2020-03-01,600893
2020-03-01,600900
2020-03-01,600919
2020-03-01,600926
2020-03-01,600928
2020-03-01,600958
2020-03-01,600968
2020-03-01,600977
2020-03-01,600989
2020-03-01,600998
2020-03-01,600999
2020-03-01,601006
2020-03-01,601009
2020-03-01,601012
2020-03-01,601018
2020-03-01,601021
2020-03-01,601066
2020-03-01,601088
2020-03-01,601108
2020-03-01,601111
2020-03-01,601117
2020-03-01,601138
2020-03-01,601155
2020-03-01,601162
2020-03-01,601166
2020-03-01,601169
2020-03-01,601186
2020-03-01,601198
2020-03-01,601211
2020-03-01,601212
2020-03-01,601216
2020-03-01,601225
2020-03-01,601229
2020-03-01,601236
2020-03-01,601238
2020-03-01,601288
2020-03-01,601298
2020-03-01,601318
2020-03-01,601319
2020-03-01,601328
2020-03-01,601336
2020-03-01,601360
2020-03-01,601377
2020-03-01,601390
2020-03-01,601398
2020-03-01,601555
2020-03-01,601577
2020-03-01,601600
2020-03-01,601601
2020-03-01,601607
2020-03-01,601618
2020-03-01,601628
2020-03-01,601633
2020-03-01,601668
2020-03-01,601669
2020-03-01,601688
2020-03-01,601698
2020-03-01,601727
2020-03-01,601766
2020-03-01,601788
2020-03-01,601800
2020-03-01,601808
2020-03-01,601818
2020-03-01,601828
2020-03-01,601838
2020-03-01,601857
2020-03-01,601877
2020-03-01,601878
2020-03-01,601881
2020-03-01,601888
2020-03-01,601898
2020-03-01,601899
2020-03-01,601901
2020-03-01,601919
2020-03-01,601933
2020-03-01,601939
2020-03-01,601985
2020-03-01,601988
2020-03-01,601989
2020-03-01,601992
2020-03-01,601997
2020-03-01,601998
2020-03-01,603019
2020-03-01,603156
2020-03-01,603160
2020-03-01,603259
2020-03-01,603260
2020-03-01,603288
2020-03-01,603501
2020-03-01,603799
2020-03-01,603833
2020-03-01,603899
2020-03-01,603986
2020-03-01,603993
2020-03-01,000001
2020-03-01,000002
2020-03-01,000063
2020-03-01,000069
2020-03-01,000100
2020-03-01,000157
2020-03-01,000166
2020-03-01,000333
2020-03-01,000338
2020-03-01,000413
2020-03-01,000415
2020-03-01,000423
2020-03-01,000425
2020-03-01,000538
2020-03-01,000568
2020-03-01,000596
2020-03-01,000625
2020-03-01,000627
2020-03-01,000629
2020-03-01,000630
2020-03-01,000651
2020-03-01,000656
2020-03-01,000661
2020-03-01,000671
2020-03-01,000703
2020-03-01,000709
2020-03-01,000723
2020-03-01,000725
2020-03-01,000728
2020-03-01,000768
2020-03-01,000776
2020-03-01,000783
2020-03-01,000786
2020-03-01,000858
2020-03-01,000876
2020-03-01,000895
2020-03-01,000898
2020-03-01,000938
2020-03-01,000961
2020-03-01,000963
2020-03-01,001979
2020-03-01,002001
2020-03-01,002007
2020-03-01,002008
2020-03-01,002010
2020-03-01,002024
2020-03-01,002027
2020-03-01,002032
2020-03-01,002044
2020-03-01,002050
2020-03-01,002081
2020-03-01,002120
2020-03-01,002142
2020-03-01,002146
2020-03-01,002153
2020-03-01,002179
2020-03-01,002202
2020-03-01,002230
2020-03-01,002236
2020-03-01,002241
2020-03-01,002252
2020-03-01,002271
2020-03-01,002294
2020-03-01,002304
2020-03-01,002311
2020-03-01,002352
2020-03-01,002410
2020-03-01,002411
2020-03-01,002415
2020-03-01,002422
2020-03-01,002456
2020-03-01,002460
2020-03-01,002466
2020-03-01,002468
2020-03-01,002475
2020-03-01,002493
2020-03-01,002508
2020-03-01,002555
2020-03-01,002558
2020-03-01,002594
2020-03-01,002601
2020-03-01,002602
2020-03-01,002607
2020-03-01,002624
2020-03-01,002673
2020-03-01,002714
2020-03-01,002736
2020-03-01,002739
2020-03-01,002773
2020-03-01,002841
2020-03-01,002916
2020-03-01,002938
2020-03-01,002939
2020-03-01,002945
2020-03-01,002958
2020-03-01,300003
2020-03-01,300015
2020-03-01,300017
2020-03-01,300024
2020-03-01,300033
2020-03-01,300059
2020-03-01,300070
2020-03-01,300122
2020-03-01,300124
2020-03-01,300136
2020-03-01,300142
2020-03-01,300144
2020-03-01,300347
2020-03-01,300408
2020-03-01,300413
2020-03-01,300433
2020-03-01,300498
2020-04-01,600000
2020-04-01,600004
2020-04-01,600009
2020-04-01,600010
2020-04-01,600011
2020-04-01,600015
2020-04-01,600016
2020-04-01,600018
2020-04-01,600019
2020-04-01,600023
2020-04-01,600025
2020-04-01,600027
2020-04-01,600028
2020-04-01,600029
2020-04-01,600030
2020-04-01,600031
2020-04-01,600036
2020-04-01,600038
2020-04-01,600048
2020-04-01,600050
2020-04-01,600061
2020-04-01,600066
2020-04-01,600068
2020-04-01,600085
2020-04-01,600089
2020-04-01,600100
2020-04-01,600104
2020-04-01,600109
2020-04-01,600111
2020-04-01,600115
2020-04-01,600118
2020-04-01,600153
2020-04-01,600170
2020-04-01,600176
2020-04-01,600177
2020-04-01,600183
2020-04-01,600188
2020-04-01,600196
2020-04-01,600208
2020-04-01,600219
2020-04-01,600221
2020-04-01,600233
2020-04-01,600271
2020-04-01,600276
2020-04-01,600297
2020-04-01,600299
2020-04-01,600309
2020-04-01,600332
2020-04-01,600340
2020-04-01,600346
2020-04-01,600352
2020-04-01,600362
2020-04-01,600369
2020-04-01,600372
2020-04-01,600383
2020-04-01,600390
2020-04-01,600398
2020-04-01,600406
2020-04-01,600436
2020-04-01,600438
2020-04-01,600482
2020-04-01,600487
2020-04-01,600489
2020-04-01,600498
2020-04-01,600516
2020-04-01,600519
2020-04-01,600522
2020-04-01,600535
2020-04-01,600547
2020-04-01,600566
2020-04-01,600570
2020-04-01,600583
2020-04-01,600585
2020-04-01,600588
2020-04-01,600606
2020-04-01,600637
2020-04-01,600655
2020-04-01,600660
2020-04-01,600663
2020-04-01,600674
2020-04-01,600690
2020-04-01,600703
2020-04-01,600705
2020-04-01,600733
2020-04-01,600741
2020-04-01,600760
2020-04-01,600795
2020-04-01,600809
2020-04-01,600816
2020-04-01,600837
2020-04-01,600848
2020-04-01,600867
2020-04-01,600886
2020-04-01,600887
2020-04-01,600893
2020-04-01,600900
2020-04-01,600919
2020-04-01,600926
2020-04-01,600928
2020-04-01,600958
2020-04-01,600968
2020-04-01,600977
2020-04-01,600989
2020-04-01,600998
2020-04-01,600999
2020-04-01,601006
2020-04-01,601009
2020-04-01,601012
2020-04-01,601018
2020-04-01,601021
2020-04-01,601066
2020-04-01,601088
2020-04-01,601108
2020-04-01,601111
2020-04-01,601117
2020-04-01,601138
2020-04-01,601155
2020-04-01,601162
2020-04-01,601166
2020-04-01,601169
2020-04-01,601186
2020-04-01,601198
2020-04-01,601211
2020-04-01,601212
2020-04-01,601216
2020-04-01,601225
2020-04-01,601229
2020-04-01,601236
2020-04-01,601238
2020-04-01,601288
2020-04-01,601298
2020-04-01,601318
2020-04-01,601319
2020-04-01,601328
2020-04-01,601336
2020-04-01,601360
2020-04-01,601377
2020-04-01,601390
2020-04-01,601398
2020-04-01,601555
2020-04-01,601577
2020-04-01,601600
2020-04-01,601601
2020-04-01,601607
2020-04-01,601618
2020-04-01,601628
2020-04-01,601633
2020-04-01,601668
2020-04-01,601669
2020-04-01,601688
2020-04-01,601698
2020-04-01,601727
2020-04-01,601766
2020-04-01,601788
2020-04-01,601800
2020-04-01,601808
2020-04-01,601818
2020-04-01,601828
2020-04-01,601838
2020-04-01,601857
2020-04-01,601877
2020-04-01,601878
2020-04-01,601881
2020-04-01,601888
2020-04-01,601898
2020-04-01,601899
2020-04-01,601901
2020-04-01,601919
2020-04-01,601933
2020-04-01,601939
2020-04-01,601985
2020-04-01,601988
2020-04-01,601989
2020-04-01,601992
2020-04-01,601997
2020-04-01,601998
2020-04-01,603019
2020-04-01,603156
2020-04-01,603160
2020-04-01,603259
2020-04-01,603260
2020-04-01,603288
2020-04-01,603501
2020-04-01,603799
2020-04-01,603833
2020-04-01,603899
2020-04-01,603986
2020-04-01,603993
2020-04-01,000001
2020-04-01,000002
2020-04-01,000063
2020-04-01,000069
2020-04-01,000100
2020-04-01,000157
2020-04-01,000166
2020-04-01,000333
2020-04-01,000338
2020-04-01,000413
2020-04-01,000415
2020-04-01,000423
2020-04-01,000425
2020-04-01,000538
2020-04-01,000568
2020-04-01,000596
2020-04-01,000625
2020-04-01,000627
2020-04-01,000629
2020-04-01,000630
2020-04-01,000651
2020-04-01,000656
2020-04-01,000661
2020-04-01,000671
2020-04-01,000703
2020-04-01,000709
2020-04-01,000723
2020-04-01,000725
2020-04-01,000728
2020-04-01,000768
2020-04-01,000776
2020-04-01,000783
2020-04-01,000786
2020-04-01,000858
2020-04-01,000876
2020-04-01,000895
2020-04-01,000898
2020-04-01,000938
2020-04-01,000961
2020-04-01,000963
2020-04-01,001979
2020-04-01,002001
2020-04-01,002007
2020-04-01,002008
2020-04-01,002010
2020-04-01,002024
2020-04-01,002027
2020-04-01,002032
2020-04-01,002044
2020-04-01,002050
2020-04-01,002081
2020-04-01,002120
2020-04-01,002142
2020-04-01,002146
2020-04-01,002153
2020-04-01,002179
2020-04-01,002202
2020-04-01,002230
2020-04-01,002236
2020-04-01,002241
2020-04-01,002252
2020-04-01,002271
2020-04-01,002294
2020-04-01,002304
2020-04-01,002311
2020-04-01,002352
2020-04-01,002410
2020-04-01,002411
2020-04-01,002415
2020-04-01,002422
2020-04-01,002456
2020-04-01,002460
2020-04-01,002466
2020-04-01,002468
2020-04-01,002475
2020-04-01,002493
2020-04-01,002508
2020-04-01,002555
2020-04-01,002558
2020-04-01,002594
2020-04-01,002601
2020-04-01,002602
2020-04-01,002607
2020-04-01,002624
2020-04-01,002673
2020-04-01,002714
2020-04-01,002736
2020-04-01,002739
2020-04-01,002773
2020-04-01,002841
2020-04-01,002916
2020-04-01,002938
2020-04-01,002939
2020-04-01,002945
2020-04-01,002958
2020-04-01,300003
2020-04-01,300015
2020-04-01,300017
2020-04-01,300024
2020-04-01,300033
2020-04-01,300059
2020-04-01,300070
2020-04-01,300122
2020-04-01,300124
2020-04-01,300136
2020-04-01,300142
2020-04-01,300144
2020-04-01,300347
2020-04-01,300408
2020-04-01,300413
2020-04-01,300433
2020-04-01,300498
2020-05-01,600000
2020-05-01,600004
2020-05-01,600009
2020-05-01,600010
2020-05-01,600011
2020-05-01,600015
2020-05-01,600016
2020-05-01,600018
2020-05-01,600019
2020-05-01,600023
2020-05-01,600025
2020-05-01,600027
2020-05-01,600028
2020-05-01,600029
2020-05-01,600030
2020-05-01,600031
2020-05-01,600036
2020-05-01,600038
2020-05-01,600048
2020-05-01,600050
2020-05-01,600061
2020-05-01,600066
2020-05-01,600068
2020-05-01,600085
2020-05-01,600089
2020-05-01,600100
2020-05-01,600104
2020-05-01,600109
2020-05-01,600111
2020-05-01,600115
2020-05-01,600118
2020-05-01,600153
2020-05-01,600170
2020-05-01,600176
2020-05-01,600177
2020-05-01,600183
2020-05-01,600188
2020-05-01,600196
2020-05-01,600208
2020-05-01,600219
2020-05-01,600221
2020-05-01,600233
2020-05-01,600271
2020-05-01,600276
2020-05-01,600297
2020-05-01,600299
2020-05-01,600309
2020-05-01,600332
2020-05-01,600340
2020-05-01,600346
2020-05-01,600352
2020-05-01,600362
2020-05-01,600369
2020-05-01,600372
2020-05-01,600383
2020-05-01,600390
2020-05-01,600398
2020-05-01,600406
2020-05-01,600436
2020-05-01,600438
2020-05-01,600482
2020-05-01,600487
2020-05-01,600489
2020-05-01,600498
2020-05-01,600516
2020-05-01,600519
2020-05-01,600522
2020-05-01,600535
2020-05-01,600547
2020-05-01,600566
2020-05-01,600570
2020-05-01,600583
2020-05-01,600585
2020-05-01,600588
2020-05-01,600606
2020-05-01,600637
2020-05-01,600655
2020-05-01,600660
2020-05-01,600663
2020-05-01,600674
2020-05-01,600690
2020-05-01,600703
2020-05-01,600705
2020-05-01,600733
2020-05-01,600741
2020-05-01,600760
2020-05-01,600795
2020-05-01,600809
2020-05-01,600816
2020-05-01,600837
2020-05-01,600848
2020-05-01,600867
2020-05-01,600886
2020-05-01,600887
2020-05-01,600893
2020-05-01,600900
2020-05-01,600919
2020-05-01,600926
2020-05-01,600928
2020-05-01,600958
2020-05-01,600968
2020-05-01,600977
2020-05-01,600989
2020-05-01,600998
2020-05-01,600999
2020-05-01,601006
2020-05-01,601009
2020-05-01,601012
2020-05-01,601018
2020-05-01,601021
2020-05-01,601066
2020-05-01,601088
2020-05-01,601108
2020-05-01,601111
2020-05-01,601117
2020-05-01,601138
2020-05-01,601155
2020-05-01,601162
2020-05-01,601166
2020-05-01,601169
2020-05-01,601186
2020-05-01,601198
2020-05-01,601211
2020-05-01,601212
2020-05-01,601216
2020-05-01,601225
2020-05-01,601229
2020-05-01,601236
2020-05-01,601238
2020-05-01,601288
2020-05-01,601298
2020-05-01,601318
2020-05-01,601319
2020-05-01,601328
2020-05-01,601336
2020-05-01,601360
2020-05-01,601377
2020-05-01,601390
2020-05-01,601398
2020-05-01,601555
2020-05-01,601577
2020-05-01,601600
2020-05-01,601601
2020-05-01,601607
2020-05-01,601618
2020-05-01,601628
2020-05-01,601633
2020-05-01,601668
2020-05-01,601669
2020-05-01,601688
2020-05-01,601698
2020-05-01,601727
2020-05-01,601766
2020-05-01,601788
2020-05-01,601800
2020-05-01,601808
2020-05-01,601818
2020-05-01,601828
2020-05-01,601838
2020-05-01,601857
2020-05-01,601877
2020-05-01,601878
2020-05-01,601881
2020-05-01,601888
2020-05-01,601898
2020-05-01,601899
2020-05-01,601901
2020-05-01,601919
2020-05-01,601933
2020-05-01,601939
2020-05-01,601985
2020-05-01,601988
2020-05-01,601989
2020-05-01,601992
2020-05-01,601997
2020-05-01,601998
2020-05-01,603019
2020-05-01,603156
2020-05-01,603160
2020-05-01,603259
2020-05-01,603260
2020-05-01,603288
2020-05-01,603501
2020-05-01,603799
2020-05-01,603833
2020-05-01,603899
2020-05-01,603986
2020-05-01,603993
2020-05-01,000001
2020-05-01,000002
2020-05-01,000063
2020-05-01,000069
2020-05-01,000100
2020-05-01,000157
2020-05-01,000166
2020-05-01,000333
2020-05-01,000338
2020-05-01,000413
2020-05-01,000415
2020-05-01,000423
2020-05-01,000425
2020-05-01,000538
2020-05-01,000568
2020-05-01,000596
2020-05-01,000625
2020-05-01,000627
2020-05-01,000629
2020-05-01,000630
2020-05-01,000651
2020-05-01,000656
2020-05-01,000661
2020-05-01,000671
2020-05-01,000703
2020-05-01,000709
2020-05-01,000723
2020-05-01,000725
2020-05-01,000728
2020-05-01,000768
2020-05-01,000776
2020-05-01,000783
2020-05-01,000786
2020-05-01,000858
2020-05-01,000876
2020-05-01,000895
2020-05-01,000898
2020-05-01,000938
2020-05-01,000961
2020-05-01,000963
2020-05-01,001979
2020-05-01,002001
2020-05-01,002007
2020-05-01,002008
2020-05-01,002010
2020-05-01,002024
2020-05-01,002027
2020-05-01,002032
2020-05-01,002044
2020-05-01,002050
2020-05-01,002081
2020-05-01,002120
2020-05-01,002142
2020-05-01,002146
2020-05-01,002153
2020-05-01,002179
2020-05-01,002202
2020-05-01,002230
2020-05-01,002236
2020-05-01,002241
2020-05-01,002252
2020-05-01,002271
2020-05-01,002294
2020-05-01,002304
2020-05-01,002311
2020-05-01,002352
2020-05-01,002410
2020-05-01,002411
2020-05-01,002415
2020-05-01,002422
2020-05-01,002456
2020-05-01,002460
2020-05-01,002466
2020-05-01,002468
2020-05-01,002475
2020-05-01,002493
2020-05-01,002508
2020-05-01,002555
2020-05-01,002558
2020-05-01,002594
2020-05-01,002601
2020-05-01,002602
2020-05-01,002607
2020-05-01,002624
2020-05-01,002673
2020-05-01,002714
2020-05-01,002736
2020-05-01,002739
2020-05-01,002773
2020-05-01,002841
2020-05-01,002916
2020-05-01,002938
2020-05-01,002939
2020-05-01,002945
2020-05-01,002958
2020-05-01,300003
2020-05-01,300015
2020-05-01,300017
2020-05-01,300024
2020-05-01,300033
2020-05-01,300059
2020-05-01,300070
2020-05-01,300122
2020-05-01,300124
2020-05-01,300136
2020-05-01,300142
2020-05-01,300144
2020-05-01,300347
2020-05-01,300408
2020-05-01,300413
2020-05-01,300433
2020-05-01,300498
2020-06-01,600000
2020-06-01,600004
2020-06-01,600009
2020-06-01,600010
2020-06-01,600011
2020-06-01,600015
2020-06-01,600016
2020-06-01,600018
2020-06-01,600019
2020-06-01,600023
2020-06-01,600025
2020-06-01,600027
2020-06-01,600028
2020-06-01,600029
2020-06-01,600030
2020-06-01,600031
2020-06-01,600036
2020-06-01,600038
2020-06-01,600048
2020-06-01,600050
2020-06-01,600061
2020-06-01,600066
2020-06-01,600068
2020-06-01,600085
2020-06-01,600089
2020-06-01,600100
2020-06-01,600104
2020-06-01,600109
2020-06-01,600111
2020-06-01,600115
2020-06-01,600118
2020-06-01,600153
2020-06-01,600170
2020-06-01,600176
2020-06-01,600177
2020-06-01,600183
2020-06-01,600188
2020-06-01,600196
2020-06-01,600208
2020-06-01,600219
2020-06-01,600221
2020-06-01,600233
2020-06-01,600271
2020-06-01,600276
2020-06-01,600297
2020-06-01,600299
2020-06-01,600309
2020-06-01,600332
2020-06-01,600340
2020-06-01,600346
2020-06-01,600352
2020-06-01,600362
2020-06-01,600369
2020-06-01,600372
2020-06-01,600383
2020-06-01,600390
2020-06-01,600398
2020-06-01,600406
2020-06-01,600436
2020-06-01,600438
2020-06-01,600482
2020-06-01,600487
2020-06-01,600489
2020-06-01,600498
2020-06-01,600516
2020-06-01,600519
2020-06-01,600522
2020-06-01,600535
2020-06-01,600547
2020-06-01,600566
2020-06-01,600570
2020-06-01,600583
2020-06-01,600585
2020-06-01,600588
2020-06-01,600606
2020-06-01,600637
2020-06-01,600655
2020-06-01,600660
2020-06-01,600663
2020-06-01,600674
2020-06-01,600690
2020-06-01,600703
2020-06-01,600705
2020-06-01,600733
2020-06-01,600741
2020-06-01,600760
2020-06-01,600795
2020-06-01,600809
2020-06-01,600816
2020-06-01,600837
2020-06-01,600848
2020-06-01,600867
2020-06-01,600886
2020-06-01,600887
2020-06-01,600893
2020-06-01,600900
2020-06-01,600919
2020-06-01,600926
2020-06-01,600928
2020-06-01,600958
2020-06-01,600968
2020-06-01,600977
2020-06-01,600989
2020-06-01,600998
2020-06-01,600999
2020-06-01,601006
2020-06-01,601009
2020-06-01,601012
2020-06-01,601018
2020-06-01,601021
2020-06-01,601066
2020-06-01,601088
2020-06-01,601108
2020-06-01,601111
2020-06-01,601117
2020-06-01,601138
2020-06-01,601155
2020-06-01,601162
2020-06-01,601166
2020-06-01,601169
2020-06-01,601186
2020-06-01,601198
2020-06-01,601211
2020-06-01,601212
2020-06-01,601216
2020-06-01,601225
2020-06-01,601229
2020-06-01,601236
2020-06-01,601238
2020-06-01,601288
2020-06-01,601298
2020-06-01,601318
2020-06-01,601319
2020-06-01,601328
2020-06-01,601336
2020-06-01,601360
2020-06-01,601377
2020-06-01,601390
2020-06-01,601398
2020-06-01,601555
2020-06-01,601577
2020-06-01,601600
2020-06-01,601601
2020-06-01,601607
2020-06-01,601618
2020-06-01,601628
2020-06-01,601633
2020-06-01,601668
2020-06-01,601669
2020-06-01,601688
2020-06-01,601698
2020-06-01,601727
2020-06-01,601766
2020-06-01,601788
2020-06-01,601800
2020-06-01,601808
2020-06-01,601818
2020-06-01,601828
2020-06-01,601838
2020-06-01,601857
2020-06-01,601877
2020-06-01,601878
2020-06-01,601881
2020-06-01,601888
2020-06-01,601898
2020-06-01,601899
2020-06-01,601901
2020-06-01,601919
2020-06-01,601933
2020-06-01,601939
2020-06-01,601985
2020-06-01,601988
2020-06-01,601989
2020-06-01,601992
2020-06-01,601997
2020-06-01,601998
2020-06-01,603019
2020-06-01,603156
2020-06-01,603160
2020-06-01,603259
2020-06-01,603260
2020-06-01,603288
2020-06-01,603501
2020-06-01,603799
2020-06-01,603833
2020-06-01,603899
2020-06-01,603986
2020-06-01,603993
2020-06-01,000001
2020-06-01,000002
2020-06-01,000063
2020-06-01,000069
2020-06-01,000100
2020-06-01,000157
2020-06-01,000166
2020-06-01,000333
2020-06-01,000338
2020-06-01,000413
2020-06-01,000415
2020-06-01,000423
2020-06-01,000425
2020-06-01,000538
2020-06-01,000568
2020-06-01,000596
2020-06-01,000625
2020-06-01,000627
2020-06-01,000629
2020-06-01,000630
2020-06-01,000651
2020-06-01,000656
2020-06-01,000661
2020-06-01,000671
2020-06-01,000703
2020-06-01,000709
2020-06-01,000723
2020-06-01,000725
2020-06-01,000728
2020-06-01,000768
2020-06-01,000776
2020-06-01,000783
2020-06-01,000786
2020-06-01,000858
2020-06-01,000876
2020-06-01,000895
2020-06-01,000898
2020-06-01,000938
2020-06-01,000961
2020-06-01,000963
2020-06-01,001979
2020-06-01,002001
2020-06-01,002007
2020-06-01,002008
2020-06-01,002010
2020-06-01,002024
2020-06-01,002027
2020-06-01,002032
2020-06-01,002044
2020-06-01,002050
2020-06-01,002081
2020-06-01,002120
2020-06-01,002142
2020-06-01,002146
2020-06-01,002153
2020-06-01,002179
2020-06-01,002202
2020-06-01,002230
2020-06-01,002236
2020-06-01,002241
2020-06-01,002252
2020-06-01,002271
2020-06-01,002294
2020-06-01,002304
2020-06-01,002311
2020-06-01,002352
2020-06-01,002410
2020-06-01,002411
2020-06-01,002415
2020-06-01,002422
2020-06-01,002456
2020-06-01,002460
2020-06-01,002466
2020-06-01,002468
2020-06-01,002475
2020-06-01,002493
2020-06-01,002508
2020-06-01,002555
2020-06-01,002558
2020-06-01,002594
2020-06-01,002601
2020-06-01,002602
2020-06-01,002607
2020-06-01,002624
2020-06-01,002673
2020-06-01,002714
2020-06-01,002736
2020-06-01,002739
2020-06-01,002773
2020-06-01,002841
2020-06-01,002916
2020-06-01,002938
2020-06-01,002939
2020-06-01,002945
2020-06-01,002958
2020-06-01,300003
2020-06-01,300015
2020-06-01,300017
2020-06-01,300024
2020-06-01,300033
2020-06-01,300059
2020-06-01,300070
2020-06-01,300122
2020-06-01,300124
2020-06-01,300136
2020-06-01,300142
2020-06-01,300144
2020-06-01,300347
2020-06-01,300408
2020-06-01,300413
2020-06-01,300433
2020-06-01,300498
2020-07-01,600000
2020-07-01,600004
2020-07-01,600009
2020-07-01,600010
2020-07-01,600011
2020-07-01,600015
2020-07-01,600016
2020-07-01,600018
2020-07-01,600019
2020-07-01,600025
2020-07-01,600027
2020-07-01,600028
2020-07-01,600029
2020-07-01,600030
2020-07-01,600031
2020-07-01,600036
2020-07-01,600038
2020-07-01,600048
2020-07-01,600050
2020-07-01,600061
2020-07-01,600066
2020-07-01,600068
2020-07-01,600085
2020-07-01,600089
2020-07-01,600104
2020-07-01,600109
2020-07-01,600111
2020-07-01,600115
2020-07-01,600118
2020-07-01,600170
2020-07-01,600176
2020-07-01,600177
2020-07-01,600183
2020-07-01,600188
2020-07-01,600196
2020-07-01,600208
2020-07-01,600219
2020-07-01,600221
2020-07-01,600233
2020-07-01,600271
2020-07-01,600276
2020-07-01,600297
2020-07-01,600299
2020-07-01,600309
2020-07-01,600332
2020-07-01,600340
2020-07-01,600346
2020-07-01,600352
2020-07-01,600362
2020-07-01,600369
2020-07-01,600372
2020-07-01,600383
2020-07-01,600390
2020-07-01,600398
2020-07-01,600406
2020-07-01,600436
2020-07-01,600438
2020-07-01,600482
2020-07-01,600487
2020-07-01,600489
2020-07-01,600498
2020-07-01,600516
2020-07-01,600519
2020-07-01,600522
2020-07-01,600547
2020-07-01,600570
2020-07-01,600583
2020-07-01,600585
2020-07-01,600588
2020-07-01,600606
2020-07-01,600637
2020-07-01,600655
2020-07-01,600660
2020-07-01,600674
2020-07-01,600690
2020-07-01,600703
2020-07-01,600705
2020-07-01,600741
2020-07-01,600745
2020-07-01,600760
2020-07-01,600795
2020-07-01,600809
2020-07-01,600837
2020-07-01,600848
2020-07-01,600867
2020-07-01,600886
2020-07-01,600887
2020-07-01,600893
2020-07-01,600900
2020-07-01,600919
2020-07-01,600926
2020-07-01,600928
2020-07-01,600958
2020-07-01,600968
2020-07-01,600977
2020-07-01,600989
2020-07-01,600998
2020-07-01,600999
2020-07-01,601006
2020-07-01,601009
2020-07-01,601012
2020-07-01,601018
2020-07-01,601021
2020-07-01,601066
2020-07-01,601077
2020-07-01,601088
2020-07-01,601100
2020-07-01,601108
2020-07-01,601111
2020-07-01,601117
2020-07-01,601138
2020-07-01,601155
2020-07-01,601162
2020-07-01,601166
2020-07-01,601169
2020-07-01,601186
2020-07-01,601198
2020-07-01,601211
2020-07-01,601212
2020-07-01,601216
2020-07-01,601225
2020-07-01,601229
2020-07-01,601231
2020-07-01,601236
2020-07-01,601238
2020-07-01,601288
2020-07-01,601298
2020-07-01,601318
2020-07-01,601319
2020-07-01,601328
2020-07-01,601336
2020-07-01,601360
2020-07-01,601377
2020-07-01,601390
2020-07-01,601398
2020-07-01,601555
2020-07-01,601577
2020-07-01,601600
2020-07-01,601601
2020-07-01,601607
2020-07-01,601618
2020-07-01,601628
2020-07-01,601633
2020-07-01,601658
2020-07-01,601668
2020-07-01,601669
2020-07-01,601688
2020-07-01,601698
2020-07-01,601727
2020-07-01,601766
2020-07-01,601788
2020-07-01,601800
2020-07-01,601808
2020-07-01,601816
2020-07-01,601818
2020-07-01,601828
2020-07-01,601838
2020-07-01,601857
2020-07-01,601877
2020-07-01,601878
2020-07-01,601881
2020-07-01,601888
2020-07-01,601898
2020-07-01,601899
2020-07-01,601901
2020-07-01,601916
2020-07-01,601919
2020-07-01,601933
2020-07-01,601939
2020-07-01,601985
2020-07-01,601988
2020-07-01,601989
2020-07-01,601992
2020-07-01,601997
2020-07-01,601998
2020-07-01,603019
2020-07-01,603156
2020-07-01,603160
2020-07-01,603259
2020-07-01,603260
2020-07-01,603288
2020-07-01,603369
2020-07-01,603501
2020-07-01,603658
2020-07-01,603799
2020-07-01,603833
2020-07-01,603899
2020-07-01,603986
2020-07-01,603993
2020-07-01,000001
2020-07-01,000002
2020-07-01,000063
2020-07-01,000066
2020-07-01,000069
2020-07-01,000100
2020-07-01,000157
2020-07-01,000166
2020-07-01,000333
2020-07-01,000338
2020-07-01,000425
2020-07-01,000538
2020-07-01,000568
2020-07-01,000596
2020-07-01,000625
2020-07-01,000627
2020-07-01,000651
2020-07-01,000656
2020-07-01,000661
2020-07-01,000671
2020-07-01,000703
2020-07-01,000708
2020-07-01,000709
2020-07-01,000723
2020-07-01,000725
2020-07-01,000728
2020-07-01,000768
2020-07-01,000776
2020-07-01,000783
2020-07-01,000786
2020-07-01,000858
2020-07-01,000860
2020-07-01,000876
2020-07-01,000895
2020-07-01,000938
2020-07-01,000961
2020-07-01,000963
2020-07-01,000977
2020-07-01,001979
2020-07-01,002001
2020-07-01,002007
2020-07-01,002008
2020-07-01,002024
2020-07-01,002027
2020-07-01,002032
2020-07-01,002044
2020-07-01,002050
2020-07-01,002120
2020-07-01,002129
2020-07-01,002142
2020-07-01,002146
2020-07-01,002153
2020-07-01,002157
2020-07-01,002179
2020-07-01,002202
2020-07-01,002230
2020-07-01,002236
2020-07-01,002241
2020-07-01,002252
2020-07-01,002271
2020-07-01,002304
2020-07-01,002311
2020-07-01,002352
2020-07-01,002371
2020-07-01,002410
2020-07-01,002415
2020-07-01,002422
2020-07-01,002456
2020-07-01,002460
2020-07-01,002463
2020-07-01,002466
2020-07-01,002468
2020-07-01,002475
2020-07-01,002493
2020-07-01,002508
2020-07-01,002555
2020-07-01,002558
2020-07-01,002594
2020-07-01,002601
2020-07-01,002602
2020-07-01,002607
2020-07-01,002624
2020-07-01,002673
2020-07-01,002714
2020-07-01,002736
2020-07-01,002739
2020-07-01,002773
2020-07-01,002841
2020-07-01,002916
2020-07-01,002938
2020-07-01,002939
2020-07-01,002945
2020-07-01,002958
2020-07-01,003816
2020-07-01,300003
2020-07-01,300014
2020-07-01,300015
2020-07-01,300033
2020-07-01,300059
2020-07-01,300122
2020-07-01,300124
2020-07-01,300136
2020-07-01,300142
2020-07-01,300144
2020-07-01,300347
2020-07-01,300408
2020-07-01,300413
2020-07-01,300433
2020-07-01,300498
2020-07-01,300601
2020-07-01,300628
2020-08-01,600000
2020-08-01,600004
2020-08-01,600009
2020-08-01,600010
2020-08-01,600011
2020-08-01,600015
2020-08-01,600016
2020-08-01,600018
2020-08-01,600019
2020-08-01,600025
2020-08-01,600027
2020-08-01,600028
2020-08-01,600029
2020-08-01,600030
2020-08-01,600031
2020-08-01,600036
2020-08-01,600038
2020-08-01,600048
2020-08-01,600050
2020-08-01,600061
2020-08-01,600066
2020-08-01,600068
2020-08-01,600085
2020-08-01,600089
2020-08-01,600104
2020-08-01,600109
2020-08-01,600111
2020-08-01,600115
2020-08-01,600118
2020-08-01,600170
2020-08-01,600176
2020-08-01,600177
2020-08-01,600183
2020-08-01,600188
2020-08-01,600196
2020-08-01,600208
2020-08-01,600219
2020-08-01,600221
2020-08-01,600233
2020-08-01,600271
2020-08-01,600276
2020-08-01,600297
2020-08-01,600299
2020-08-01,600309
2020-08-01,600332
2020-08-01,600340
2020-08-01,600346
2020-08-01,600352
2020-08-01,600362
2020-08-01,600369
2020-08-01,600372
2020-08-01,600383
2020-08-01,600390
2020-08-01,600398
2020-08-01,600406
2020-08-01,600436
2020-08-01,600438
2020-08-01,600482
2020-08-01,600487
2020-08-01,600489
2020-08-01,600498
2020-08-01,600516
2020-08-01,600519
2020-08-01,600522
2020-08-01,600547
2020-08-01,600570
2020-08-01,600583
2020-08-01,600585
2020-08-01,600588
2020-08-01,600606
2020-08-01,600637
2020-08-01,600655
2020-08-01,600660
2020-08-01,600674
2020-08-01,600690
2020-08-01,600703
2020-08-01,600705
2020-08-01,600741
2020-08-01,600745
2020-08-01,600760
2020-08-01,600795
2020-08-01,600809
2020-08-01,600837
2020-08-01,600848
2020-08-01,600867
2020-08-01,600886
2020-08-01,600887
2020-08-01,600893
2020-08-01,600900
2020-08-01,600919
2020-08-01,600926
2020-08-01,600928
2020-08-01,600958
2020-08-01,600968
2020-08-01,600977
2020-08-01,600989
2020-08-01,600998
2020-08-01,600999
2020-08-01,601006
2020-08-01,601009
2020-08-01,601012
2020-08-01,601018
2020-08-01,601021
2020-08-01,601066
2020-08-01,601077
2020-08-01,601088
2020-08-01,601100
2020-08-01,601108
2020-08-01,601111
2020-08-01,601117
2020-08-01,601138
2020-08-01,601155
2020-08-01,601162
2020-08-01,601166
2020-08-01,601169
2020-08-01,601186
2020-08-01,601198
2020-08-01,601211
2020-08-01,601212
2020-08-01,601216
2020-08-01,601225
2020-08-01,601229
2020-08-01,601231
2020-08-01,601236
2020-08-01,601238
2020-08-01,601288
2020-08-01,601298
2020-08-01,601318
2020-08-01,601319
2020-08-01,601328
2020-08-01,601336
2020-08-01,601360
2020-08-01,601377
2020-08-01,601390
2020-08-01,601398
2020-08-01,601555
2020-08-01,601577
2020-08-01,601600
2020-08-01,601601
2020-08-01,601607
2020-08-01,601618
2020-08-01,601628
2020-08-01,601633
2020-08-01,601658
2020-08-01,601668
2020-08-01,601669
2020-08-01,601688
2020-08-01,601698
2020-08-01,601727
2020-08-01,601766
2020-08-01,601788
2020-08-01,601800
2020-08-01,601808
2020-08-01,601816
2020-08-01,601818
2020-08-01,601828
2020-08-01,601838
2020-08-01,601857
2020-08-01,601877
2020-08-01,601878
2020-08-01,601881
2020-08-01,601888
2020-08-01,601898
2020-08-01,601899
2020-08-01,601901
2020-08-01,601916
2020-08-01,601919
2020-08-01,601933
2020-08-01,601939
2020-08-01,601985
2020-08-01,601988
2020-08-01,601989
2020-08-01,601992
2020-08-01,601997
2020-08-01,601998
2020-08-01,603019
2020-08-01,603156
2020-08-01,603160
2020-08-01,603259
2020-08-01,603260
2020-08-01,603288
2020-08-01,603369
2020-08-01,603501
2020-08-01,603658
2020-08-01,603799
2020-08-01,603833
2020-08-01,603899
2020-08-01,603986
2020-08-01,603993
2020-08-01,000001
2020-08-01,000002
2020-08-01,000063
2020-08-01,000066
2020-08-01,000069
2020-08-01,000100
2020-08-01,000157
2020-08-01,000166
2020-08-01,000333
2020-08-01,000338
2020-08-01,000425
2020-08-01,000538
2020-08-01,000568
2020-08-01,000596
2020-08-01,000625
2020-08-01,000627
2020-08-01,000651
2020-08-01,000656
2020-08-01,000661
2020-08-01,000671
2020-08-01,000703
2020-08-01,000708
2020-08-01,000709
2020-08-01,000723
2020-08-01,000725
2020-08-01,000728
2020-08-01,000768
2020-08-01,000776
2020-08-01,000783
2020-08-01,000786
2020-08-01,000858
2020-08-01,000860
2020-08-01,000876
2020-08-01,000895
2020-08-01,000938
2020-08-01,000961
2020-08-01,000963
2020-08-01,000977
2020-08-01,001979
2020-08-01,002001
2020-08-01,002007
2020-08-01,002008
2020-08-01,002024
2020-08-01,002027
2020-08-01,002032
2020-08-01,002044
2020-08-01,002050
2020-08-01,002120
2020-08-01,002129
2020-08-01,002142
2020-08-01,002146
2020-08-01,002153
2020-08-01,002157
2020-08-01,002179
2020-08-01,002202
2020-08-01,002230
2020-08-01,002236
2020-08-01,002241
2020-08-01,002252
2020-08-01,002271
2020-08-01,002304
2020-08-01,002311
2020-08-01,002352
2020-08-01,002371
2020-08-01,002410
2020-08-01,002415
2020-08-01,002422
2020-08-01,002456
2020-08-01,002460
2020-08-01,002463
2020-08-01,002466
2020-08-01,002468
2020-08-01,002475
2020-08-01,002493
2020-08-01,002508
2020-08-01,002555
2020-08-01,002558
2020-08-01,002594
2020-08-01,002601
2020-08-01,002602
2020-08-01,002607
2020-08-01,002624
2020-08-01,002673
2020-08-01,002714
2020-08-01,002736
2020-08-01,002739
2020-08-01,002773
2020-08-01,002841
2020-08-01,002916
2020-08-01,002938
2020-08-01,002939
2020-08-01,002945
2020-08-01,002958
2020-08-01,003816
2020-08-01,300003
2020-08-01,300014
2020-08-01,300015
2020-08-01,300033
2020-08-01,300059
2020-08-01,300122
2020-08-01,300124
2020-08-01,300136
2020-08-01,300142
2020-08-01,300144
2020-08-01,300347
2020-08-01,300408
2020-08-01,300413
2020-08-01,300433
2020-08-01,300498
2020-08-01,300601
2020-08-01,300628
2020-09-01,600000
2020-09-01,600004
2020-09-01,600009
2020-09-01,600010
2020-09-01,600011
2020-09-01,600015
2020-09-01,600016
2020-09-01,600018
2020-09-01,600019
2020-09-01,600025
2020-09-01,600027
2020-09-01,600028
2020-09-01,600029
2020-09-01,600030
2020-09-01,600031
2020-09-01,600036
2020-09-01,600038
2020-09-01,600048
2020-09-01,600050
2020-09-01,600061
2020-09-01,600066
2020-09-01,600068
2020-09-01,600085
2020-09-01,600089
2020-09-01,600104
2020-09-01,600109
2020-09-01,600111
2020-09-01,600115
2020-09-01,600118
2020-09-01,600170
2020-09-01,600176
2020-09-01,600177
2020-09-01,600183
2020-09-01,600188
2020-09-01,600196
2020-09-01,600208
2020-09-01,600219
2020-09-01,600221
2020-09-01,600233
2020-09-01,600271
2020-09-01,600276
2020-09-01,600297
2020-09-01,600299
2020-09-01,600309
2020-09-01,600332
2020-09-01,600340
2020-09-01,600346
2020-09-01,600352
2020-09-01,600362
2020-09-01,600369
2020-09-01,600372
2020-09-01,600383
2020-09-01,600390
2020-09-01,600398
2020-09-01,600406
2020-09-01,600436
2020-09-01,600438
2020-09-01,600482
2020-09-01,600487
2020-09-01,600489
2020-09-01,600498
2020-09-01,600516
2020-09-01,600519
2020-09-01,600522
2020-09-01,600547
2020-09-01,600570
2020-09-01,600583
2020-09-01,600585
2020-09-01,600588
2020-09-01,600606
2020-09-01,600637
2020-09-01,600655
2020-09-01,600660
2020-09-01,600674
2020-09-01,600690
2020-09-01,600703
2020-09-01,600705
2020-09-01,600741
2020-09-01,600745
2020-09-01,600760
2020-09-01,600795
2020-09-01,600809
2020-09-01,600837
2020-09-01,600848
2020-09-01,600867
2020-09-01,600886
2020-09-01,600887
2020-09-01,600893
2020-09-01,600900
2020-09-01,600919
2020-09-01,600926
2020-09-01,600928
2020-09-01,600958
2020-09-01,600968
2020-09-01,600977
2020-09-01,600989
2020-09-01,600998
2020-09-01,600999
2020-09-01,601006
2020-09-01,601009
2020-09-01,601012
2020-09-01,601018
2020-09-01,601021
2020-09-01,601066
2020-09-01,601077
2020-09-01,601088
2020-09-01,601100
2020-09-01,601108
2020-09-01,601111
2020-09-01,601117
2020-09-01,601138
2020-09-01,601155
2020-09-01,601162
2020-09-01,601166
2020-09-01,601169
2020-09-01,601186
2020-09-01,601198
2020-09-01,601211
2020-09-01,601212
2020-09-01,601216
2020-09-01,601225
2020-09-01,601229
2020-09-01,601231
2020-09-01,601236
2020-09-01,601238
2020-09-01,601288
2020-09-01,601298
2020-09-01,601318
2020-09-01,601319
2020-09-01,601328
2020-09-01,601336
2020-09-01,601360
2020-09-01,601377
2020-09-01,601390
2020-09-01,601398
2020-09-01,601555
2020-09-01,601577
2020-09-01,601600
2020-09-01,601601
2020-09-01,601607
2020-09-01,601618
2020-09-01,601628
2020-09-01,601633
2020-09-01,601658
2020-09-01,601668
2020-09-01,601669
2020-09-01,601688
2020-09-01,601698
2020-09-01,601727
2020-09-01,601766
2020-09-01,601788
2020-09-01,601800
2020-09-01,601808
2020-09-01,601816
2020-09-01,601818
2020-09-01,601828
2020-09-01,601838
2020-09-01,601857
2020-09-01,601877
2020-09-01,601878
2020-09-01,601881
2020-09-01,601888
2020-09-01,601898
2020-09-01,601899
2020-09-01,601901
2020-09-01,601916
2020-09-01,601919
2020-09-01,601933
2020-09-01,601939
2020-09-01,601985
2020-09-01,601988
2020-09-01,601989
2020-09-01,601992
2020-09-01,601997
2020-09-01,601998
2020-09-01,603019
2020-09-01,603156
2020-09-01,603160
2020-09-01,603259
2020-09-01,603260
2020-09-01,603288
2020-09-01,603369
2020-09-01,603501
2020-09-01,603658
2020-09-01,603799
2020-09-01,603833
2020-09-01,603899
2020-09-01,603986
2020-09-01,603993
2020-09-01,000001
2020-09-01,000002
2020-09-01,000063
2020-09-01,000066
2020-09-01,000069
2020-09-01,000100
2020-09-01,000157
2020-09-01,000166
2020-09-01,000333
2020-09-01,000338
2020-09-01,000425
2020-09-01,000538
2020-09-01,000568
2020-09-01,000596
2020-09-01,000625
2020-09-01,000627
2020-09-01,000651
2020-09-01,000656
2020-09-01,000661
2020-09-01,000671
2020-09-01,000703
2020-09-01,000708
2020-09-01,000709
2020-09-01,000723
2020-09-01,000725
2020-09-01,000728
2020-09-01,000768
2020-09-01,000776
2020-09-01,000783
2020-09-01,000786
2020-09-01,000858
2020-09-01,000860
2020-09-01,000876
2020-09-01,000895
2020-09-01,000938
2020-09-01,000961
2020-09-01,000963
2020-09-01,000977
2020-09-01,001979
2020-09-01,002001
2020-09-01,002007
2020-09-01,002008
2020-09-01,002024
2020-09-01,002027
2020-09-01,002032
2020-09-01,002044
2020-09-01,002050
2020-09-01,002120
2020-09-01,002129
2020-09-01,002142
2020-09-01,002146
2020-09-01,002153
2020-09-01,002157
2020-09-01,002179
2020-09-01,002202
2020-09-01,002230
2020-09-01,002236
2020-09-01,002241
2020-09-01,002252
2020-09-01,002271
2020-09-01,002304
2020-09-01,002311
2020-09-01,002352
2020-09-01,002371
2020-09-01,002410
2020-09-01,002415
2020-09-01,002422
2020-09-01,002456
2020-09-01,002460
2020-09-01,002463
2020-09-01,002466
2020-09-01,002468
2020-09-01,002475
2020-09-01,002493
2020-09-01,002508
2020-09-01,002555
2020-09-01,002558
2020-09-01,002594
2020-09-01,002601
2020-09-01,002602
2020-09-01,002607
2020-09-01,002624
2020-09-01,002673
2020-09-01,002714
2020-09-01,002736
2020-09-01,002739
2020-09-01,002773
2020-09-01,002841
2020-09-01,002916
2020-09-01,002938
2020-09-01,002939
2020-09-01,002945
2020-09-01,002958
2020-09-01,003816
2020-09-01,300003
2020-09-01,300014
2020-09-01,300015
2020-09-01,300033
2020-09-01,300059
2020-09-01,300122
2020-09-01,300124
2020-09-01,300136
2020-09-01,300142
2020-09-01,300144
2020-09-01,300347
2020-09-01,300408
2020-09-01,300413
2020-09-01,300433
2020-09-01,300498
2020-09-01,300601
2020-09-01,300628
2020-10-01,600000
2020-10-01,600004
2020-10-01,600009
2020-10-01,600010
2020-10-01,600011
2020-10-01,600015
2020-10-01,600016
2020-10-01,600018
2020-10-01,600019
2020-10-01,600025
2020-10-01,600027
2020-10-01,600028
2020-10-01,600029
2020-10-01,600030
2020-10-01,600031
2020-10-01,600036
2020-10-01,600038
2020-10-01,600048
2020-10-01,600050
2020-10-01,600061
2020-10-01,600066
2020-10-01,600068
2020-10-01,600085
2020-10-01,600089
2020-10-01,600104
2020-10-01,600109
2020-10-01,600111
2020-10-01,600115
2020-10-01,600118
2020-10-01,600170
2020-10-01,600176
2020-10-01,600177
2020-10-01,600183
2020-10-01,600188
2020-10-01,600196
2020-10-01,600208
2020-10-01,600219
2020-10-01,600221
2020-10-01,600233
2020-10-01,600271
2020-10-01,600276
2020-10-01,600297
2020-10-01,600299
2020-10-01,600309
2020-10-01,600332
2020-10-01,600340
2020-10-01,600346
2020-10-01,600352
2020-10-01,600362
2020-10-01,600369
2020-10-01,600372
2020-10-01,600383
2020-10-01,600390
2020-10-01,600398
2020-10-01,600406
2020-10-01,600436
2020-10-01,600438
2020-10-01,600482
2020-10-01,600487
2020-10-01,600489
2020-10-01,600498
2020-10-01,600516
2020-10-01,600519
2020-10-01,600522
2020-10-01,600547
2020-10-01,600570
2020-10-01,600583
2020-10-01,600585
2020-10-01,600588
2020-10-01,600606
2020-10-01,600637
2020-10-01,600655
2020-10-01,600660
2020-10-01,600674
2020-10-01,600690
2020-10-01,600703
2020-10-01,600705
2020-10-01,600741
2020-10-01,600745
2020-10-01,600760
2020-10-01,600795
2020-10-01,600809
2020-10-01,600837
2020-10-01,600848
2020-10-01,600867
2020-10-01,600886
2020-10-01,600887
2020-10-01,600893
2020-10-01,600900
2020-10-01,600919
2020-10-01,600926
2020-10-01,600928
2020-10-01,600958
2020-10-01,600968
2020-10-01,600977
2020-10-01,600989
2020-10-01,600998
2020-10-01,600999
2020-10-01,601006
2020-10-01,601009
2020-10-01,601012
2020-10-01,601018
2020-10-01,601021
2020-10-01,601066
2020-10-01,601077
2020-10-01,601088
2020-10-01,601100
2020-10-01,601108
2020-10-01,601111
2020-10-01,601117
2020-10-01,601138
2020-10-01,601155
2020-10-01,601162
2020-10-01,601166
2020-10-01,601169
2020-10-01,601186
2020-10-01,601198
2020-10-01,601211
2020-10-01,601212
2020-10-01,601216
2020-10-01,601225
2020-10-01,601229
2020-10-01,601231
2020-10-01,601236
2020-10-01,601238
2020-10-01,601288
2020-10-01,601298
2020-10-01,601318
2020-10-01,601319
2020-10-01,601328
2020-10-01,601336
2020-10-01,601360
2020-10-01,601377
2020-10-01,601390
2020-10-01,601398
2020-10-01,601555
2020-10-01,601577
2020-10-01,601600
2020-10-01,601601
2020-10-01,601607
2020-10-01,601618
2020-10-01,601628
2020-10-01,601633
2020-10-01,601658
2020-10-01,601668
2020-10-01,601669
2020-10-01,601688
2020-10-01,601698
2020-10-01,601727
2020-10-01,601766
2020-10-01,601788
2020-10-01,601800
2020-10-01,601808
2020-10-01,601816
2020-10-01,601818
2020-10-01,601828
2020-10-01,601838
2020-10-01,601857
2020-10-01,601877
2020-10-01,601878
2020-10-01,601881
2020-10-01,601888
2020-10-01,601898
2020-10-01,601899
2020-10-01,601901
2020-10-01,601916
2020-10-01,601919
2020-10-01,601933
2020-10-01,601939
2020-10-01,601985
2020-10-01,601988
2020-10-01,601989
2020-10-01,601992
2020-10-01,601997
2020-10-01,601998
2020-10-01,603019
2020-10-01,603156
2020-10-01,603160
2020-10-01,603259
2020-10-01,603260
2020-10-01,603288
2020-10-01,603369
2020-10-01,603501
2020-10-01,603658
2020-10-01,603799
2020-10-01,603833
2020-10-01,603899
2020-10-01,603986
2020-10-01,603993
2020-10-01,000001
2020-10-01,000002
2020-10-01,000063
2020-10-01,000066
2020-10-01,000069
2020-10-01,000100
2020-10-01,000157
2020-10-01,000166
2020-10-01,000333
2020-10-01,000338
2020-10-01,000425
2020-10-01,000538
2020-10-01,000568
2020-10-01,000596
2020-10-01,000625
2020-10-01,000627
2020-10-01,000651
2020-10-01,000656
2020-10-01,000661
2020-10-01,000671
2020-10-01,000703
2020-10-01,000708
2020-10-01,000709
2020-10-01,000723
2020-10-01,000725
2020-10-01,000728
2020-10-01,000768
2020-10-01,000776
2020-10-01,000783
2020-10-01,000786
2020-10-01,000858
2020-10-01,000860
2020-10-01,000876
2020-10-01,000895
2020-10-01,000938
2020-10-01,000961
2020-10-01,000963
2020-10-01,000977
2020-10-01,001979
2020-10-01,002001
2020-10-01,002007
2020-10-01,002008
2020-10-01,002024
2020-10-01,002027
2020-10-01,002032
2020-10-01,002044
2020-10-01,002050
2020-10-01,002120
2020-10-01,002129
2020-10-01,002142
2020-10-01,002146
2020-10-01,002153
2020-10-01,002157
2020-10-01,002179
2020-10-01,002202
2020-10-01,002230
2020-10-01,002236
2020-10-01,002241
2020-10-01,002252
2020-10-01,002271
2020-10-01,002304
2020-10-01,002311
2020-10-01,002352
2020-10-01,002371
2020-10-01,002410
2020-10-01,002415
2020-10-01,002422
2020-10-01,002456
2020-10-01,002460
2020-10-01,002463
2020-10-01,002466
2020-10-01,002468
2020-10-01,002475
2020-10-01,002493
2020-10-01,002508
2020-10-01,002555
2020-10-01,002558
2020-10-01,002594
2020-10-01,002601
2020-10-01,002602
2020-10-01,002607
2020-10-01,002624
2020-10-01,002673
2020-10-01,002714
2020-10-01,002736
2020-10-01,002739
2020-10-01,002773
2020-10-01,002841
2020-10-01,002916
2020-10-01,002938
2020-10-01,002939
2020-10-01,002945
2020-10-01,002958
2020-10-01,003816
2020-10-01,300003
2020-10-01,300014
2020-10-01,300015
2020-10-01,300033
2020-10-01,300059
2020-10-01,300122
2020-10-01,300124
2020-10-01,300136
2020-10-01,300142
2020-10-01,300144
2020-10-01,300347
2020-10-01,300408
2020-10-01,300413
2020-10-01,300433
2020-10-01,300498
2020-10-01,300601
2020-10-01,300628
2020-11-01,600000
2020-11-01,600004
2020-11-01,600009
2020-11-01,600010
2020-11-01,600011
2020-11-01,600015
2020-11-01,600016
2020-11-01,600018
2020-11-01,600019
2020-11-01,600025
2020-11-01,600027
2020-11-01,600028
2020-11-01,600029
2020-11-01,600030
2020-11-01,600031
2020-11-01,600036
2020-11-01,600038
2020-11-01,600048
2020-11-01,600050
2020-11-01,600061
2020-11-01,600066
2020-11-01,600068
2020-11-01,600085
2020-11-01,600089
2020-11-01,600104
2020-11-01,600109
2020-11-01,600111
2020-11-01,600115
2020-11-01,600118
2020-11-01,600170
2020-11-01,600176
2020-11-01,600177
2020-11-01,600183
2020-11-01,600188
2020-11-01,600196
2020-11-01,600208
2020-11-01,600219
2020-11-01,600221
2020-11-01,600233
2020-11-01,600271
2020-11-01,600276
2020-11-01,600297
2020-11-01,600299
2020-11-01,600309
2020-11-01,600332
2020-11-01,600340
2020-11-01,600346
2020-11-01,600352
2020-11-01,600362
2020-11-01,600369
2020-11-01,600372
2020-11-01,600383
2020-11-01,600390
2020-11-01,600398
2020-11-01,600406
2020-11-01,600436
2020-11-01,600438
2020-11-01,600482
2020-11-01,600487
2020-11-01,600489
2020-11-01,600498
2020-11-01,600516
2020-11-01,600519
2020-11-01,600522
2020-11-01,600547
2020-11-01,600570
2020-11-01,600583
2020-11-01,600585
2020-11-01,600588
2020-11-01,600606
2020-11-01,600637
2020-11-01,600655
2020-11-01,600660
2020-11-01,600674
2020-11-01,600690
2020-11-01,600703
2020-11-01,600705
2020-11-01,600741
2020-11-01,600745
2020-11-01,600760
2020-11-01,600795
2020-11-01,600809
2020-11-01,600837
2020-11-01,600848
2020-11-01,600867
2020-11-01,600886
2020-11-01,600887
2020-11-01,600893
2020-11-01,600900
2020-11-01,600919
2020-11-01,600926
2020-11-01,600928
2020-11-01,600958
2020-11-01,600968
2020-11-01,600977
2020-11-01,600989
2020-11-01,600998
2020-11-01,600999
2020-11-01,601006
2020-11-01,601009
2020-11-01,601012
2020-11-01,601018
2020-11-01,601021
2020-11-01,601066
2020-11-01,601077
2020-11-01,601088
2020-11-01,601100
2020-11-01,601108
2020-11-01,601111
2020-11-01,601117
2020-11-01,601138
2020-11-01,601155
2020-11-01,601162
2020-11-01,601166
2020-11-01,601169
2020-11-01,601186
2020-11-01,601198
2020-11-01,601211
2020-11-01,601212
2020-11-01,601216
2020-11-01,601225
2020-11-01,601229
2020-11-01,601231
2020-11-01,601236
2020-11-01,601238
2020-11-01,601288
2020-11-01,601298
2020-11-01,601318
2020-11-01,601319
2020-11-01,601328
2020-11-01,601336
2020-11-01,601360
2020-11-01,601377
2020-11-01,601390
2020-11-01,601398
2020-11-01,601555
2020-11-01,601577
2020-11-01,601600
2020-11-01,601601
2020-11-01,601607
2020-11-01,601618
2020-11-01,601628
2020-11-01,601633
2020-11-01,601658
2020-11-01,601668
2020-11-01,601669
2020-11-01,601688
2020-11-01,601698
2020-11-01,601727
2020-11-01,601766
2020-11-01,601788
2020-11-01,601800
2020-11-01,601808
2020-11-01,601816
2020-11-01,601818
2020-11-01,601828
2020-11-01,601838
2020-11-01,601857
2020-11-01,601877
2020-11-01,601878
2020-11-01,601881
2020-11-01,601888
2020-11-01,601898
2020-11-01,601899
2020-11-01,601901
2020-11-01,601916
2020-11-01,601919
2020-11-01,601933
2020-11-01,601939
2020-11-01,601985
2020-11-01,601988
2020-11-01,601989
2020-11-01,601992
2020-11-01,601997
2020-11-01,601998
2020-11-01,603019
2020-11-01,603156
2020-11-01,603160
2020-11-01,603259
2020-11-01,603260
2020-11-01,603288
2020-11-01,603369
2020-11-01,603501
2020-11-01,603658
2020-11-01,603799
2020-11-01,603833
2020-11-01,603899
2020-11-01,603986
2020-11-01,603993
2020-11-01,000001
2020-11-01,000002
2020-11-01,000063
2020-11-01,000066
2020-11-01,000069
2020-11-01,000100
2020-11-01,000157
2020-11-01,000166
2020-11-01,000333
2020-11-01,000338
2020-11-01,000425
2020-11-01,000538
2020-11-01,000568
2020-11-01,000596
2020-11-01,000625
2020-11-01,000627
2020-11-01,000651
2020-11-01,000656
2020-11-01,000661
2020-11-01,000671
2020-11-01,000703
2020-11-01,000708
2020-11-01,000709
2020-11-01,000723
2020-11-01,000725
2020-11-01,000728
2020-11-01,000768
2020-11-01,000776
2020-11-01,000783
2020-11-01,000786
2020-11-01,000858
2020-11-01,000860
2020-11-01,000876
2020-11-01,000895
2020-11-01,000938
2020-11-01,000961
2020-11-01,000963
2020-11-01,000977
2020-11-01,001979
2020-11-01,002001
2020-11-01,002007
2020-11-01,002008
2020-11-01,002024
2020-11-01,002027
2020-11-01,002032
2020-11-01,002044
2020-11-01,002050
2020-11-01,002120
2020-11-01,002129
2020-11-01,002142
2020-11-01,002146
2020-11-01,002153
2020-11-01,002157
2020-11-01,002179
2020-11-01,002202
2020-11-01,002230
2020-11-01,002236
2020-11-01,002241
2020-11-01,002252
2020-11-01,002271
2020-11-01,002304
2020-11-01,002311
2020-11-01,002352
2020-11-01,002371
2020-11-01,002410
2020-11-01,002415
2020-11-01,002422
2020-11-01,002456
2020-11-01,002460
2020-11-01,002463
2020-11-01,002466
2020-11-01,002468
2020-11-01,002475
2020-11-01,002493
2020-11-01,002508
2020-11-01,002555
2020-11-01,002558
2020-11-01,002594
2020-11-01,002601
2020-11-01,002602
2020-11-01,002607
2020-11-01,002624
2020-11-01,002673
2020-11-01,002714
2020-11-01,002736
2020-11-01,002739
2020-11-01,002773
2020-11-01,002841
2020-11-01,002916
2020-11-01,002938
2020-11-01,002939
2020-11-01,002945
2020-11-01,002958
2020-11-01,003816
2020-11-01,300003
2020-11-01,300014
2020-11-01,300015
2020-11-01,300033
2020-11-01,300059
2020-11-01,300122
2020-11-01,300124
2020-11-01,300136
2020-11-01,300142
2020-11-01,300144
2020-11-01,300347
2020-11-01,300408
2020-11-01,300413
2020-11-01,300433
2020-11-01,300498
2020-11-01,300601
2020-11-01,300628
2020-12-01,600000
2020-12-01,600004
2020-12-01,600009
2020-12-01,600010
2020-12-01,600011
2020-12-01,600015
2020-12-01,600016
2020-12-01,600018
2020-12-01,600019
2020-12-01,600025
2020-12-01,600027
2020-12-01,600028
2020-12-01,600029
2020-12-01,600030
2020-12-01,600031
2020-12-01,600036
2020-12-01,600038
2020-12-01,600048
2020-12-01,600050
2020-12-01,600061
2020-12-01,600066
2020-12-01,600068
2020-12-01,600085
2020-12-01,600089
2020-12-01,600104
2020-12-01,600109
2020-12-01,600111
2020-12-01,600115
2020-12-01,600118
2020-12-01,600170
2020-12-01,600176
2020-12-01,600177
2020-12-01,600183
2020-12-01,600188
2020-12-01,600196
2020-12-01,600208
2020-12-01,600219
2020-12-01,600221
2020-12-01,600233
2020-12-01,600271
2020-12-01,600276
2020-12-01,600297
2020-12-01,600299
2020-12-01,600309
2020-12-01,600332
2020-12-01,600340
2020-12-01,600346
2020-12-01,600352
2020-12-01,600362
2020-12-01,600369
2020-12-01,600372
2020-12-01,600383
2020-12-01,600390
2020-12-01,600398
2020-12-01,600406
2020-12-01,600436
2020-12-01,600438
2020-12-01,600482
2020-12-01,600487
2020-12-01,600489
2020-12-01,600498
2020-12-01,600516
2020-12-01,600519
2020-12-01,600522
2020-12-01,600547
2020-12-01,600570
2020-12-01,600583
2020-12-01,600585
2020-12-01,600588
2020-12-01,600606
2020-12-01,600637
2020-12-01,600655
2020-12-01,600660
2020-12-01,600674
2020-12-01,600690
2020-12-01,600703
2020-12-01,600705
2020-12-01,600741
2020-12-01,600745
2020-12-01,600760
2020-12-01,600795
2020-12-01,600809
2020-12-01,600837
2020-12-01,600848
2020-12-01,600867
2020-12-01,600886
2020-12-01,600887
2020-12-01,600893
2020-12-01,600900
2020-12-01,600919
2020-12-01,600926
2020-12-01,600928
2020-12-01,600958
2020-12-01,600968
2020-12-01,600977
2020-12-01,600989
2020-12-01,600998
2020-12-01,600999
2020-12-01,601006
2020-12-01,601009
2020-12-01,601012
2020-12-01,601018
2020-12-01,601021
2020-12-01,601066
2020-12-01,601077
2020-12-01,601088
2020-12-01,601100
2020-12-01,601108
2020-12-01,601111
2020-12-01,601117
2020-12-01,601138
2020-12-01,601155
2020-12-01,601162
2020-12-01,601166
2020-12-01,601169
2020-12-01,601186
2020-12-01,601198
2020-12-01,601211
2020-12-01,601212
2020-12-01,601216
2020-12-01,601225
2020-12-01,601229
2020-12-01,601231
2020-12-01,601236
2020-12-01,601238
2020-12-01,601288
2020-12-01,601298
2020-12-01,601318
2020-12-01,601319
2020-12-01,601328
2020-12-01,601336
2020-12-01,601360
2020-12-01,601377
2020-12-01,601390
2020-12-01,601398
2020-12-01,601555
2020-12-01,601577
2020-12-01,601600
2020-12-01,601601
2020-12-01,601607
2020-12-01,601618
2020-12-01,601628
2020-12-01,601633
2020-12-01,601658
2020-12-01,601668
2020-12-01,601669
2020-12-01,601688
2020-12-01,601698
2020-12-01,601727
2020-12-01,601766
2020-12-01,601788
2020-12-01,601800
2020-12-01,601808
2020-12-01,601816
2020-12-01,601818
2020-12-01,601828
2020-12-01,601838
2020-12-01,601857
2020-12-01,601877
2020-12-01,601878
2020-12-01,601881
2020-12-01,601888
2020-12-01,601898
2020-12-01,601899
2020-12-01,601901
2020-12-01,601916
2020-12-01,601919
2020-12-01,601933
2020-12-01,601939
2020-12-01,601985
2020-12-01,601988
2020-12-01,601989
2020-12-01,601992
2020-12-01,601997
2020-12-01,601998
2020-12-01,603019
2020-12-01,603156
2020-12-01,603160
2020-12-01,603259
2020-12-01,603260
2020-12-01,603288
2020-12-01,603369
2020-12-01,603501
2020-12-01,603658
2020-12-01,603799
2020-12-01,603833
2020-12-01,603899
2020-12-01,603986
2020-12-01,603993
2020-12-01,000001
2020-12-01,000002
2020-12-01,000063
2020-12-01,000066
2020-12-01,000069
2020-12-01,000100
2020-12-01,000157
2020-12-01,000166
2020-12-01,000333
2020-12-01,000338
2020-12-01,000425
2020-12-01,000538
2020-12-01,000568
2020-12-01,000596
2020-12-01,000625
2020-12-01,000627
2020-12-01,000651
2020-12-01,000656
2020-12-01,000661
2020-12-01,000671
2020-12-01,000703
2020-12-01,000708
2020-12-01,000709
2020-12-01,000723
2020-12-01,000725
2020-12-01,000728
2020-12-01,000768
2020-12-01,000776
2020-12-01,000783
2020-12-01,000786
2020-12-01,000858
2020-12-01,000860
2020-12-01,000876
2020-12-01,000895
2020-12-01,000938
2020-12-01,000961
2020-12-01,000963
2020-12-01,000977
2020-12-01,001979
2020-12-01,002001
2020-12-01,002007
2020-12-01,002008
2020-12-01,002024
2020-12-01,002027
2020-12-01,002032
2020-12-01,002044
2020-12-01,002050
2020-12-01,002120
2020-12-01,002129
2020-12-01,002142
2020-12-01,002146
2020-12-01,002153
2020-12-01,002157
2020-12-01,002179
2020-12-01,002202
2020-12-01,002230
2020-12-01,002236
2020-12-01,002241
2020-12-01,002252
2020-12-01,002271
2020-12-01,002304
2020-12-01,002311
2020-12-01,002352
2020-12-01,002371
2020-12-01,002410
2020-12-01,002415
2020-12-01,002422
2020-12-01,002456
2020-12-01,002460
2020-12-01,002463
2020-12-01,002466
2020-12-01,002468
2020-12-01,002475
2020-12-01,002493
2020-12-01,002508
2020-12-01,002555
2020-12-01,002558
2020-12-01,002594
2020-12-01,002601
2020-12-01,002602
2020-12-01,002607
2020-12-01,002624
2020-12-01,002673
2020-12-01,002714
2020-12-01,002736
2020-12-01,002739
2020-12-01,002773
2020-12-01,002841
2020-12-01,002916
2020-12-01,002938
2020-12-01,002939
2020-12-01,002945
2020-12-01,002958
2020-12-01,003816
2020-12-01,300003
2020-12-01,300014
2020-12-01,300015
2020-12-01,300033
2020-12-01,300059
2020-12-01,300122
2020-12-01,300124
2020-12-01,300136
2020-12-01,300142
2020-12-01,300144
2020-12-01,300347
2020-12-01,300408
2020-12-01,300413
2020-12-01,300433
2020-12-01,300498
2020-12-01,300601
2020-12-01,300628
2021-01-01,600000
2021-01-01,600004
2021-01-01,600009
2021-01-01,600010
2021-01-01,600011
2021-01-01,600015
2021-01-01,600016
2021-01-01,600018
2021-01-01,600019
2021-01-01,600025
2021-01-01,600027
2021-01-01,600028
2021-01-01,600029
2021-01-01,600030
2021-01-01,600031
2021-01-01,600036
2021-01-01,600048
2021-01-01,600050
2021-01-01,600061
2021-01-01,600066
2021-01-01,600068
2021-01-01,600085
2021-01-01,600104
2021-01-01,600109
2021-01-01,600111
2021-01-01,600115
2021-01-01,600118
2021-01-01,600150
2021-01-01,600161
2021-01-01,600176
2021-01-01,600177
2021-01-01,600183
2021-01-01,600196
2021-01-01,600208
2021-01-01,600233
2021-01-01,600271
2021-01-01,600276
2021-01-01,600297
2021-01-01,600299
2021-01-01,600309
2021-01-01,600332
2021-01-01,600340
2021-01-01,600346
2021-01-01,600352
2021-01-01,600362
2021-01-01,600369
2021-01-01,600383
2021-01-01,600390
2021-01-01,600406
2021-01-01,600436
2021-01-01,600438
2021-01-01,600482
2021-01-01,600487
2021-01-01,600489
2021-01-01,600498
2021-01-01,600519
2021-01-01,600522
2021-01-01,600547
2021-01-01,600570
2021-01-01,600584
2021-01-01,600585
2021-01-01,600588
2021-01-01,600600
2021-01-01,600606
2021-01-01,600637
2021-01-01,600655
2021-01-01,600660
2021-01-01,600690
2021-01-01,600703
2021-01-01,600705
2021-01-01,600741
2021-01-01,600745
2021-01-01,600760
2021-01-01,600763
2021-01-01,600795
2021-01-01,600809
2021-01-01,600837
2021-01-01,600845
2021-01-01,600848
2021-01-01,600872
2021-01-01,600886
2021-01-01,600887
2021-01-01,600893
2021-01-01,600900
2021-01-01,600918
2021-01-01,600919
2021-01-01,600926
2021-01-01,600958
2021-01-01,600989
2021-01-01,600998
2021-01-01,600999
2021-01-01,601006
2021-01-01,601009
2021-01-01,601012
2021-01-01,601021
2021-01-01,601066
2021-01-01,601077
2021-01-01,601088
2021-01-01,601100
2021-01-01,601108
2021-01-01,601111
2021-01-01,601117
2021-01-01,601138
2021-01-01,601155
2021-01-01,601162
2021-01-01,601166
2021-01-01,601169
2021-01-01,601186
2021-01-01,601198
2021-01-01,601211
2021-01-01,601216
2021-01-01,601225
2021-01-01,601229
2021-01-01,601231
2021-01-01,601236
2021-01-01,601238
2021-01-01,601288
2021-01-01,601318
2021-01-01,601319
2021-01-01,601328
2021-01-01,601336
2021-01-01,601360
2021-01-01,601377
2021-01-01,601390
2021-01-01,601398
2021-01-01,601555
2021-01-01,601577
2021-01-01,601600
2021-01-01,601601
2021-01-01,601607
2021-01-01,601618
2021-01-01,601628
2021-01-01,601633
2021-01-01,601658
2021-01-01,601668
2021-01-01,601669
2021-01-01,601688
2021-01-01,601696
2021-01-01,601698
2021-01-01,601727
2021-01-01,601766
2021-01-01,601788
2021-01-01,601800
2021-01-01,601808
2021-01-01,601816
2021-01-01,601818
2021-01-01,601838
2021-01-01,601857
2021-01-01,601872
2021-01-01,601877
2021-01-01,601878
2021-01-01,601881
2021-01-01,601888
2021-01-01,601899
2021-01-01,601901
2021-01-01,601916
2021-01-01,601919
2021-01-01,601933
2021-01-01,601939
2021-01-01,601985
2021-01-01,601988
2021-01-01,601989
2021-01-01,601990
2021-01-01,601998
2021-01-01,603019
2021-01-01,603087
2021-01-01,603156
2021-01-01,603160
2021-01-01,603195
2021-01-01,603259
2021-01-01,603288
2021-01-01,603369
2021-01-01,603392
2021-01-01,603501
2021-01-01,603658
2021-01-01,603799
2021-01-01,603833
2021-01-01,603899
2021-01-01,603986
2021-01-01,603993
2021-01-01,688008
2021-01-01,688009
2021-01-01,688012
2021-01-01,688036
2021-01-01,000001
2021-01-01,000002
2021-01-01,000063
2021-01-01,000066
2021-01-01,000069
2021-01-01,000100
2021-01-01,000157
2021-01-01,000166
2021-01-01,000333
2021-01-01,000338
2021-01-01,000425
2021-01-01,000538
2021-01-01,000568
2021-01-01,000596
2021-01-01,000625
2021-01-01,000627
2021-01-01,000651
2021-01-01,000656
2021-01-01,000661
2021-01-01,000671
2021-01-01,000703
2021-01-01,000708
2021-01-01,000723
2021-01-01,000725
2021-01-01,000728
2021-01-01,000768
2021-01-01,000776
2021-01-01,000783
2021-01-01,000786
2021-01-01,000858
2021-01-01,000860
2021-01-01,000876
2021-01-01,000895
2021-01-01,000938
2021-01-01,000961
2021-01-01,000963
2021-01-01,000977
2021-01-01,001979
2021-01-01,002001
2021-01-01,002007
2021-01-01,002008
2021-01-01,002024
2021-01-01,002027
2021-01-01,002032
2021-01-01,002044
2021-01-01,002049
2021-01-01,002050
2021-01-01,002120
2021-01-01,002129
2021-01-01,002142
2021-01-01,002146
2021-01-01,002153
2021-01-01,002157
2021-01-01,002179
2021-01-01,002202
2021-01-01,002230
2021-01-01,002236
2021-01-01,002241
2021-01-01,002252
2021-01-01,002271
2021-01-01,002304
2021-01-01,002311
2021-01-01,002352
2021-01-01,002371
2021-01-01,002384
2021-01-01,002410
2021-01-01,002414
2021-01-01,002415
2021-01-01,002422
2021-01-01,002456
2021-01-01,002460
2021-01-01,002463
2021-01-01,002475
2021-01-01,002493
2021-01-01,002508
2021-01-01,002555
2021-01-01,002558
2021-01-01,002594
2021-01-01,002600
2021-01-01,002601
2021-01-01,002602
2021-01-01,002607
2021-01-01,002624
2021-01-01,002673
2021-01-01,002714
2021-01-01,002736
2021-01-01,002739
2021-01-01,002773
2021-01-01,002812
2021-01-01,002821
2021-01-01,002841
2021-01-01,002916
2021-01-01,002938
2021-01-01,002939
2021-01-01,002945
2021-01-01,002958
2021-01-01,003816
2021-01-01,300003
2021-01-01,300014
2021-01-01,300015
2021-01-01,300033
2021-01-01,300059
2021-01-01,300122
2021-01-01,300124
2021-01-01,300136
2021-01-01,300142
2021-01-01,300144
2021-01-01,300347
2021-01-01,300408
2021-01-01,300413
2021-01-01,300433
2021-01-01,300498
2021-01-01,300529
2021-01-01,300601
2021-01-01,300628
2021-01-01,300676
2021-02-01,600000
2021-02-01,600004
2021-02-01,600009
2021-02-01,600010
2021-02-01,600011
2021-02-01,600015
2021-02-01,600016
2021-02-01,600018
2021-02-01,600019
2021-02-01,600025
2021-02-01,600027
2021-02-01,600028
2021-02-01,600029
2021-02-01,600030
2021-02-01,600031
2021-02-01,600036
2021-02-01,600048
2021-02-01,600050
2021-02-01,600061
2021-02-01,600066
2021-02-01,600068
2021-02-01,600085
2021-02-01,600104
2021-02-01,600109
2021-02-01,600111
2021-02-01,600115
2021-02-01,600118
2021-02-01,600150
2021-02-01,600161
2021-02-01,600176
2021-02-01,600177
2021-02-01,600183
2021-02-01,600196
2021-02-01,600208
2021-02-01,600233
2021-02-01,600271
2021-02-01,600276
2021-02-01,600297
2021-02-01,600299
2021-02-01,600309
2021-02-01,600332
2021-02-01,600340
2021-02-01,600346
2021-02-01,600352
2021-02-01,600362
2021-02-01,600369
2021-02-01,600383
2021-02-01,600390
2021-02-01,600406
2021-02-01,600436
2021-02-01,600438
2021-02-01,600482
2021-02-01,600487
2021-02-01,600489
2021-02-01,600498
2021-02-01,600519
2021-02-01,600522
2021-02-01,600547
2021-02-01,600570
2021-02-01,600584
2021-02-01,600585
2021-02-01,600588
2021-02-01,600600
2021-02-01,600606
2021-02-01,600637
2021-02-01,600655
2021-02-01,600660
2021-02-01,600690
2021-02-01,600703
2021-02-01,600705
2021-02-01,600741
2021-02-01,600745
2021-02-01,600760
2021-02-01,600763
2021-02-01,600795
2021-02-01,600809
2021-02-01,600837
2021-02-01,600845
2021-02-01,600848
2021-02-01,600872
2021-02-01,600886
2021-02-01,600887
2021-02-01,600893
2021-02-01,600900
2021-02-01,600918
2021-02-01,600919
2021-02-01,600926
2021-02-01,600958
2021-02-01,600989
2021-02-01,600998
2021-02-01,600999
2021-02-01,601006
2021-02-01,601009
2021-02-01,601012
2021-02-01,601021
2021-02-01,601066
2021-02-01,601077
2021-02-01,601088
2021-02-01,601100
2021-02-01,601108
2021-02-01,601111
2021-02-01,601117
2021-02-01,601138
2021-02-01,601155
2021-02-01,601162
2021-02-01,601166
2021-02-01,601169
2021-02-01,601186
2021-02-01,601198
2021-02-01,601211
2021-02-01,601216
2021-02-01,601225
2021-02-01,601229
2021-02-01,601231
2021-02-01,601236
2021-02-01,601238
2021-02-01,601288
2021-02-01,601318
2021-02-01,601319
2021-02-01,601328
2021-02-01,601336
2021-02-01,601360
2021-02-01,601377
2021-02-01,601390
2021-02-01,601398
2021-02-01,601555
2021-02-01,601577
2021-02-01,601600
2021-02-01,601601
2021-02-01,601607
2021-02-01,601618
2021-02-01,601628
2021-02-01,601633
2021-02-01,601658
2021-02-01,601668
2021-02-01,601669
2021-02-01,601688
2021-02-01,601696
2021-02-01,601698
2021-02-01,601727
2021-02-01,601766
2021-02-01,601788
2021-02-01,601800
2021-02-01,601808
2021-02-01,601816
2021-02-01,601818
2021-02-01,601838
2021-02-01,601857
2021-02-01,601872
2021-02-01,601877
2021-02-01,601878
2021-02-01,601881
2021-02-01,601888
2021-02-01,601899
2021-02-01,601901
2021-02-01,601916
2021-02-01,601919
2021-02-01,601933
2021-02-01,601939
2021-02-01,601985
2021-02-01,601988
2021-02-01,601989
2021-02-01,601990
2021-02-01,601998
2021-02-01,603019
2021-02-01,603087
2021-02-01,603156
2021-02-01,603160
2021-02-01,603195
2021-02-01,603259
2021-02-01,603288
2021-02-01,603369
2021-02-01,603392
2021-02-01,603501
2021-02-01,603658
2021-02-01,603799
2021-02-01,603833
2021-02-01,603899
2021-02-01,603986
2021-02-01,603993
2021-02-01,688008
2021-02-01,688009
2021-02-01,688012
2021-02-01,688036
2021-02-01,000001
2021-02-01,000002
2021-02-01,000063
2021-02-01,000066
2021-02-01,000069
2021-02-01,000100
2021-02-01,000157
2021-02-01,000166
2021-02-01,000333
2021-02-01,000338
2021-02-01,000425
2021-02-01,000538
2021-02-01,000568
2021-02-01,000596
2021-02-01,000625
2021-02-01,000627
2021-02-01,000651
2021-02-01,000656
2021-02-01,000661
2021-02-01,000671
2021-02-01,000703
2021-02-01,000708
2021-02-01,000723
2021-02-01,000725
2021-02-01,000728
2021-02-01,000768
2021-02-01,000776
2021-02-01,000783
2021-02-01,000786
2021-02-01,000858
2021-02-01,000860
2021-02-01,000876
2021-02-01,000895
2021-02-01,000938
2021-02-01,000961
2021-02-01,000963
2021-02-01,000977
2021-02-01,001979
2021-02-01,002001
2021-02-01,002007
2021-02-01,002008
2021-02-01,002024
2021-02-01,002027
2021-02-01,002032
2021-02-01,002044
2021-02-01,002049
2021-02-01,002050
2021-02-01,002120
2021-02-01,002129
2021-02-01,002142
2021-02-01,002146
2021-02-01,002153
2021-02-01,002157
2021-02-01,002179
2021-02-01,002202
2021-02-01,002230
2021-02-01,002236
2021-02-01,002241
2021-02-01,002252
2021-02-01,002271
2021-02-01,002304
2021-02-01,002311
2021-02-01,002352
2021-02-01,002371
2021-02-01,002384
2021-02-01,002410
2021-02-01,002414
2021-02-01,002415
2021-02-01,002422
2021-02-01,002456
2021-02-01,002460
2021-02-01,002463
2021-02-01,002475
2021-02-01,002493
2021-02-01,002508
2021-02-01,002555
2021-02-01,002558
2021-02-01,002594
2021-02-01,002600
2021-02-01,002601
2021-02-01,002602
2021-02-01,002607
2021-02-01,002624
2021-02-01,002673
2021-02-01,002714
2021-02-01,002736
2021-02-01,002739
2021-02-01,002773
2021-02-01,002812
2021-02-01,002821
2021-02-01,002841
2021-02-01,002916
2021-02-01,002938
2021-02-01,002939
2021-02-01,002945
2021-02-01,002958
2021-02-01,003816
2021-02-01,300003
2021-02-01,300014
2021-02-01,300015
2021-02-01,300033
2021-02-01,300059
2021-02-01,300122
2021-02-01,300124
2021-02-01,300136
2021-02-01,300142
2021-02-01,300144
2021-02-01,300347
2021-02-01,300408
2021-02-01,300413
2021-02-01,300433
2021-02-01,300498
2021-02-01,300529
2021-02-01,300601
2021-02-01,300628
2021-02-01,300676
2021-03-01,600000
2021-03-01,600004
2021-03-01,600009
2021-03-01,600010
2021-03-01,600011
2021-03-01,600015
2021-03-01,600016
2021-03-01,600018
2021-03-01,600019
2021-03-01,600025
2021-03-01,600027
2021-03-01,600028
2021-03-01,600029
2021-03-01,600030
2021-03-01,600031
2021-03-01,600036
2021-03-01,600048
2021-03-01,600050
2021-03-01,600061
2021-03-01,600066
2021-03-01,600068
2021-03-01,600085
2021-03-01,600104
2021-03-01,600109
2021-03-01,600111
2021-03-01,600115
2021-03-01,600118
2021-03-01,600150
2021-03-01,600161
2021-03-01,600176
2021-03-01,600177
2021-03-01,600183
2021-03-01,600196
2021-03-01,600208
2021-03-01,600233
2021-03-01,600271
2021-03-01,600276
2021-03-01,600297
2021-03-01,600299
2021-03-01,600309
2021-03-01,600332
2021-03-01,600340
2021-03-01,600346
2021-03-01,600352
2021-03-01,600362
2021-03-01,600369
2021-03-01,600383
2021-03-01,600390
2021-03-01,600406
2021-03-01,600436
2021-03-01,600438
2021-03-01,600482
2021-03-01,600487
2021-03-01,600489
2021-03-01,600498
2021-03-01,600519
2021-03-01,600522
2021-03-01,600547
2021-03-01,600570
2021-03-01,600584
2021-03-01,600585
2021-03-01,600588
2021-03-01,600600
2021-03-01,600606
2021-03-01,600637
2021-03-01,600655
2021-03-01,600660
2021-03-01,600690
2021-03-01,600703
2021-03-01,600705
2021-03-01,600741
2021-03-01,600745
2021-03-01,600760
2021-03-01,600763
2021-03-01,600795
2021-03-01,600809
2021-03-01,600837
2021-03-01,600845
2021-03-01,600848
2021-03-01,600872
2021-03-01,600886
2021-03-01,600887
2021-03-01,600893
2021-03-01,600900
2021-03-01,600918
2021-03-01,600919
2021-03-01,600926
2021-03-01,600958
2021-03-01,600989
2021-03-01,600998
2021-03-01,600999
2021-03-01,601006
2021-03-01,601009
2021-03-01,601012
2021-03-01,601021
2021-03-01,601066
2021-03-01,601077
2021-03-01,601088
2021-03-01,601100
2021-03-01,601108
2021-03-01,601111
2021-03-01,601117
2021-03-01,601138
2021-03-01,601155
2021-03-01,601162
2021-03-01,601166
2021-03-01,601169
2021-03-01,601186
2021-03-01,601198
2021-03-01,601211
2021-03-01,601216
2021-03-01,601225
2021-03-01,601229
2021-03-01,601231
2021-03-01,601236
2021-03-01,601238
2021-03-01,601288
2021-03-01,601318
2021-03-01,601319
2021-03-01,601328
2021-03-01,601336
2021-03-01,601360
2021-03-01,601377
2021-03-01,601390
2021-03-01,601398
2021-03-01,601555
2021-03-01,601577
2021-03-01,601600
2021-03-01,601601
2021-03-01,601607
2021-03-01,601618
2021-03-01,601628
2021-03-01,601633
2021-03-01,601658
2021-03-01,601668
2021-03-01,601669
2021-03-01,601688
2021-03-01,601696
2021-03-01,601698
2021-03-01,601727
2021-03-01,601766
2021-03-01,601788
2021-03-01,601800
2021-03-01,601808
2021-03-01,601816
2021-03-01,601818
2021-03-01,601838
2021-03-01,601857
2021-03-01,601872
2021-03-01,601877
2021-03-01,601878
2021-03-01,601881
2021-03-01,601888
2021-03-01,601899
2021-03-01,601901
2021-03-01,601916
2021-03-01,601919
2021-03-01,601933
2021-03-01,601939
2021-03-01,601985
2021-03-01,601988
2021-03-01,601989
2021-03-01,601990
2021-03-01,601998
2021-03-01,603019
2021-03-01,603087
2021-03-01,603156
2021-03-01,603160
2021-03-01,603195
2021-03-01,603259
2021-03-01,603288
2021-03-01,603369
2021-03-01,603392
2021-03-01,603501
2021-03-01,603658
2021-03-01,603799
2021-03-01,603833
2021-03-01,603899
2021-03-01,603986
2021-03-01,603993
2021-03-01,688008
2021-03-01,688009
2021-03-01,688012
2021-03-01,688036
2021-03-01,000001
2021-03-01,000002
2021-03-01,000063
2021-03-01,000066
2021-03-01,000069
2021-03-01,000100
2021-03-01,000157
2021-03-01,000166
2021-03-01,000333
2021-03-01,000338
2021-03-01,000425
2021-03-01,000538
2021-03-01,000568
2021-03-01,000596
2021-03-01,000625
2021-03-01,000627
2021-03-01,000651
2021-03-01,000656
2021-03-01,000661
2021-03-01,000671
2021-03-01,000703
2021-03-01,000708
2021-03-01,000723
2021-03-01,000725
2021-03-01,000728
2021-03-01,000768
2021-03-01,000776
2021-03-01,000783
2021-03-01,000786
2021-03-01,000858
2021-03-01,000860
2021-03-01,000876
2021-03-01,000895
2021-03-01,000938
2021-03-01,000961
2021-03-01,000963
2021-03-01,000977
2021-03-01,001979
2021-03-01,002001
2021-03-01,002007
2021-03-01,002008
2021-03-01,002024
2021-03-01,002027
2021-03-01,002032
2021-03-01,002044
2021-03-01,002049
2021-03-01,002050
2021-03-01,002120
2021-03-01,002129
2021-03-01,002142
2021-03-01,002146
2021-03-01,002153
2021-03-01,002157
2021-03-01,002179
2021-03-01,002202
2021-03-01,002230
2021-03-01,002236
2021-03-01,002241
2021-03-01,002252
2021-03-01,002271
2021-03-01,002304
2021-03-01,002311
2021-03-01,002352
2021-03-01,002371
2021-03-01,002384
2021-03-01,002410
2021-03-01,002414
2021-03-01,002415
2021-03-01,002422
2021-03-01,002456
2021-03-01,002460
2021-03-01,002463
2021-03-01,002475
2021-03-01,002493
2021-03-01,002508
2021-03-01,002555
2021-03-01,002558
2021-03-01,002594
2021-03-01,002600
2021-03-01,002601
2021-03-01,002602
2021-03-01,002607
2021-03-01,002624
2021-03-01,002673
2021-03-01,002714
2021-03-01,002736
2021-03-01,002739
2021-03-01,002773
2021-03-01,002812
2021-03-01,002821
2021-03-01,002841
2021-03-01,002916
2021-03-01,002938
2021-03-01,002939
2021-03-01,002945
2021-03-01,002958
2021-03-01,003816
2021-03-01,300003
2021-03-01,300014
2021-03-01,300015
2021-03-01,300033
2021-03-01,300059
2021-03-01,300122
2021-03-01,300124
2021-03-01,300136
2021-03-01,300142
2021-03-01,300144
2021-03-01,300347
2021-03-01,300408
2021-03-01,300413
2021-03-01,300433
2021-03-01,300498
2021-03-01,300529
2021-03-01,300601
2021-03-01,300628
2021-03-01,300676
2021-04-01,600000
2021-04-01,600004
2021-04-01,600009
2021-04-01,600010
2021-04-01,600011
2021-04-01,600015
2021-04-01,600016
2021-04-01,600018
2021-04-01,600019
2021-04-01,600025
2021-04-01,600027
2021-04-01,600028
2021-04-01,600029
2021-04-01,600030
2021-04-01,600031
2021-04-01,600036
2021-04-01,600048
2021-04-01,600050
2021-04-01,600061
2021-04-01,600066
2021-04-01,600068
2021-04-01,600085
2021-04-01,600104
2021-04-01,600109
2021-04-01,600111
2021-04-01,600115
2021-04-01,600118
2021-04-01,600150
2021-04-01,600161
2021-04-01,600176
2021-04-01,600177
2021-04-01,600183
2021-04-01,600196
2021-04-01,600208
2021-04-01,600233
2021-04-01,600271
2021-04-01,600276
2021-04-01,600297
2021-04-01,600299
2021-04-01,600309
2021-04-01,600332
2021-04-01,600340
2021-04-01,600346
2021-04-01,600352
2021-04-01,600362
2021-04-01,600369
2021-04-01,600383
2021-04-01,600390
2021-04-01,600406
2021-04-01,600436
2021-04-01,600438
2021-04-01,600482
2021-04-01,600487
2021-04-01,600489
2021-04-01,600498
2021-04-01,600519
2021-04-01,600522
2021-04-01,600547
2021-04-01,600570
2021-04-01,600584
2021-04-01,600585
2021-04-01,600588
2021-04-01,600600
2021-04-01,600606
2021-04-01,600637
2021-04-01,600655
2021-04-01,600660
2021-04-01,600690
2021-04-01,600703
2021-04-01,600705
2021-04-01,600741
2021-04-01,600745
2021-04-01,600760
2021-04-01,600763
2021-04-01,600795
2021-04-01,600809
2021-04-01,600837
2021-04-01,600845
2021-04-01,600848
2021-04-01,600872
2021-04-01,600886
2021-04-01,600887
2021-04-01,600893
2021-04-01,600900
2021-04-01,600918
2021-04-01,600919
2021-04-01,600926
2021-04-01,600958
2021-04-01,600989
2021-04-01,600998
2021-04-01,600999
2021-04-01,601006
2021-04-01,601009
2021-04-01,601012
2021-04-01,601021
2021-04-01,601066
2021-04-01,601077
2021-04-01,601088
2021-04-01,601100
2021-04-01,601108
2021-04-01,601111
2021-04-01,601117
2021-04-01,601138
2021-04-01,601155
2021-04-01,601162
2021-04-01,601166
2021-04-01,601169
2021-04-01,601186
2021-04-01,601198
2021-04-01,601211
2021-04-01,601216
2021-04-01,601225
2021-04-01,601229
2021-04-01,601231
2021-04-01,601236
2021-04-01,601238
2021-04-01,601288
2021-04-01,601318
2021-04-01,601319
2021-04-01,601328
2021-04-01,601336
2021-04-01,601360
2021-04-01,601377
2021-04-01,601390
2021-04-01,601398
2021-04-01,601555
2021-04-01,601577
2021-04-01,601600
2021-04-01,601601
2021-04-01,601607
2021-04-01,601618
2021-04-01,601628
2021-04-01,601633
2021-04-01,601658
2021-04-01,601668
2021-04-01,601669
2021-04-01,601688
2021-04-01,601696
2021-04-01,601698
2021-04-01,601727
2021-04-01,601766
2021-04-01,601788
2021-04-01,601800
2021-04-01,601808
2021-04-01,601816
2021-04-01,601818
2021-04-01,601838
2021-04-01,601857
2021-04-01,601872
2021-04-01,601877
2021-04-01,601878
2021-04-01,601881
2021-04-01,601888
2021-04-01,601899
2021-04-01,601901
2021-04-01,601916
2021-04-01,601919
2021-04-01,601933
2021-04-01,601939
2021-04-01,601985
2021-04-01,601988
2021-04-01,601989
2021-04-01,601990
2021-04-01,601998
2021-04-01,603019
2021-04-01,603087
2021-04-01,603156
2021-04-01,603160
2021-04-01,603195
2021-04-01,603259
2021-04-01,603288
2021-04-01,603369
2021-04-01,603392
2021-04-01,603501
2021-04-01,603658
2021-04-01,603799
2021-04-01,603833
2021-04-01,603899
2021-04-01,603986
2021-04-01,603993
2021-04-01,688008
2021-04-01,688009
2021-04-01,688012
2021-04-01,688036
2021-04-01,000001
2021-04-01,000002
2021-04-01,000063
2021-04-01,000066
2021-04-01,000069
2021-04-01,000100
2021-04-01,000157
2021-04-01,000166
2021-04-01,000333
2021-04-01,000338
2021-04-01,000425
2021-04-01,000538
2021-04-01,000568
2021-04-01,000596
2021-04-01,000625
2021-04-01,000627
2021-04-01,000651
2021-04-01,000656
2021-04-01,000661
2021-04-01,000671
2021-04-01,000703
2021-04-01,000708
2021-04-01,000723
2021-04-01,000725
2021-04-01,000728
2021-04-01,000768
2021-04-01,000776
2021-04-01,000783
2021-04-01,000786
2021-04-01,000858
2021-04-01,000860
2021-04-01,000876
2021-04-01,000895
2021-04-01,000938
2021-04-01,000961
2021-04-01,000963
2021-04-01,000977
2021-04-01,001979
2021-04-01,002001
2021-04-01,002007
2021-04-01,002008
2021-04-01,002024
2021-04-01,002027
2021-04-01,002032
2021-04-01,002044
2021-04-01,002049
2021-04-01,002050
2021-04-01,002120
2021-04-01,002129
2021-04-01,002142
2021-04-01,002146
2021-04-01,002153
2021-04-01,002157
2021-04-01,002179
2021-04-01,002202
2021-04-01,002230
2021-04-01,002236
2021-04-01,002241
2021-04-01,002252
2021-04-01,002271
2021-04-01,002304
2021-04-01,002311
2021-04-01,002352
2021-04-01,002371
2021-04-01,002384
2021-04-01,002410
2021-04-01,002414
2021-04-01,002415
2021-04-01,002422
2021-04-01,002456
2021-04-01,002460
2021-04-01,002463
2021-04-01,002475
2021-04-01,002493
2021-04-01,002508
2021-04-01,002555
2021-04-01,002558
2021-04-01,002594
2021-04-01,002600
2021-04-01,002601
2021-04-01,002602
2021-04-01,002607
2021-04-01,002624
2021-04-01,002673
2021-04-01,002714
2021-04-01,002736
2021-04-01,002739
2021-04-01,002773
2021-04-01,002812
2021-04-01,002821
2021-04-01,002841
2021-04-01,002916
2021-04-01,002938
2021-04-01,002939
2021-04-01,002945
2021-04-01,002958
2021-04-01,003816
2021-04-01,300003
2021-04-01,300014
2021-04-01,300015
2021-04-01,300033
2021-04-01,300059
2021-04-01,300122
2021-04-01,300124
2021-04-01,300136
2021-04-01,300142
2021-04-01,300144
2021-04-01,300347
2021-04-01,300408
2021-04-01,300413
2021-04-01,300433
2021-04-01,300498
2021-04-01,300529
2021-04-01,300601
2021-04-01,300628
2021-04-01,300676
2021-05-01,600000
2021-05-01,600004
2021-05-01,600009
2021-05-01,600010
2021-05-01,600011
2021-05-01,600015
2021-05-01,600016
2021-05-01,600018
2021-05-01,600019
2021-05-01,600025
2021-05-01,600027
2021-05-01,600028
2021-05-01,600029
2021-05-01,600030
2021-05-01,600031
2021-05-01,600036
2021-05-01,600048
2021-05-01,600050
2021-05-01,600061
2021-05-01,600066
2021-05-01,600068
2021-05-01,600085
2021-05-01,600104
2021-05-01,600109
2021-05-01,600111
2021-05-01,600115
2021-05-01,600118
2021-05-01,600150
2021-05-01,600161
2021-05-01,600176
2021-05-01,600177
2021-05-01,600183
2021-05-01,600196
2021-05-01,600208
2021-05-01,600233
2021-05-01,600271
2021-05-01,600276
2021-05-01,600297
2021-05-01,600299
2021-05-01,600309
2021-05-01,600332
2021-05-01,600340
2021-05-01,600346
2021-05-01,600352
2021-05-01,600362
2021-05-01,600369
2021-05-01,600383
2021-05-01,600390
2021-05-01,600406
2021-05-01,600436
2021-05-01,600438
2021-05-01,600482
2021-05-01,600487
2021-05-01,600489
2021-05-01,600498
2021-05-01,600519
2021-05-01,600522
2021-05-01,600547
2021-05-01,600570
2021-05-01,600584
2021-05-01,600585
2021-05-01,600588
2021-05-01,600600
2021-05-01,600606
2021-05-01,600637
2021-05-01,600655
2021-05-01,600660
2021-05-01,600690
2021-05-01,600703
2021-05-01,600705
2021-05-01,600741
2021-05-01,600745
2021-05-01,600760
2021-05-01,600763
2021-05-01,600795
2021-05-01,600809
2021-05-01,600837
2021-05-01,600845
2021-05-01,600848
2021-05-01,600872
2021-05-01,600886
2021-05-01,600887
2021-05-01,600893
2021-05-01,600900
2021-05-01,600918
2021-05-01,600919
2021-05-01,600926
2021-05-01,600958
2021-05-01,600989
2021-05-01,600998
2021-05-01,600999
2021-05-01,601006
2021-05-01,601009
2021-05-01,601012
2021-05-01,601021
2021-05-01,601066
2021-05-01,601077
2021-05-01,601088
2021-05-01,601100
2021-05-01,601108
2021-05-01,601111
2021-05-01,601117
2021-05-01,601138
2021-05-01,601155
2021-05-01,601162
2021-05-01,601166
2021-05-01,601169
2021-05-01,601186
2021-05-01,601198
2021-05-01,601211
2021-05-01,601216
2021-05-01,601225
2021-05-01,601229
2021-05-01,601231
2021-05-01,601236
2021-05-01,601238
2021-05-01,601288
2021-05-01,601318
2021-05-01,601319
2021-05-01,601328
2021-05-01,601336
2021-05-01,601360
2021-05-01,601377
2021-05-01,601390
2021-05-01,601398
2021-05-01,601555
2021-05-01,601577
2021-05-01,601600
2021-05-01,601601
2021-05-01,601607
2021-05-01,601618
2021-05-01,601628
2021-05-01,601633
2021-05-01,601658
2021-05-01,601668
2021-05-01,601669
2021-05-01,601688
2021-05-01,601696
2021-05-01,601698
2021-05-01,601727
2021-05-01,601766
2021-05-01,601788
2021-05-01,601800
2021-05-01,601808
2021-05-01,601816
2021-05-01,601818
2021-05-01,601838
2021-05-01,601857
2021-05-01,601872
2021-05-01,601877
2021-05-01,601878
2021-05-01,601881
2021-05-01,601888
2021-05-01,601899
2021-05-01,601901
2021-05-01,601916
2021-05-01,601919
2021-05-01,601933
2021-05-01,601939
2021-05-01,601985
2021-05-01,601988
2021-05-01,601989
2021-05-01,601990
2021-05-01,601998
2021-05-01,603019
2021-05-01,603087
2021-05-01,603156
2021-05-01,603160
2021-05-01,603195
2021-05-01,603259
2021-05-01,603288
2021-05-01,603369
2021-05-01,603392
2021-05-01,603501
2021-05-01,603658
2021-05-01,603799
2021-05-01,603833
2021-05-01,603899
2021-05-01,603986
2021-05-01,603993
2021-05-01,688008
2021-05-01,688009
2021-05-01,688012
2021-05-01,688036
2021-05-01,000001
2021-05-01,000002
2021-05-01,000063
2021-05-01,000066
2021-05-01,000069
2021-05-01,000100
2021-05-01,000157
2021-05-01,000166
2021-05-01,000333
2021-05-01,000338
2021-05-01,000425
2021-05-01,000538
2021-05-01,000568
2021-05-01,000596
2021-05-01,000625
2021-05-01,000627
2021-05-01,000651
2021-05-01,000656
2021-05-01,000661
2021-05-01,000671
2021-05-01,000703
2021-05-01,000708
2021-05-01,000723
2021-05-01,000725
2021-05-01,000728
2021-05-01,000768
2021-05-01,000776
2021-05-01,000783
2021-05-01,000786
2021-05-01,000858
2021-05-01,000860
2021-05-01,000876
2021-05-01,000895
2021-05-01,000938
2021-05-01,000961
2021-05-01,000963
2021-05-01,000977
2021-05-01,001979
2021-05-01,002001
2021-05-01,002007
2021-05-01,002008
2021-05-01,002024
2021-05-01,002027
2021-05-01,002032
2021-05-01,002044
2021-05-01,002049
2021-05-01,002050
2021-05-01,002120
2021-05-01,002129
2021-05-01,002142
2021-05-01,002146
2021-05-01,002153
2021-05-01,002157
2021-05-01,002179
2021-05-01,002202
2021-05-01,002230
2021-05-01,002236
2021-05-01,002241
2021-05-01,002252
2021-05-01,002271
2021-05-01,002304
2021-05-01,002311
2021-05-01,002352
2021-05-01,002371
2021-05-01,002384
2021-05-01,002410
2021-05-01,002414
2021-05-01,002415
2021-05-01,002422
2021-05-01,002456
2021-05-01,002460
2021-05-01,002463
2021-05-01,002475
2021-05-01,002493
2021-05-01,002508
2021-05-01,002555
2021-05-01,002558
2021-05-01,002594
2021-05-01,002600
2021-05-01,002601
2021-05-01,002602
2021-05-01,002607
2021-05-01,002624
2021-05-01,002673
2021-05-01,002714
2021-05-01,002736
2021-05-01,002739
2021-05-01,002773
2021-05-01,002812
2021-05-01,002821
2021-05-01,002841
2021-05-01,002916
2021-05-01,002938
2021-05-01,002939
2021-05-01,002945
2021-05-01,002958
2021-05-01,003816
2021-05-01,300003
2021-05-01,300014
2021-05-01,300015
2021-05-01,300033
2021-05-01,300059
2021-05-01,300122
2021-05-01,300124
2021-05-01,300136
2021-05-01,300142
2021-05-01,300144
2021-05-01,300347
2021-05-01,300408
2021-05-01,300413
2021-05-01,300433
2021-05-01,300498
2021-05-01,300529
2021-05-01,300601
2021-05-01,300628
2021-05-01,300676
2021-06-01,600000
2021-06-01,600004
2021-06-01,600009
2021-06-01,600010
2021-06-01,600011
2021-06-01,600015
2021-06-01,600016
2021-06-01,600018
2021-06-01,600019
2021-06-01,600025
2021-06-01,600027
2021-06-01,600028
2021-06-01,600029
2021-06-01,600030
2021-06-01,600031
2021-06-01,600036
2021-06-01,600048
2021-06-01,600050
2021-06-01,600061
2021-06-01,600066
2021-06-01,600068
2021-06-01,600085
2021-06-01,600104
2021-06-01,600109
2021-06-01,600111
2021-06-01,600115
2021-06-01,600118
2021-06-01,600150
2021-06-01,600161
2021-06-01,600176
2021-06-01,600177
2021-06-01,600183
2021-06-01,600196
2021-06-01,600208
2021-06-01,600233
2021-06-01,600271
2021-06-01,600276
2021-06-01,600297
2021-06-01,600299
2021-06-01,600309
2021-06-01,600332
2021-06-01,600340
2021-06-01,600346
2021-06-01,600352
2021-06-01,600362
2021-06-01,600369
2021-06-01,600383
2021-06-01,600390
2021-06-01,600406
2021-06-01,600436
2021-06-01,600438
2021-06-01,600482
2021-06-01,600487
2021-06-01,600489
2021-06-01,600498
2021-06-01,600519
2021-06-01,600522
2021-06-01,600547
2021-06-01,600570
2021-06-01,600584
2021-06-01,600585
2021-06-01,600588
2021-06-01,600600
2021-06-01,600606
2021-06-01,600637
2021-06-01,600655
2021-06-01,600660
2021-06-01,600690
2021-06-01,600703
2021-06-01,600705
2021-06-01,600741
2021-06-01,600745
2021-06-01,600760
2021-06-01,600763
2021-06-01,600795
2021-06-01,600809
2021-06-01,600837
2021-06-01,600845
2021-06-01,600848
2021-06-01,600872
2021-06-01,600886
2021-06-01,600887
2021-06-01,600893
2021-06-01,600900
2021-06-01,600918
2021-06-01,600919
2021-06-01,600926
2021-06-01,600958
2021-06-01,600989
2021-06-01,600998
2021-06-01,600999
2021-06-01,601006
2021-06-01,601009
2021-06-01,601012
2021-06-01,601021
2021-06-01,601066
2021-06-01,601077
2021-06-01,601088
2021-06-01,601100
2021-06-01,601108
2021-06-01,601111
2021-06-01,601117
2021-06-01,601138
2021-06-01,601155
2021-06-01,601162
2021-06-01,601166
2021-06-01,601169
2021-06-01,601186
2021-06-01,601198
2021-06-01,601211
2021-06-01,601216
2021-06-01,601225
2021-06-01,601229
2021-06-01,601231
2021-06-01,601236
2021-06-01,601238
2021-06-01,601288
2021-06-01,601318
2021-06-01,601319
2021-06-01,601328
2021-06-01,601336
2021-06-01,601360
2021-06-01,601377
2021-06-01,601390
2021-06-01,601398
2021-06-01,601555
2021-06-01,601577
2021-06-01,601600
2021-06-01,601601
2021-06-01,601607
2021-06-01,601618
2021-06-01,601628
2021-06-01,601633
2021-06-01,601658
2021-06-01,601668
2021-06-01,601669
2021-06-01,601688
2021-06-01,601696
2021-06-01,601698
2021-06-01,601727
2021-06-01,601766
2021-06-01,601788
2021-06-01,601800
2021-06-01,601808
2021-06-01,601816
2021-06-01,601818
2021-06-01,601838
2021-06-01,601857
2021-06-01,601872
2021-06-01,601877
2021-06-01,601878
2021-06-01,601881
2021-06-01,601888
2021-06-01,601899
2021-06-01,601901
2021-06-01,601916
2021-06-01,601919
2021-06-01,601933
2021-06-01,601939
2021-06-01,601985
2021-06-01,601988
2021-06-01,601989
2021-06-01,601990
2021-06-01,601998
2021-06-01,603019
2021-06-01,603087
2021-06-01,603156
2021-06-01,603160
2021-06-01,603195
2021-06-01,603259
2021-06-01,603288
2021-06-01,603369
2021-06-01,603392
2021-06-01,603501
2021-06-01,603658
2021-06-01,603799
2021-06-01,603833
2021-06-01,603899
2021-06-01,603986
2021-06-01,603993
2021-06-01,688008
2021-06-01,688009
2021-06-01,688012
2021-06-01,688036
2021-06-01,000001
2021-06-01,000002
2021-06-01,000063
2021-06-01,000066
2021-06-01,000069
2021-06-01,000100
2021-06-01,000157
2021-06-01,000166
2021-06-01,000333
2021-06-01,000338
2021-06-01,000425
2021-06-01,000538
2021-06-01,000568
2021-06-01,000596
2021-06-01,000625
2021-06-01,000627
2021-06-01,000651
2021-06-01,000656
2021-06-01,000661
2021-06-01,000671
2021-06-01,000703
2021-06-01,000708
2021-06-01,000723
2021-06-01,000725
2021-06-01,000728
2021-06-01,000768
2021-06-01,000776
2021-06-01,000783
2021-06-01,000786
2021-06-01,000858
2021-06-01,000860
2021-06-01,000876
2021-06-01,000895
2021-06-01,000938
2021-06-01,000961
2021-06-01,000963
2021-06-01,000977
2021-06-01,001979
2021-06-01,002001
2021-06-01,002007
2021-06-01,002008
2021-06-01,002024
2021-06-01,002027
2021-06-01,002032
2021-06-01,002044
2021-06-01,002049
2021-06-01,002050
2021-06-01,002120
2021-06-01,002129
2021-06-01,002142
2021-06-01,002146
2021-06-01,002153
2021-06-01,002157
2021-06-01,002179
2021-06-01,002202
2021-06-01,002230
2021-06-01,002236
2021-06-01,002241
2021-06-01,002252
2021-06-01,002271
2021-06-01,002304
2021-06-01,002311
2021-06-01,002352
2021-06-01,002371
2021-06-01,002384
2021-06-01,002410
2021-06-01,002414
2021-06-01,002415
2021-06-01,002422
2021-06-01,002456
2021-06-01,002460
2021-06-01,002463
2021-06-01,002475
2021-06-01,002493
2021-06-01,002508
2021-06-01,002555
2021-06-01,002558
2021-06-01,002594
2021-06-01,002600
2021-06-01,002601
2021-06-01,002602
2021-06-01,002607
2021-06-01,002624
2021-06-01,002673
2021-06-01,002714
2021-06-01,002736
2021-06-01,002739
2021-06-01,002773
2021-06-01,002812
2021-06-01,002821
2021-06-01,002841
2021-06-01,002916
2021-06-01,002938
2021-06-01,002939
2021-06-01,002945
2021-06-01,002958
2021-06-01,003816
2021-06-01,300003
2021-06-01,300014
2021-06-01,300015
2021-06-01,300033
2021-06-01,300059
2021-06-01,300122
2021-06-01,300124
2021-06-01,300136
2021-06-01,300142
2021-06-01,300144
2021-06-01,300347
2021-06-01,300408
2021-06-01,300413
2021-06-01,300433
2021-06-01,300498
2021-06-01,300529
2021-06-01,300601
2021-06-01,300628
2021-06-01,300676
2021-07-01,600000
2021-07-01,600004
2021-07-01,600009
2021-07-01,600010
2021-07-01,600011
2021-07-01,600015
2021-07-01,600016
2021-07-01,600018
2021-07-01,600019
2021-07-01,600025
2021-07-01,600027
2021-07-01,600028
2021-07-01,600029
2021-07-01,600030
2021-07-01,600031
2021-07-01,600036
2021-07-01,600048
2021-07-01,600050
2021-07-01,600061
2021-07-01,600066
2021-07-01,600068
2021-07-01,600085
2021-07-01,600104
2021-07-01,600109
2021-07-01,600111
2021-07-01,600115
2021-07-01,600118
2021-07-01,600150
2021-07-01,600161
2021-07-01,600176
2021-07-01,600177
2021-07-01,600183
2021-07-01,600196
2021-07-01,600208
2021-07-01,600233
2021-07-01,600271
2021-07-01,600276
2021-07-01,600297
2021-07-01,600299
2021-07-01,600309
2021-07-01,600332
2021-07-01,600340
2021-07-01,600346
2021-07-01,600352
2021-07-01,600362
2021-07-01,600369
2021-07-01,600383
2021-07-01,600390
2021-07-01,600406
2021-07-01,600436
2021-07-01,600438
2021-07-01,600482
2021-07-01,600487
2021-07-01,600489
2021-07-01,600498
2021-07-01,600519
2021-07-01,600522
2021-07-01,600547
2021-07-01,600570
2021-07-01,600584
2021-07-01,600585
2021-07-01,600588
2021-07-01,600600
2021-07-01,600606
2021-07-01,600637
2021-07-01,600655
2021-07-01,600660
2021-07-01,600690
2021-07-01,600703
2021-07-01,600705
2021-07-01,600741
2021-07-01,600745
2021-07-01,600760
2021-07-01,600763
2021-07-01,600795
2021-07-01,600809
2021-07-01,600837
2021-07-01,600845
2021-07-01,600848
2021-07-01,600872
2021-07-01,600886
2021-07-01,600887
2021-07-01,600893
2021-07-01,600900
2021-07-01,600918
2021-07-01,600919
2021-07-01,600926
2021-07-01,600958
2021-07-01,600989
2021-07-01,600998
2021-07-01,600999
2021-07-01,601006
2021-07-01,601009
2021-07-01,601012
2021-07-01,601021
2021-07-01,601066
2021-07-01,601077
2021-07-01,601088
2021-07-01,601100
2021-07-01,601108
2021-07-01,601111
2021-07-01,601117
2021-07-01,601138
2021-07-01,601155
2021-07-01,601162
2021-07-01,601166
2021-07-01,601169
2021-07-01,601186
2021-07-01,601198
2021-07-01,601211
2021-07-01,601216
2021-07-01,601225
2021-07-01,601229
2021-07-01,601231
2021-07-01,601236
2021-07-01,601238
2021-07-01,601288
2021-07-01,601318
2021-07-01,601319
2021-07-01,601328
2021-07-01,601336
2021-07-01,601360
2021-07-01,601377
2021-07-01,601390
2021-07-01,601398
2021-07-01,601555
2021-07-01,601577
2021-07-01,601600
2021-07-01,601601
2021-07-01,601607
2021-07-01,601618
2021-07-01,601628
2021-07-01,601633
2021-07-01,601658
2021-07-01,601668
2021-07-01,601669
2021-07-01,601688
2021-07-01,601696
2021-07-01,601698
2021-07-01,601727
2021-07-01,601766
2021-07-01,601788
2021-07-01,601800
2021-07-01,601808
2021-07-01,601816
2021-07-01,601818
2021-07-01,601838
2021-07-01,601857
2021-07-01,601872
2021-07-01,601877
2021-07-01,601878
2021-07-01,601881
2021-07-01,601888
2021-07-01,601899
2021-07-01,601901
2021-07-01,601916
2021-07-01,601919
2021-07-01,601933
2021-07-01,601939
2021-07-01,601985
2021-07-01,601988
2021-07-01,601989
2021-07-01,601990
2021-07-01,601998
2021-07-01,603019
2021-07-01,603087
2021-07-01,603156
2021-07-01,603160
2021-07-01,603195
2021-07-01,603259
2021-07-01,603288
2021-07-01,603369
2021-07-01,603392
2021-07-01,603501
2021-07-01,603658
2021-07-01,603799
2021-07-01,603833
2021-07-01,603899
2021-07-01,603986
2021-07-01,603993
2021-07-01,688008
2021-07-01,688009
2021-07-01,688012
2021-07-01,688036
2021-07-01,000001
2021-07-01,000002
2021-07-01,000063
2021-07-01,000066
2021-07-01,000069
2021-07-01,000100
2021-07-01,000157
2021-07-01,000166
2021-07-01,000333
2021-07-01,000338
2021-07-01,000425
2021-07-01,000538
2021-07-01,000568
2021-07-01,000596
2021-07-01,000625
2021-07-01,000627
2021-07-01,000651
2021-07-01,000656
2021-07-01,000661
2021-07-01,000671
2021-07-01,000703
2021-07-01,000708
2021-07-01,000723
2021-07-01,000725
2021-07-01,000728
2021-07-01,000768
2021-07-01,000776
2021-07-01,000783
2021-07-01,000786
2021-07-01,000858
2021-07-01,000860
2021-07-01,000876
2021-07-01,000895
2021-07-01,000938
2021-07-01,000961
2021-07-01,000963
2021-07-01,000977
2021-07-01,001979
2021-07-01,002001
2021-07-01,002007
2021-07-01,002008
2021-07-01,002024
2021-07-01,002027
2021-07-01,002032
2021-07-01,002044
2021-07-01,002049
2021-07-01,002050
2021-07-01,002120
2021-07-01,002129
2021-07-01,002142
2021-07-01,002146
2021-07-01,002153
2021-07-01,002157
2021-07-01,002179
2021-07-01,002202
2021-07-01,002230
2021-07-01,002236
2021-07-01,002241
2021-07-01,002252
2021-07-01,002271
2021-07-01,002304
2021-07-01,002311
2021-07-01,002352
2021-07-01,002371
2021-07-01,002384
2021-07-01,002410
2021-07-01,002414
2021-07-01,002415
2021-07-01,002422
2021-07-01,002456
2021-07-01,002460
2021-07-01,002463
2021-07-01,002475
2021-07-01,002493
2021-07-01,002508
2021-07-01,002555
2021-07-01,002558
2021-07-01,002594
2021-07-01,002600
2021-07-01,002601
2021-07-01,002602
2021-07-01,002607
2021-07-01,002624
2021-07-01,002673
2021-07-01,002714
2021-07-01,002736
2021-07-01,002739
2021-07-01,002773
2021-07-01,002812
2021-07-01,002821
2021-07-01,002841
2021-07-01,002916
2021-07-01,002938
2021-07-01,002939
2021-07-01,002945
2021-07-01,002958
2021-07-01,003816
2021-07-01,300003
2021-07-01,300014
2021-07-01,300015
2021-07-01,300033
2021-07-01,300059
2021-07-01,300122
2021-07-01,300124
2021-07-01,300136
2021-07-01,300142
2021-07-01,300144
2021-07-01,300347
2021-07-01,300408
2021-07-01,300413
2021-07-01,300433
2021-07-01,300498
2021-07-01,300529
2021-07-01,300601
2021-07-01,300628
2021-07-01,300676
2021-08-01,600000
2021-08-01,600009
2021-08-01,600010
2021-08-01,600011
2021-08-01,600015
2021-08-01,600016
2021-08-01,600018
2021-08-01,600019
2021-08-01,600025
2021-08-01,600028
2021-08-01,600029
2021-08-01,600030
2021-08-01,600031
2021-08-01,600036
2021-08-01,600048
2021-08-01,600050
2021-08-01,600061
2021-08-01,600079
2021-08-01,600085
2021-08-01,600104
2021-08-01,600109
2021-08-01,600111
2021-08-01,600115
2021-08-01,600118
2021-08-01,600132
2021-08-01,600143
2021-08-01,600150
2021-08-01,600161
2021-08-01,600176
2021-08-01,600183
2021-08-01,600196
2021-08-01,600233
2021-08-01,600276
2021-08-01,600299
2021-08-01,600309
2021-08-01,600332
2021-08-01,600340
2021-08-01,600346
2021-08-01,600352
2021-08-01,600362
2021-08-01,600383
2021-08-01,600406
2021-08-01,600426
2021-08-01,600436
2021-08-01,600438
2021-08-01,600482
2021-08-01,600489
2021-08-01,600519
2021-08-01,600521
2021-08-01,600522
2021-08-01,600547
2021-08-01,600570
2021-08-01,600584
2021-08-01,600585
2021-08-01,600588
2021-08-01,600600
2021-08-01,600606
2021-08-01,600655
2021-08-01,600660
2021-08-01,600690
2021-08-01,600703
2021-08-01,600705
2021-08-01,600741
2021-08-01,600745
2021-08-01,600760
2021-08-01,600763
2021-08-01,600795
2021-08-01,600809
2021-08-01,600837
2021-08-01,600845
2021-08-01,600848
2021-08-01,600872
2021-08-01,600886
2021-08-01,600887
2021-08-01,600893
2021-08-01,600900
2021-08-01,600918
2021-08-01,600919
2021-08-01,600926
2021-08-01,600958
2021-08-01,600989
2021-08-01,600999
2021-08-01,601006
2021-08-01,601009
2021-08-01,601012
2021-08-01,601021
2021-08-01,601066
2021-08-01,601077
2021-08-01,601088
2021-08-01,601100
2021-08-01,601108
2021-08-01,601111
2021-08-01,601138
2021-08-01,601155
2021-08-01,601162
2021-08-01,601166
2021-08-01,601169
2021-08-01,601186
2021-08-01,601211
2021-08-01,601216
2021-08-01,601225
2021-08-01,601229
2021-08-01,601231
2021-08-01,601236
2021-08-01,601238
2021-08-01,601288
2021-08-01,601318
2021-08-01,601319
2021-08-01,601328
2021-08-01,601336
2021-08-01,601360
2021-08-01,601377
2021-08-01,601390
2021-08-01,601398
2021-08-01,601555
2021-08-01,601600
2021-08-01,601601
2021-08-01,601607
2021-08-01,601618
2021-08-01,601628
2021-08-01,601633
2021-08-01,601658
2021-08-01,601668
2021-08-01,601669
2021-08-01,601688
2021-08-01,601696
2021-08-01,601698
2021-08-01,601727
2021-08-01,601766
2021-08-01,601788
2021-08-01,601799
2021-08-01,601800
2021-08-01,601808
2021-08-01,601816
2021-08-01,601818
2021-08-01,601838
2021-08-01,601857
2021-08-01,601872
2021-08-01,601877
2021-08-01,601878
2021-08-01,601881
2021-08-01,601888
2021-08-01,601899
2021-08-01,601901
2021-08-01,601916
2021-08-01,601919
2021-08-01,601933
2021-08-01,601939
2021-08-01,601985
2021-08-01,601988
2021-08-01,601989
2021-08-01,601990
2021-08-01,601995
2021-08-01,601998
2021-08-01,603019
2021-08-01,603087
2021-08-01,603160
2021-08-01,603195
2021-08-01,603233
2021-08-01,603259
2021-08-01,603288
2021-08-01,603338
2021-08-01,603369
2021-08-01,603392
2021-08-01,603501
2021-08-01,603517
2021-08-01,603658
2021-08-01,603659
2021-08-01,603799
2021-08-01,603806
2021-08-01,603833
2021-08-01,603882
2021-08-01,603899
2021-08-01,603939
2021-08-01,603986
2021-08-01,603993
2021-08-01,688008
2021-08-01,688009
2021-08-01,688012
2021-08-01,688036
2021-08-01,688111
2021-08-01,688126
2021-08-01,688169
2021-08-01,688363
2021-08-01,688396
2021-08-01,000001
2021-08-01,000002
2021-08-01,000063
2021-08-01,000066
2021-08-01,000069
2021-08-01,000100
2021-08-01,000157
2021-08-01,000166
2021-08-01,000333
2021-08-01,000338
2021-08-01,000425
2021-08-01,000538
2021-08-01,000568
2021-08-01,000596
2021-08-01,000625
2021-08-01,000651
2021-08-01,000656
2021-08-01,000661
2021-08-01,000703
2021-08-01,000708
2021-08-01,000725
2021-08-01,000728
2021-08-01,000768
2021-08-01,000776
2021-08-01,000783
2021-08-01,000786
2021-08-01,000800
2021-08-01,000858
2021-08-01,000860
2021-08-01,000876
2021-08-01,000895
2021-08-01,000938
2021-08-01,000963
2021-08-01,000977
2021-08-01,001979
2021-08-01,002001
2021-08-01,002007
2021-08-01,002008
2021-08-01,002024
2021-08-01,002027
2021-08-01,002032
2021-08-01,002044
2021-08-01,002049
2021-08-01,002050
2021-08-01,002120
2021-08-01,002129
2021-08-01,002142
2021-08-01,002153
2021-08-01,002157
2021-08-01,002179
2021-08-01,002202
2021-08-01,002230
2021-08-01,002236
2021-08-01,002241
2021-08-01,002252
2021-08-01,002271
2021-08-01,002304
2021-08-01,002311
2021-08-01,002352
2021-08-01,002371
2021-08-01,002384
2021-08-01,002410
2021-08-01,002414
2021-08-01,002415
2021-08-01,002456
2021-08-01,002460
2021-08-01,002463
2021-08-01,002475
2021-08-01,002493
2021-08-01,002508
2021-08-01,002555
2021-08-01,002558
2021-08-01,002594
2021-08-01,002600
2021-08-01,002601
2021-08-01,002602
2021-08-01,002607
2021-08-01,002624
2021-08-01,002673
2021-08-01,002714
2021-08-01,002736
2021-08-01,002739
2021-08-01,002773
2021-08-01,002812
2021-08-01,002821
2021-08-01,002841
2021-08-01,002916
2021-08-01,002938
2021-08-01,002939
2021-08-01,002945
2021-08-01,003816
2021-08-01,300003
2021-08-01,300014
2021-08-01,300015
2021-08-01,300033
2021-08-01,300059
2021-08-01,300122
2021-08-01,300124
2021-08-01,300136
2021-08-01,300142
2021-08-01,300144
2021-08-01,300274
2021-08-01,300347
2021-08-01,300408
2021-08-01,300413
2021-08-01,300433
2021-08-01,300450
2021-08-01,300498
2021-08-01,300529
2021-08-01,300558
2021-08-01,300595
2021-08-01,300601
2021-08-01,300628
2021-08-01,300676
2021-08-01,300677
2021-09-01,600000
2021-09-01,600009
2021-09-01,600010
2021-09-01,600011
2021-09-01,600015
2021-09-01,600016
2021-09-01,600018
2021-09-01,600019
2021-09-01,600025
2021-09-01,600028
2021-09-01,600029
2021-09-01,600030
2021-09-01,600031
2021-09-01,600036
2021-09-01,600048
2021-09-01,600050
2021-09-01,600061
2021-09-01,600079
2021-09-01,600085
2021-09-01,600104
2021-09-01,600109
2021-09-01,600111
2021-09-01,600115
2021-09-01,600118
2021-09-01,600132
2021-09-01,600143
2021-09-01,600150
2021-09-01,600161
2021-09-01,600176
2021-09-01,600183
2021-09-01,600196
2021-09-01,600233
2021-09-01,600276
2021-09-01,600299
2021-09-01,600309
2021-09-01,600332
2021-09-01,600340
2021-09-01,600346
2021-09-01,600352
2021-09-01,600362
2021-09-01,600383
2021-09-01,600406
2021-09-01,600426
2021-09-01,600436
2021-09-01,600438
2021-09-01,600482
2021-09-01,600489
2021-09-01,600519
2021-09-01,600521
2021-09-01,600522
2021-09-01,600547
2021-09-01,600570
2021-09-01,600584
2021-09-01,600585
2021-09-01,600588
2021-09-01,600600
2021-09-01,600606
2021-09-01,600655
2021-09-01,600660
2021-09-01,600690
2021-09-01,600703
2021-09-01,600705
2021-09-01,600741
2021-09-01,600745
2021-09-01,600760
2021-09-01,600763
2021-09-01,600795
2021-09-01,600809
2021-09-01,600837
2021-09-01,600845
2021-09-01,600848
2021-09-01,600872
2021-09-01,600886
2021-09-01,600887
2021-09-01,600893
2021-09-01,600900
2021-09-01,600918
2021-09-01,600919
2021-09-01,600926
2021-09-01,600958
2021-09-01,600989
2021-09-01,600999
2021-09-01,601006
2021-09-01,601009
2021-09-01,601012
2021-09-01,601021
2021-09-01,601066
2021-09-01,601077
2021-09-01,601088
2021-09-01,601100
2021-09-01,601108
2021-09-01,601111
2021-09-01,601138
2021-09-01,601155
2021-09-01,601162
2021-09-01,601166
2021-09-01,601169
2021-09-01,601186
2021-09-01,601211
2021-09-01,601216
2021-09-01,601225
2021-09-01,601229
2021-09-01,601231
2021-09-01,601236
2021-09-01,601238
2021-09-01,601288
2021-09-01,601318
2021-09-01,601319
2021-09-01,601328
2021-09-01,601336
2021-09-01,601360
2021-09-01,601377
2021-09-01,601390
2021-09-01,601398
2021-09-01,601555
2021-09-01,601600
2021-09-01,601601
2021-09-01,601607
2021-09-01,601618
2021-09-01,601628
2021-09-01,601633
2021-09-01,601658
2021-09-01,601668
2021-09-01,601669
2021-09-01,601688
2021-09-01,601696
2021-09-01,601698
2021-09-01,601727
2021-09-01,601766
2021-09-01,601788
2021-09-01,601799
2021-09-01,601800
2021-09-01,601808
2021-09-01,601816
2021-09-01,601818
2021-09-01,601838
2021-09-01,601857
2021-09-01,601872
2021-09-01,601877
2021-09-01,601878
2021-09-01,601881
2021-09-01,601888
2021-09-01,601899
2021-09-01,601901
2021-09-01,601916
2021-09-01,601919
2021-09-01,601933
2021-09-01,601939
2021-09-01,601985
2021-09-01,601988
2021-09-01,601989
2021-09-01,601990
2021-09-01,601995
2021-09-01,601998
2021-09-01,603019
2021-09-01,603087
2021-09-01,603160
2021-09-01,603195
2021-09-01,603233
2021-09-01,603259
2021-09-01,603288
2021-09-01,603338
2021-09-01,603369
2021-09-01,603392
2021-09-01,603501
2021-09-01,603517
2021-09-01,603658
2021-09-01,603659
2021-09-01,603799
2021-09-01,603806
2021-09-01,603833
2021-09-01,603882
2021-09-01,603899
2021-09-01,603939
2021-09-01,603986
2021-09-01,603993
2021-09-01,688008
2021-09-01,688009
2021-09-01,688012
2021-09-01,688036
2021-09-01,688111
2021-09-01,688126
2021-09-01,688169
2021-09-01,688363
2021-09-01,688396
2021-09-01,000001
2021-09-01,000002
2021-09-01,000063
2021-09-01,000066
2021-09-01,000069
2021-09-01,000100
2021-09-01,000157
2021-09-01,000166
2021-09-01,000333
2021-09-01,000338
2021-09-01,000425
2021-09-01,000538
2021-09-01,000568
2021-09-01,000596
2021-09-01,000625
2021-09-01,000651
2021-09-01,000656
2021-09-01,000661
2021-09-01,000703
2021-09-01,000708
2021-09-01,000725
2021-09-01,000728
2021-09-01,000768
2021-09-01,000776
2021-09-01,000783
2021-09-01,000786
2021-09-01,000800
2021-09-01,000858
2021-09-01,000860
2021-09-01,000876
2021-09-01,000895
2021-09-01,000938
2021-09-01,000963
2021-09-01,000977
2021-09-01,001979
2021-09-01,002001
2021-09-01,002007
2021-09-01,002008
2021-09-01,002024
2021-09-01,002027
2021-09-01,002032
2021-09-01,002044
2021-09-01,002049
2021-09-01,002050
2021-09-01,002120
2021-09-01,002129
2021-09-01,002142
2021-09-01,002153
2021-09-01,002157
2021-09-01,002179
2021-09-01,002202
2021-09-01,002230
2021-09-01,002236
2021-09-01,002241
2021-09-01,002252
2021-09-01,002271
2021-09-01,002304
2021-09-01,002311
2021-09-01,002352
2021-09-01,002371
2021-09-01,002384
2021-09-01,002410
2021-09-01,002414
2021-09-01,002415
2021-09-01,002456
2021-09-01,002460
2021-09-01,002463
2021-09-01,002475
2021-09-01,002493
2021-09-01,002508
2021-09-01,002555
2021-09-01,002558
2021-09-01,002594
2021-09-01,002600
2021-09-01,002601
2021-09-01,002602
2021-09-01,002607
2021-09-01,002624
2021-09-01,002673
2021-09-01,002714
2021-09-01,002736
2021-09-01,002739
2021-09-01,002773
2021-09-01,002812
2021-09-01,002821
2021-09-01,002841
2021-09-01,002916
2021-09-01,002938
2021-09-01,002939
2021-09-01,002945
2021-09-01,003816
2021-09-01,300003
2021-09-01,300014
2021-09-01,300015
2021-09-01,300033
2021-09-01,300059
2021-09-01,300122
2021-09-01,300124
2021-09-01,300136
2021-09-01,300142
2021-09-01,300144
2021-09-01,300274
2021-09-01,300347
2021-09-01,300408
2021-09-01,300413
2021-09-01,300433
2021-09-01,300450
2021-09-01,300498
2021-09-01,300529
2021-09-01,300558
2021-09-01,300595
2021-09-01,300601
2021-09-01,300628
2021-09-01,300676
2021-09-01,300677
2021-10-01,600000
2021-10-01,600009
2021-10-01,600010
2021-10-01,600011
2021-10-01,600015
2021-10-01,600016
2021-10-01,600018
2021-10-01,600019
2021-10-01,600025
2021-10-01,600028
2021-10-01,600029
2021-10-01,600030
2021-10-01,600031
2021-10-01,600036
2021-10-01,600048
2021-10-01,600050
2021-10-01,600061
2021-10-01,600079
2021-10-01,600085
2021-10-01,600104
2021-10-01,600109
2021-10-01,600111
2021-10-01,600115
2021-10-01,600118
2021-10-01,600132
2021-10-01,600143
2021-10-01,600150
2021-10-01,600161
2021-10-01,600176
2021-10-01,600183
2021-10-01,600196
2021-10-01,600233
2021-10-01,600276
2021-10-01,600299
2021-10-01,600309
2021-10-01,600332
2021-10-01,600340
2021-10-01,600346
2021-10-01,600352
2021-10-01,600362
2021-10-01,600383
2021-10-01,600406
2021-10-01,600426
2021-10-01,600436
2021-10-01,600438
2021-10-01,600482
2021-10-01,600489
2021-10-01,600519
2021-10-01,600521
2021-10-01,600522
2021-10-01,600547
2021-10-01,600570
2021-10-01,600584
2021-10-01,600585
2021-10-01,600588
2021-10-01,600600
2021-10-01,600606
2021-10-01,600655
2021-10-01,600660
2021-10-01,600690
2021-10-01,600703
2021-10-01,600705
2021-10-01,600741
2021-10-01,600745
2021-10-01,600760
2021-10-01,600763
2021-10-01,600795
2021-10-01,600809
2021-10-01,600837
2021-10-01,600845
2021-10-01,600848
2021-10-01,600872
2021-10-01,600886
2021-10-01,600887
2021-10-01,600893
2021-10-01,600900
2021-10-01,600918
2021-10-01,600919
2021-10-01,600926
2021-10-01,600958
2021-10-01,600989
2021-10-01,600999
2021-10-01,601006
2021-10-01,601009
2021-10-01,601012
2021-10-01,601021
2021-10-01,601066
2021-10-01,601077
2021-10-01,601088
2021-10-01,601100
2021-10-01,601108
2021-10-01,601111
2021-10-01,601138
2021-10-01,601155
2021-10-01,601162
2021-10-01,601166
2021-10-01,601169
2021-10-01,601186
2021-10-01,601211
2021-10-01,601216
2021-10-01,601225
2021-10-01,601229
2021-10-01,601231
2021-10-01,601236
2021-10-01,601238
2021-10-01,601288
2021-10-01,601318
2021-10-01,601319
2021-10-01,601328
2021-10-01,601336
2021-10-01,601360
2021-10-01,601377
2021-10-01,601390
2021-10-01,601398
2021-10-01,601555
2021-10-01,601600
2021-10-01,601601
2021-10-01,601607
2021-10-01,601618
2021-10-01,601628
2021-10-01,601633
2021-10-01,601658
2021-10-01,601668
2021-10-01,601669
2021-10-01,601688
2021-10-01,601696
2021-10-01,601698
2021-10-01,601727
2021-10-01,601766
2021-10-01,601788
2021-10-01,601799
2021-10-01,601800
2021-10-01,601808
2021-10-01,601816
2021-10-01,601818
2021-10-01,601838
2021-10-01,601857
2021-10-01,601872
2021-10-01,601877
2021-10-01,601878
2021-10-01,601881
2021-10-01,601888
2021-10-01,601899
2021-10-01,601901
2021-10-01,601916
2021-10-01,601919
2021-10-01,601933
2021-10-01,601939
2021-10-01,601985
2021-10-01,601988
2021-10-01,601989
2021-10-01,601990
2021-10-01,601995
2021-10-01,601998
2021-10-01,603019
2021-10-01,603087
2021-10-01,603160
2021-10-01,603195
2021-10-01,603233
2021-10-01,603259
2021-10-01,603288
2021-10-01,603338
2021-10-01,603369
2021-10-01,603392
2021-10-01,603501
2021-10-01,603517
2021-10-01,603658
2021-10-01,603659
2021-10-01,603799
2021-10-01,603806
2021-10-01,603833
2021-10-01,603882
2021-10-01,603899
2021-10-01,603939
2021-10-01,603986
2021-10-01,603993
2021-10-01,688008
2021-10-01,688009
2021-10-01,688012
2021-10-01,688036
2021-10-01,688111
2021-10-01,688126
2021-10-01,688169
2021-10-01,688363
2021-10-01,688396
2021-10-01,000001
2021-10-01,000002
2021-10-01,000063
2021-10-01,000066
2021-10-01,000069
2021-10-01,000100
2021-10-01,000157
2021-10-01,000166
2021-10-01,000333
2021-10-01,000338
2021-10-01,000425
2021-10-01,000538
2021-10-01,000568
2021-10-01,000596
2021-10-01,000625
2021-10-01,000651
2021-10-01,000656
2021-10-01,000661
2021-10-01,000703
2021-10-01,000708
2021-10-01,000725
2021-10-01,000728
2021-10-01,000768
2021-10-01,000776
2021-10-01,000783
2021-10-01,000786
2021-10-01,000800
2021-10-01,000858
2021-10-01,000860
2021-10-01,000876
2021-10-01,000895
2021-10-01,000938
2021-10-01,000963
2021-10-01,000977
2021-10-01,001979
2021-10-01,002001
2021-10-01,002007
2021-10-01,002008
2021-10-01,002024
2021-10-01,002027
2021-10-01,002032
2021-10-01,002044
2021-10-01,002049
2021-10-01,002050
2021-10-01,002120
2021-10-01,002129
2021-10-01,002142
2021-10-01,002153
2021-10-01,002157
2021-10-01,002179
2021-10-01,002202
2021-10-01,002230
2021-10-01,002236
2021-10-01,002241
2021-10-01,002252
2021-10-01,002271
2021-10-01,002304
2021-10-01,002311
2021-10-01,002352
2021-10-01,002371
2021-10-01,002384
2021-10-01,002410
2021-10-01,002414
2021-10-01,002415
2021-10-01,002456
2021-10-01,002460
2021-10-01,002463
2021-10-01,002475
2021-10-01,002493
2021-10-01,002508
2021-10-01,002555
2021-10-01,002558
2021-10-01,002594
2021-10-01,002600
2021-10-01,002601
2021-10-01,002602
2021-10-01,002607
2021-10-01,002624
2021-10-01,002673
2021-10-01,002714
2021-10-01,002736
2021-10-01,002739
2021-10-01,002773
2021-10-01,002812
2021-10-01,002821
2021-10-01,002841
2021-10-01,002916
2021-10-01,002938
2021-10-01,002939
2021-10-01,002945
2021-10-01,003816
2021-10-01,300003
2021-10-01,300014
2021-10-01,300015
2021-10-01,300033
2021-10-01,300059
2021-10-01,300122
2021-10-01,300124
2021-10-01,300136
2021-10-01,300142
2021-10-01,300144
2021-10-01,300274
2021-10-01,300347
2021-10-01,300408
2021-10-01,300413
2021-10-01,300433
2021-10-01,300450
2021-10-01,300498
2021-10-01,300529
2021-10-01,300558
2021-10-01,300595
2021-10-01,300601
2021-10-01,300628
2021-10-01,300676
2021-10-01,300677
2021-11-01,600000
2021-11-01,600009
2021-11-01,600010
2021-11-01,600011
2021-11-01,600015
2021-11-01,600016
2021-11-01,600018
2021-11-01,600019
2021-11-01,600025
2021-11-01,600028
2021-11-01,600029
2021-11-01,600030
2021-11-01,600031
2021-11-01,600036
2021-11-01,600048
2021-11-01,600050
2021-11-01,600061
2021-11-01,600079
2021-11-01,600085
2021-11-01,600104
2021-11-01,600109
2021-11-01,600111
2021-11-01,600115
2021-11-01,600118
2021-11-01,600132
2021-11-01,600143
2021-11-01,600150
2021-11-01,600161
2021-11-01,600176
2021-11-01,600183
2021-11-01,600196
2021-11-01,600233
2021-11-01,600276
2021-11-01,600299
2021-11-01,600309
2021-11-01,600332
2021-11-01,600340
2021-11-01,600346
2021-11-01,600352
2021-11-01,600362
2021-11-01,600383
2021-11-01,600406
2021-11-01,600426
2021-11-01,600436
2021-11-01,600438
2021-11-01,600482
2021-11-01,600489
2021-11-01,600519
2021-11-01,600521
2021-11-01,600522
2021-11-01,600547
2021-11-01,600570
2021-11-01,600584
2021-11-01,600585
2021-11-01,600588
2021-11-01,600600
2021-11-01,600606
2021-11-01,600655
2021-11-01,600660
2021-11-01,600690
2021-11-01,600703
2021-11-01,600705
2021-11-01,600741
2021-11-01,600745
2021-11-01,600760
2021-11-01,600763
2021-11-01,600795
2021-11-01,600809
2021-11-01,600837
2021-11-01,600845
2021-11-01,600848
2021-11-01,600872
2021-11-01,600886
2021-11-01,600887
2021-11-01,600893
2021-11-01,600900
2021-11-01,600918
2021-11-01,600919
2021-11-01,600926
2021-11-01,600958
2021-11-01,600989
2021-11-01,600999
2021-11-01,601006
2021-11-01,601009
2021-11-01,601012
2021-11-01,601021
2021-11-01,601066
2021-11-01,601077
2021-11-01,601088
2021-11-01,601100
2021-11-01,601108
2021-11-01,601111
2021-11-01,601138
2021-11-01,601155
2021-11-01,601162
2021-11-01,601166
2021-11-01,601169
2021-11-01,601186
2021-11-01,601211
2021-11-01,601216
2021-11-01,601225
2021-11-01,601229
2021-11-01,601231
2021-11-01,601236
2021-11-01,601238
2021-11-01,601288
2021-11-01,601318
2021-11-01,601319
2021-11-01,601328
2021-11-01,601336
2021-11-01,601360
2021-11-01,601377
2021-11-01,601390
2021-11-01,601398
2021-11-01,601555
2021-11-01,601600
2021-11-01,601601
2021-11-01,601607
2021-11-01,601618
2021-11-01,601628
2021-11-01,601633
2021-11-01,601658
2021-11-01,601668
2021-11-01,601669
2021-11-01,601688
2021-11-01,601696
2021-11-01,601698
2021-11-01,601727
2021-11-01,601766
2021-11-01,601788
2021-11-01,601799
2021-11-01,601800
2021-11-01,601808
2021-11-01,601816
2021-11-01,601818
2021-11-01,601838
2021-11-01,601857
2021-11-01,601872
2021-11-01,601877
2021-11-01,601878
2021-11-01,601881
2021-11-01,601888
2021-11-01,601899
2021-11-01,601901
2021-11-01,601916
2021-11-01,601919
2021-11-01,601933
2021-11-01,601939
2021-11-01,601985
2021-11-01,601988
2021-11-01,601989
2021-11-01,601990
2021-11-01,601995
2021-11-01,601998
2021-11-01,603019
2021-11-01,603087
2021-11-01,603160
2021-11-01,603195
2021-11-01,603233
2021-11-01,603259
2021-11-01,603288
2021-11-01,603338
2021-11-01,603369
2021-11-01,603392
2021-11-01,603501
2021-11-01,603517
2021-11-01,603658
2021-11-01,603659
2021-11-01,603799
2021-11-01,603806
2021-11-01,603833
2021-11-01,603882
2021-11-01,603899
2021-11-01,603939
2021-11-01,603986
2021-11-01,603993
2021-11-01,688008
2021-11-01,688009
2021-11-01,688012
2021-11-01,688036
2021-11-01,688111
2021-11-01,688126
2021-11-01,688169
2021-11-01,688363
2021-11-01,688396
2021-11-01,000001
2021-11-01,000002
2021-11-01,000063
2021-11-01,000066
2021-11-01,000069
2021-11-01,000100
2021-11-01,000157
2021-11-01,000166
2021-11-01,000333
2021-11-01,000338
2021-11-01,000425
2021-11-01,000538
2021-11-01,000568
2021-11-01,000596
2021-11-01,000625
2021-11-01,000651
2021-11-01,000656
2021-11-01,000661
2021-11-01,000703
2021-11-01,000708
2021-11-01,000725
2021-11-01,000728
2021-11-01,000768
2021-11-01,000776
2021-11-01,000783
2021-11-01,000786
2021-11-01,000800
2021-11-01,000858
2021-11-01,000860
2021-11-01,000876
2021-11-01,000895
2021-11-01,000938
2021-11-01,000963
2021-11-01,000977
2021-11-01,001979
2021-11-01,002001
2021-11-01,002007
2021-11-01,002008
2021-11-01,002024
2021-11-01,002027
2021-11-01,002032
2021-11-01,002044
2021-11-01,002049
2021-11-01,002050
2021-11-01,002120
2021-11-01,002129
2021-11-01,002142
2021-11-01,002153
2021-11-01,002157
2021-11-01,002179
2021-11-01,002202
2021-11-01,002230
2021-11-01,002236
2021-11-01,002241
2021-11-01,002252
2021-11-01,002271
2021-11-01,002304
2021-11-01,002311
2021-11-01,002352
2021-11-01,002371
2021-11-01,002384
2021-11-01,002410
2021-11-01,002414
2021-11-01,002415
2021-11-01,002456
2021-11-01,002460
2021-11-01,002463
2021-11-01,002475
2021-11-01,002493
2021-11-01,002508
2021-11-01,002555
2021-11-01,002558
2021-11-01,002594
2021-11-01,002600
2021-11-01,002601
2021-11-01,002602
2021-11-01,002607
2021-11-01,002624
2021-11-01,002673
2021-11-01,002714
2021-11-01,002736
2021-11-01,002739
2021-11-01,002773
2021-11-01,002812
2021-11-01,002821
2021-11-01,002841
2021-11-01,002916
2021-11-01,002938
2021-11-01,002939
2021-11-01,002945
2021-11-01,003816
2021-11-01,300003
2021-11-01,300014
2021-11-01,300015
2021-11-01,300033
2021-11-01,300059
2021-11-01,300122
2021-11-01,300124
2021-11-01,300136
2021-11-01,300142
2021-11-01,300144
2021-11-01,300274
2021-11-01,300347
2021-11-01,300408
2021-11-01,300413
2021-11-01,300433
2021-11-01,300450
2021-11-01,300498
2021-11-01,300529
2021-11-01,300558
2021-11-01,300595
2021-11-01,300601
2021-11-01,300628
2021-11-01,300676
2021-11-01,300677
2021-12-01,600000
2021-12-01,600009
2021-12-01,600010
2021-12-01,600011
2021-12-01,600015
2021-12-01,600016
2021-12-01,600018
2021-12-01,600019
2021-12-01,600025
2021-12-01,600028
2021-12-01,600029
2021-12-01,600030
2021-12-01,600031
2021-12-01,600036
2021-12-01,600048
2021-12-01,600050
2021-12-01,600061
2021-12-01,600079
2021-12-01,600085
2021-12-01,600104
2021-12-01,600109
2021-12-01,600111
2021-12-01,600115
2021-12-01,600118
2021-12-01,600132
2021-12-01,600143
2021-12-01,600150
2021-12-01,600161
2021-12-01,600176
2021-12-01,600183
2021-12-01,600196
2021-12-01,600233
2021-12-01,600276
2021-12-01,600299
2021-12-01,600309
2021-12-01,600332
2021-12-01,600340
2021-12-01,600346
2021-12-01,600352
2021-12-01,600362
2021-12-01,600383
2021-12-01,600406
2021-12-01,600426
2021-12-01,600436
2021-12-01,600438
2021-12-01,600482
2021-12-01,600489
2021-12-01,600519
2021-12-01,600521
2021-12-01,600522
2021-12-01,600547
2021-12-01,600570
2021-12-01,600584
2021-12-01,600585
2021-12-01,600588
2021-12-01,600600
2021-12-01,600606
2021-12-01,600655
2021-12-01,600660
2021-12-01,600690
2021-12-01,600703
2021-12-01,600705
2021-12-01,600741
2021-12-01,600745
2021-12-01,600760
2021-12-01,600763
2021-12-01,600795
2021-12-01,600809
2021-12-01,600837
2021-12-01,600845
2021-12-01,600848
2021-12-01,600872
2021-12-01,600886
2021-12-01,600887
2021-12-01,600893
2021-12-01,600900
2021-12-01,600918
2021-12-01,600919
2021-12-01,600926
2021-12-01,600958
2021-12-01,600989
2021-12-01,600999
2021-12-01,601006
2021-12-01,601009
2021-12-01,601012
2021-12-01,601021
2021-12-01,601066
2021-12-01,601077
2021-12-01,601088
2021-12-01,601100
2021-12-01,601108
2021-12-01,601111
2021-12-01,601138
2021-12-01,601155
2021-12-01,601162
2021-12-01,601166
2021-12-01,601169
2021-12-01,601186
2021-12-01,601211
2021-12-01,601216
2021-12-01,601225
2021-12-01,601229
2021-12-01,601231
2021-12-01,601236
2021-12-01,601238
2021-12-01,601288
2021-12-01,601318
2021-12-01,601319
2021-12-01,601328
2021-12-01,601336
2021-12-01,601360
2021-12-01,601377
2021-12-01,601390
2021-12-01,601398
2021-12-01,601555
2021-12-01,601600
2021-12-01,601601
2021-12-01,601607
2021-12-01,601618
2021-12-01,601628
2021-12-01,601633
2021-12-01,601658
2021-12-01,601668
2021-12-01,601669
2021-12-01,601688
2021-12-01,601696
2021-12-01,601698
2021-12-01,601727
2021-12-01,601766
2021-12-01,601788
2021-12-01,601799
2021-12-01,601800
2021-12-01,601808
2021-12-01,601816
2021-12-01,601818
2021-12-01,601838
2021-12-01,601857
2021-12-01,601872
2021-12-01,601877
2021-12-01,601878
2021-12-01,601881
2021-12-01,601888
2021-12-01,601899
2021-12-01,601901
2021-12-01,601916
2021-12-01,601919
2021-12-01,601933
2021-12-01,601939
2021-12-01,601985
2021-12-01,601988
2021-12-01,601989
2021-12-01,601990
2021-12-01,601995
2021-12-01,601998
2021-12-01,603019
2021-12-01,603087
2021-12-01,603160
2021-12-01,603195
2021-12-01,603233
2021-12-01,603259
2021-12-01,603288
2021-12-01,603338
2021-12-01,603369
2021-12-01,603392
2021-12-01,603501
2021-12-01,603517
2021-12-01,603658
2021-12-01,603659
2021-12-01,603799
2021-12-01,603806
2021-12-01,603833
2021-12-01,603882
2021-12-01,603899
2021-12-01,603939
2021-12-01,603986
2021-12-01,603993
2021-12-01,688008
2021-12-01,688009
2021-12-01,688012
2021-12-01,688036
2021-12-01,688111
2021-12-01,688126
2021-12-01,688169
2021-12-01,688363
2021-12-01,688396
2021-12-01,000001
2021-12-01,000002
2021-12-01,000063
2021-12-01,000066
2021-12-01,000069
2021-12-01,000100
2021-12-01,000157
2021-12-01,000166
2021-12-01,000333
2021-12-01,000338
2021-12-01,000425
2021-12-01,000538
2021-12-01,000568
2021-12-01,000596
2021-12-01,000625
2021-12-01,000651
2021-12-01,000656
2021-12-01,000661
2021-12-01,000703
2021-12-01,000708
2021-12-01,000725
2021-12-01,000728
2021-12-01,000768
2021-12-01,000776
2021-12-01,000783
2021-12-01,000786
2021-12-01,000800
2021-12-01,000858
2021-12-01,000860
2021-12-01,000876
2021-12-01,000895
2021-12-01,000938
2021-12-01,000963
2021-12-01,000977
2021-12-01,001979
2021-12-01,002001
2021-12-01,002007
2021-12-01,002008
2021-12-01,002024
2021-12-01,002027
2021-12-01,002032
2021-12-01,002044
2021-12-01,002049
2021-12-01,002050
2021-12-01,002120
2021-12-01,002129
2021-12-01,002142
2021-12-01,002153
2021-12-01,002157
2021-12-01,002179
2021-12-01,002202
2021-12-01,002230
2021-12-01,002236
2021-12-01,002241
2021-12-01,002252
2021-12-01,002271
2021-12-01,002304
2021-12-01,002311
2021-12-01,002352
2021-12-01,002371
2021-12-01,002384
2021-12-01,002410
2021-12-01,002414
2021-12-01,002415
2021-12-01,002456
2021-12-01,002460
2021-12-01,002463
2021-12-01,002475
2021-12-01,002493
2021-12-01,002508
2021-12-01,002555
2021-12-01,002558
2021-12-01,002594
2021-12-01,002600
2021-12-01,002601
2021-12-01,002602
2021-12-01,002607
2021-12-01,002624
2021-12-01,002673
2021-12-01,002714
2021-12-01,002736
2021-12-01,002739
2021-12-01,002773
2021-12-01,002812
2021-12-01,002821
2021-12-01,002841
2021-12-01,002916
2021-12-01,002938
2021-12-01,002939
2021-12-01,002945
2021-12-01,003816
2021-12-01,300003
2021-12-01,300014
2021-12-01,300015
2021-12-01,300033
2021-12-01,300059
2021-12-01,300122
2021-12-01,300124
2021-12-01,300136
2021-12-01,300142
2021-12-01,300144
2021-12-01,300274
2021-12-01,300347
2021-12-01,300408
2021-12-01,300413
2021-12-01,300433
2021-12-01,300450
2021-12-01,300498
2021-12-01,300529
2021-12-01,300558
2021-12-01,300595
2021-12-01,300601
2021-12-01,300628
2021-12-01,300676
2021-12-01,300677
2022-01-01,600000
2022-01-01,600009
2022-01-01,600010
2022-01-01,600011
2022-01-01,600015
2022-01-01,600016
2022-01-01,600018
2022-01-01,600019
2022-01-01,600025
2022-01-01,600028
2022-01-01,600029
2022-01-01,600030
2022-01-01,600031
2022-01-01,600036
2022-01-01,600048
2022-01-01,600050
2022-01-01,600061
2022-01-01,600079
2022-01-01,600085
2022-01-01,600104
2022-01-01,600109
2022-01-01,600111
2022-01-01,600115
2022-01-01,600118
2022-01-01,600132
2022-01-01,600143
2022-01-01,600150
2022-01-01,600161
2022-01-01,600176
2022-01-01,600183
2022-01-01,600196
2022-01-01,600233
2022-01-01,600276
2022-01-01,600299
2022-01-01,600309
2022-01-01,600332
2022-01-01,600340
2022-01-01,600346
2022-01-01,600352
2022-01-01,600362
2022-01-01,600383
2022-01-01,600406
2022-01-01,600426
2022-01-01,600436
2022-01-01,600438
2022-01-01,600482
2022-01-01,600489
2022-01-01,600519
2022-01-01,600521
2022-01-01,600522
2022-01-01,600547
2022-01-01,600570
2022-01-01,600584
2022-01-01,600585
2022-01-01,600588
2022-01-01,600600
2022-01-01,600606
2022-01-01,600655
2022-01-01,600660
2022-01-01,600690
2022-01-01,600703
2022-01-01,600705
2022-01-01,600741
2022-01-01,600745
2022-01-01,600760
2022-01-01,600763
2022-01-01,600795
2022-01-01,600809
2022-01-01,600837
2022-01-01,600845
2022-01-01,600848
2022-01-01,600872
2022-01-01,600886
2022-01-01,600887
2022-01-01,600893
2022-01-01,600900
2022-01-01,600918
2022-01-01,600919
2022-01-01,600926
2022-01-01,600958
2022-01-01,600989
2022-01-01,600999
2022-01-01,601006
2022-01-01,601009
2022-01-01,601012
2022-01-01,601021
2022-01-01,601066
2022-01-01,601077
2022-01-01,601088
2022-01-01,601100
2022-01-01,601108
2022-01-01,601111
2022-01-01,601138
2022-01-01,601155
2022-01-01,601162
2022-01-01,601166
2022-01-01,601169
2022-01-01,601186
2022-01-01,601211
2022-01-01,601216
2022-01-01,601225
2022-01-01,601229
2022-01-01,601231
2022-01-01,601236
2022-01-01,601238
2022-01-01,601288
2022-01-01,601318
2022-01-01,601319
2022-01-01,601328
2022-01-01,601336
2022-01-01,601360
2022-01-01,601377
2022-01-01,601390
2022-01-01,601398
2022-01-01,601555
2022-01-01,601600
2022-01-01,601601
2022-01-01,601607
2022-01-01,601618
2022-01-01,601628
2022-01-01,601633
2022-01-01,601658
2022-01-01,601668
2022-01-01,601669
2022-01-01,601688
2022-01-01,601696
2022-01-01,601698
2022-01-01,601727
2022-01-01,601766
2022-01-01,601788
2022-01-01,601799
2022-01-01,601800
2022-01-01,601808
2022-01-01,601816
2022-01-01,601818
2022-01-01,601838
2022-01-01,601857
2022-01-01,601872
2022-01-01,601877
2022-01-01,601878
2022-01-01,601881
2022-01-01,601888
2022-01-01,601899
2022-01-01,601901
2022-01-01,601916
2022-01-01,601919
2022-01-01,601933
2022-01-01,601939
2022-01-01,601985
2022-01-01,601988
2022-01-01,601989
2022-01-01,601990
2022-01-01,601995
2022-01-01,601998
2022-01-01,603019
2022-01-01,603087
2022-01-01,603160
2022-01-01,603195
2022-01-01,603233
2022-01-01,603259
2022-01-01,603288
2022-01-01,603338
2022-01-01,603369
2022-01-01,603392
2022-01-01,603501
2022-01-01,603517
2022-01-01,603658
2022-01-01,603659
2022-01-01,603799
2022-01-01,603806
2022-01-01,603833
2022-01-01,603882
2022-01-01,603899
2022-01-01,603939
2022-01-01,603986
2022-01-01,603993
2022-01-01,688008
2022-01-01,688009
2022-01-01,688012
2022-01-01,688036
2022-01-01,688111
2022-01-01,688126
2022-01-01,688169
2022-01-01,688363
2022-01-01,688396
2022-01-01,000001
2022-01-01,000002
2022-01-01,000063
2022-01-01,000066
2022-01-01,000069
2022-01-01,000100
2022-01-01,000157
2022-01-01,000166
2022-01-01,000333
2022-01-01,000338
2022-01-01,000425
2022-01-01,000538
2022-01-01,000568
2022-01-01,000596
2022-01-01,000625
2022-01-01,000651
2022-01-01,000656
2022-01-01,000661
2022-01-01,000703
2022-01-01,000708
2022-01-01,000725
2022-01-01,000728
2022-01-01,000768
2022-01-01,000776
2022-01-01,000783
2022-01-01,000786
2022-01-01,000800
2022-01-01,000858
2022-01-01,000860
2022-01-01,000876
2022-01-01,000895
2022-01-01,000938
2022-01-01,000963
2022-01-01,000977
2022-01-01,001979
2022-01-01,002001
2022-01-01,002007
2022-01-01,002008
2022-01-01,002024
2022-01-01,002027
2022-01-01,002032
2022-01-01,002044
2022-01-01,002049
2022-01-01,002050
2022-01-01,002120
2022-01-01,002129
2022-01-01,002142
2022-01-01,002153
2022-01-01,002157
2022-01-01,002179
2022-01-01,002202
2022-01-01,002230
2022-01-01,002236
2022-01-01,002241
2022-01-01,002252
2022-01-01,002271
2022-01-01,002304
2022-01-01,002311
2022-01-01,002352
2022-01-01,002371
2022-01-01,002384
2022-01-01,002410
2022-01-01,002414
2022-01-01,002415
2022-01-01,002456
2022-01-01,002460
2022-01-01,002463
2022-01-01,002475
2022-01-01,002493
2022-01-01,002508
2022-01-01,002555
2022-01-01,002558
2022-01-01,002594
2022-01-01,002600
2022-01-01,002601
2022-01-01,002602
2022-01-01,002607
2022-01-01,002624
2022-01-01,002673
2022-01-01,002714
2022-01-01,002736
2022-01-01,002739
2022-01-01,002773
2022-01-01,002812
2022-01-01,002821
2022-01-01,002841
2022-01-01,002916
2022-01-01,002938
2022-01-01,002939
2022-01-01,002945
2022-01-01,003816
2022-01-01,300003
2022-01-01,300014
2022-01-01,300015
2022-01-01,300033
2022-01-01,300059
2022-01-01,300122
2022-01-01,300124
2022-01-01,300136
2022-01-01,300142
2022-01-01,300144
2022-01-01,300274
2022-01-01,300347
2022-01-01,300408
2022-01-01,300413
2022-01-01,300433
2022-01-01,300450
2022-01-01,300498
2022-01-01,300529
2022-01-01,300558
2022-01-01,300595
2022-01-01,300601
2022-01-01,300628
2022-01-01,300676
2022-01-01,300677
2022-02-01,600000
2022-02-01,600009
2022-02-01,600010
2022-02-01,600011
2022-02-01,600015
2022-02-01,600016
2022-02-01,600018
2022-02-01,600019
2022-02-01,600025
2022-02-01,600028
2022-02-01,600029
2022-02-01,600030
2022-02-01,600031
2022-02-01,600036
2022-02-01,600048
2022-02-01,600050
2022-02-01,600061
2022-02-01,600079
2022-02-01,600085
2022-02-01,600104
2022-02-01,600109
2022-02-01,600111
2022-02-01,600115
2022-02-01,600132
2022-02-01,600143
2022-02-01,600150
2022-02-01,600161
2022-02-01,600176
2022-02-01,600183
2022-02-01,600196
2022-02-01,600276
2022-02-01,600309
2022-02-01,600332
2022-02-01,600346
2022-02-01,600352
2022-02-01,600362
2022-02-01,600383
2022-02-01,600406
2022-02-01,600426
2022-02-01,600436
2022-02-01,600438
2022-02-01,600489
2022-02-01,600519
2022-02-01,600547
2022-02-01,600570
2022-02-01,600584
2022-02-01,600585
2022-02-01,600588
2022-02-01,600600
2022-02-01,600606
2022-02-01,600655
2022-02-01,600660
2022-02-01,600690
2022-02-01,600741
2022-02-01,600745
2022-02-01,600760
2022-02-01,600763
2022-02-01,600795
2022-02-01,600809
2022-02-01,600837
2022-02-01,600845
2022-02-01,600848
2022-02-01,600872
2022-02-01,600886
2022-02-01,600887
2022-02-01,600893
2022-02-01,600900
2022-02-01,600905
2022-02-01,600918
2022-02-01,600919
2022-02-01,600926
2022-02-01,600958
2022-02-01,600989
2022-02-01,600999
2022-02-01,601006
2022-02-01,601009
2022-02-01,601012
2022-02-01,601021
2022-02-01,601066
2022-02-01,601088
2022-02-01,601100
2022-02-01,601108
2022-02-01,601111
2022-02-01,601138
2022-02-01,601155
2022-02-01,601162
2022-02-01,601166
2022-02-01,601169
2022-02-01,601186
2022-02-01,601211
2022-02-01,601216
2022-02-01,601225
2022-02-01,601229
2022-02-01,601231
2022-02-01,601236
2022-02-01,601238
2022-02-01,601288
2022-02-01,601318
2022-02-01,601319
2022-02-01,601328
2022-02-01,601336
2022-02-01,601360
2022-02-01,601377
2022-02-01,601390
2022-02-01,601398
2022-02-01,601600
2022-02-01,601601
2022-02-01,601607
2022-02-01,601618
2022-02-01,601628
2022-02-01,601633
2022-02-01,601658
2022-02-01,601668
2022-02-01,601669
2022-02-01,601688
2022-02-01,601696
2022-02-01,601698
2022-02-01,601728
2022-02-01,601766
2022-02-01,601788
2022-02-01,601799
2022-02-01,601800
2022-02-01,601808
2022-02-01,601816
2022-02-01,601818
2022-02-01,601838
2022-02-01,601857
2022-02-01,601865
2022-02-01,601868
2022-02-01,601877
2022-02-01,601878
2022-02-01,601881
2022-02-01,601888
2022-02-01,601898
2022-02-01,601899
2022-02-01,601901
2022-02-01,601916
2022-02-01,601919
2022-02-01,601933
2022-02-01,601939
2022-02-01,601966
2022-02-01,601985
2022-02-01,601988
2022-02-01,601989
2022-02-01,601990
2022-02-01,601995
2022-02-01,601998
2022-02-01,603019
2022-02-01,603087
2022-02-01,603160
2022-02-01,603195
2022-02-01,603233
2022-02-01,603259
2022-02-01,603260
2022-02-01,603288
2022-02-01,603338
2022-02-01,603369
2022-02-01,603392
2022-02-01,603486
2022-02-01,603501
2022-02-01,603517
2022-02-01,603658
2022-02-01,603659
2022-02-01,603799
2022-02-01,603806
2022-02-01,603833
2022-02-01,603882
2022-02-01,603899
2022-02-01,603939
2022-02-01,603986
2022-02-01,603993
2022-02-01,605499
2022-02-01,688008
2022-02-01,688009
2022-02-01,688012
2022-02-01,688036
2022-02-01,688111
2022-02-01,688126
2022-02-01,688169
2022-02-01,688363
2022-02-01,688396
2022-02-01,688561
2022-02-01,688599
2022-02-01,688981
2022-02-01,000001
2022-02-01,000002
2022-02-01,000063
2022-02-01,000066
2022-02-01,000069
2022-02-01,000100
2022-02-01,000157
2022-02-01,000166
2022-02-01,000301
2022-02-01,000333
2022-02-01,000338
2022-02-01,000425
2022-02-01,000538
2022-02-01,000568
2022-02-01,000596
2022-02-01,000625
2022-02-01,000651
2022-02-01,000661
2022-02-01,000703
2022-02-01,000708
2022-02-01,000725
2022-02-01,000768
2022-02-01,000776
2022-02-01,000783
2022-02-01,000786
2022-02-01,000800
2022-02-01,000858
2022-02-01,000876
2022-02-01,000895
2022-02-01,000938
2022-02-01,000963
2022-02-01,000977
2022-02-01,001979
2022-02-01,002001
2022-02-01,002007
2022-02-01,002008
2022-02-01,002024
2022-02-01,002027
2022-02-01,002032
2022-02-01,002044
2022-02-01,002049
2022-02-01,002050
2022-02-01,002064
2022-02-01,002120
2022-02-01,002129
2022-02-01,002142
2022-02-01,002157
2022-02-01,002179
2022-02-01,002202
2022-02-01,002230
2022-02-01,002236
2022-02-01,002241
2022-02-01,002252
2022-02-01,002271
2022-02-01,002304
2022-02-01,002311
2022-02-01,002352
2022-02-01,002371
2022-02-01,002410
2022-02-01,002414
2022-02-01,002415
2022-02-01,002459
2022-02-01,002460
2022-02-01,002466
2022-02-01,002475
2022-02-01,002493
2022-02-01,002555
2022-02-01,002568
2022-02-01,002594
2022-02-01,002600
2022-02-01,002601
2022-02-01,002602
2022-02-01,002607
2022-02-01,002624
2022-02-01,002709
2022-02-01,002714
2022-02-01,002736
2022-02-01,002791
2022-02-01,002812
2022-02-01,002821
2022-02-01,002841
2022-02-01,002916
2022-02-01,002938
2022-02-01,003816
2022-02-01,300003
2022-02-01,300014
2022-02-01,300015
2022-02-01,300033
2022-02-01,300059
2022-02-01,300122
2022-02-01,300124
2022-02-01,300142
2022-02-01,300144
2022-02-01,300274
2022-02-01,300316
2022-02-01,300347
2022-02-01,300408
2022-02-01,300413
2022-02-01,300433
2022-02-01,300450
2022-02-01,300498
2022-02-01,300529
2022-02-01,300558
2022-02-01,300595
2022-02-01,300601
2022-02-01,300628
2022-02-01,300676
2022-02-01,300677
2022-02-01,300750
2022-02-01,300759
2022-02-01,300760
2022-02-01,300782
2022-02-01,300866
2022-02-01,300888
2022-02-01,300896
2022-02-01,300999
2022-03-01,600000
2022-03-01,600009
2022-03-01,600010
2022-03-01,600011
2022-03-01,600015
2022-03-01,600016
2022-03-01,600018
2022-03-01,600019
2022-03-01,600025
2022-03-01,600028
2022-03-01,600029
2022-03-01,600030
2022-03-01,600031
2022-03-01,600036
2022-03-01,600048
2022-03-01,600050
2022-03-01,600061
2022-03-01,600079
2022-03-01,600085
2022-03-01,600104
2022-03-01,600109
2022-03-01,600111
2022-03-01,600115
2022-03-01,600132
2022-03-01,600143
2022-03-01,600150
2022-03-01,600161
2022-03-01,600176
2022-03-01,600183
2022-03-01,600196
2022-03-01,600276
2022-03-01,600309
2022-03-01,600332
2022-03-01,600346
2022-03-01,600352
2022-03-01,600362
2022-03-01,600383
2022-03-01,600406
2022-03-01,600426
2022-03-01,600436
2022-03-01,600438
2022-03-01,600489
2022-03-01,600519
2022-03-01,600547
2022-03-01,600570
2022-03-01,600584
2022-03-01,600585
2022-03-01,600588
2022-03-01,600600
2022-03-01,600606
2022-03-01,600655
2022-03-01,600660
2022-03-01,600690
2022-03-01,600741
2022-03-01,600745
2022-03-01,600760
2022-03-01,600763
2022-03-01,600795
2022-03-01,600809
2022-03-01,600837
2022-03-01,600845
2022-03-01,600848
2022-03-01,600872
2022-03-01,600886
2022-03-01,600887
2022-03-01,600893
2022-03-01,600900
2022-03-01,600905
2022-03-01,600918
2022-03-01,600919
2022-03-01,600926
2022-03-01,600958
2022-03-01,600989
2022-03-01,600999
2022-03-01,601006
2022-03-01,601009
2022-03-01,601012
2022-03-01,601021
2022-03-01,601066
2022-03-01,601088
2022-03-01,601100
2022-03-01,601108
2022-03-01,601111
2022-03-01,601138
2022-03-01,601155
2022-03-01,601162
2022-03-01,601166
2022-03-01,601169
2022-03-01,601186
2022-03-01,601211
2022-03-01,601216
2022-03-01,601225
2022-03-01,601229
2022-03-01,601231
2022-03-01,601236
2022-03-01,601238
2022-03-01,601288
2022-03-01,601318
2022-03-01,601319
2022-03-01,601328
2022-03-01,601336
2022-03-01,601360
2022-03-01,601377
2022-03-01,601390
2022-03-01,601398
2022-03-01,601600
2022-03-01,601601
2022-03-01,601607
2022-03-01,601618
2022-03-01,601628
2022-03-01,601633
2022-03-01,601658
2022-03-01,601668
2022-03-01,601669
2022-03-01,601688
2022-03-01,601696
2022-03-01,601698
2022-03-01,601728
2022-03-01,601766
2022-03-01,601788
2022-03-01,601799
2022-03-01,601800
2022-03-01,601808
2022-03-01,601816
2022-03-01,601818
2022-03-01,601838
2022-03-01,601857
2022-03-01,601865
2022-03-01,601868
2022-03-01,601877
2022-03-01,601878
2022-03-01,601881
2022-03-01,601888
2022-03-01,601898
2022-03-01,601899
2022-03-01,601901
2022-03-01,601916
2022-03-01,601919
2022-03-01,601933
2022-03-01,601939
2022-03-01,601966
2022-03-01,601985
2022-03-01,601988
2022-03-01,601989
2022-03-01,601990
2022-03-01,601995
2022-03-01,601998
2022-03-01,603019
2022-03-01,603087
2022-03-01,603160
2022-03-01,603195
2022-03-01,603233
2022-03-01,603259
2022-03-01,603260
2022-03-01,603288
2022-03-01,603338
2022-03-01,603369
2022-03-01,603392
2022-03-01,603486
2022-03-01,603501
2022-03-01,603517
2022-03-01,603658
2022-03-01,603659
2022-03-01,603799
2022-03-01,603806
2022-03-01,603833
2022-03-01,603882
2022-03-01,603899
2022-03-01,603939
2022-03-01,603986
2022-03-01,603993
2022-03-01,605499
2022-03-01,688008
2022-03-01,688009
2022-03-01,688012
2022-03-01,688036
2022-03-01,688111
2022-03-01,688126
2022-03-01,688169
2022-03-01,688363
2022-03-01,688396
2022-03-01,688561
2022-03-01,688599
2022-03-01,688981
2022-03-01,000001
2022-03-01,000002
2022-03-01,000063
2022-03-01,000066
2022-03-01,000069
2022-03-01,000100
2022-03-01,000157
2022-03-01,000166
2022-03-01,000301
2022-03-01,000333
2022-03-01,000338
2022-03-01,000425
2022-03-01,000538
2022-03-01,000568
2022-03-01,000596
2022-03-01,000625
2022-03-01,000651
2022-03-01,000661
2022-03-01,000703
2022-03-01,000708
2022-03-01,000725
2022-03-01,000768
2022-03-01,000776
2022-03-01,000783
2022-03-01,000786
2022-03-01,000800
2022-03-01,000858
2022-03-01,000876
2022-03-01,000895
2022-03-01,000938
2022-03-01,000963
2022-03-01,000977
2022-03-01,001979
2022-03-01,002001
2022-03-01,002007
2022-03-01,002008
2022-03-01,002024
2022-03-01,002027
2022-03-01,002032
2022-03-01,002044
2022-03-01,002049
2022-03-01,002050
2022-03-01,002064
2022-03-01,002120
2022-03-01,002129
2022-03-01,002142
2022-03-01,002157
2022-03-01,002179
2022-03-01,002202
2022-03-01,002230
2022-03-01,002236
2022-03-01,002241
2022-03-01,002252
2022-03-01,002271
2022-03-01,002304
2022-03-01,002311
2022-03-01,002352
2022-03-01,002371
2022-03-01,002410
2022-03-01,002414
2022-03-01,002415
2022-03-01,002459
2022-03-01,002460
2022-03-01,002466
2022-03-01,002475
2022-03-01,002493
2022-03-01,002555
2022-03-01,002568
2022-03-01,002594
2022-03-01,002600
2022-03-01,002601
2022-03-01,002602
2022-03-01,002607
2022-03-01,002624
2022-03-01,002709
2022-03-01,002714
2022-03-01,002736
2022-03-01,002791
2022-03-01,002812
2022-03-01,002821
2022-03-01,002841
2022-03-01,002916
2022-03-01,002938
2022-03-01,003816
2022-03-01,300003
2022-03-01,300014
2022-03-01,300015
2022-03-01,300033
2022-03-01,300059
2022-03-01,300122
2022-03-01,300124
2022-03-01,300142
2022-03-01,300144
2022-03-01,300274
2022-03-01,300316
2022-03-01,300347
2022-03-01,300408
2022-03-01,300413
2022-03-01,300433
2022-03-01,300450
2022-03-01,300498
2022-03-01,300529
2022-03-01,300558
2022-03-01,300595
2022-03-01,300601
2022-03-01,300628
2022-03-01,300676
2022-03-01,300677
2022-03-01,300750
2022-03-01,300759
2022-03-01,300760
2022-03-01,300782
2022-03-01,300866
2022-03-01,300888
2022-03-01,300896
2022-03-01,300999
2022-04-01,600000
2022-04-01,600009
2022-04-01,600010
2022-04-01,600011
2022-04-01,600015
2022-04-01,600016
2022-04-01,600018
2022-04-01,600019
2022-04-01,600025
2022-04-01,600028
2022-04-01,600029
2022-04-01,600030
2022-04-01,600031
2022-04-01,600036
2022-04-01,600048
2022-04-01,600050
2022-04-01,600061
2022-04-01,600079
2022-04-01,600085
2022-04-01,600104
2022-04-01,600109
2022-04-01,600111
2022-04-01,600115
2022-04-01,600132
2022-04-01,600143
2022-04-01,600150
2022-04-01,600161
2022-04-01,600176
2022-04-01,600183
2022-04-01,600196
2022-04-01,600276
2022-04-01,600309
2022-04-01,600332
2022-04-01,600346
2022-04-01,600352
2022-04-01,600362
2022-04-01,600383
2022-04-01,600406
2022-04-01,600426
2022-04-01,600436
2022-04-01,600438
2022-04-01,600489
2022-04-01,600519
2022-04-01,600547
2022-04-01,600570
2022-04-01,600584
2022-04-01,600585
2022-04-01,600588
2022-04-01,600600
2022-04-01,600606
2022-04-01,600655
2022-04-01,600660
2022-04-01,600690
2022-04-01,600741
2022-04-01,600745
2022-04-01,600760
2022-04-01,600763
2022-04-01,600795
2022-04-01,600809
2022-04-01,600837
2022-04-01,600845
2022-04-01,600848
2022-04-01,600872
2022-04-01,600886
2022-04-01,600887
2022-04-01,600893
2022-04-01,600900
2022-04-01,600905
2022-04-01,600918
2022-04-01,600919
2022-04-01,600926
2022-04-01,600958
2022-04-01,600989
2022-04-01,600999
2022-04-01,601006
2022-04-01,601009
2022-04-01,601012
2022-04-01,601021
2022-04-01,601066
2022-04-01,601088
2022-04-01,601100
2022-04-01,601108
2022-04-01,601111
2022-04-01,601138
2022-04-01,601155
2022-04-01,601162
2022-04-01,601166
2022-04-01,601169
2022-04-01,601186
2022-04-01,601211
2022-04-01,601216
2022-04-01,601225
2022-04-01,601229
2022-04-01,601231
2022-04-01,601236
2022-04-01,601238
2022-04-01,601288
2022-04-01,601318
2022-04-01,601319
2022-04-01,601328
2022-04-01,601336
2022-04-01,601360
2022-04-01,601377
2022-04-01,601390
2022-04-01,601398
2022-04-01,601600
2022-04-01,601601
2022-04-01,601607
2022-04-01,601618
2022-04-01,601628
2022-04-01,601633
2022-04-01,601658
2022-04-01,601668
2022-04-01,601669
2022-04-01,601688
2022-04-01,601696
2022-04-01,601698
2022-04-01,601728
2022-04-01,601766
2022-04-01,601788
2022-04-01,601799
2022-04-01,601800
2022-04-01,601808
2022-04-01,601816
2022-04-01,601818
2022-04-01,601838
2022-04-01,601857
2022-04-01,601865
2022-04-01,601868
2022-04-01,601877
2022-04-01,601878
2022-04-01,601881
2022-04-01,601888
2022-04-01,601898
2022-04-01,601899
2022-04-01,601901
2022-04-01,601916
2022-04-01,601919
2022-04-01,601933
2022-04-01,601939
2022-04-01,601966
2022-04-01,601985
2022-04-01,601988
2022-04-01,601989
2022-04-01,601990
2022-04-01,601995
2022-04-01,601998
2022-04-01,603019
2022-04-01,603087
2022-04-01,603160
2022-04-01,603195
2022-04-01,603233
2022-04-01,603259
2022-04-01,603260
2022-04-01,603288
2022-04-01,603338
2022-04-01,603369
2022-04-01,603392
2022-04-01,603486
2022-04-01,603501
2022-04-01,603517
2022-04-01,603658
2022-04-01,603659
2022-04-01,603799
2022-04-01,603806
2022-04-01,603833
2022-04-01,603882
2022-04-01,603899
2022-04-01,603939
2022-04-01,603986
2022-04-01,603993
2022-04-01,605499
2022-04-01,688008
2022-04-01,688009
2022-04-01,688012
2022-04-01,688036
2022-04-01,688111
2022-04-01,688126
2022-04-01,688169
2022-04-01,688363
2022-04-01,688396
2022-04-01,688561
2022-04-01,688599
2022-04-01,688981
2022-04-01,000001
2022-04-01,000002
2022-04-01,000063
2022-04-01,000066
2022-04-01,000069
2022-04-01,000100
2022-04-01,000157
2022-04-01,000166
2022-04-01,000301
2022-04-01,000333
2022-04-01,000338
2022-04-01,000425
2022-04-01,000538
2022-04-01,000568
2022-04-01,000596
2022-04-01,000625
2022-04-01,000651
2022-04-01,000661
2022-04-01,000703
2022-04-01,000708
2022-04-01,000725
2022-04-01,000768
2022-04-01,000776
2022-04-01,000783
2022-04-01,000786
2022-04-01,000800
2022-04-01,000858
2022-04-01,000876
2022-04-01,000895
2022-04-01,000938
2022-04-01,000963
2022-04-01,000977
2022-04-01,001979
2022-04-01,002001
2022-04-01,002007
2022-04-01,002008
2022-04-01,002024
2022-04-01,002027
2022-04-01,002032
2022-04-01,002044
2022-04-01,002049
2022-04-01,002050
2022-04-01,002064
2022-04-01,002120
2022-04-01,002129
2022-04-01,002142
2022-04-01,002157
2022-04-01,002179
2022-04-01,002202
2022-04-01,002230
2022-04-01,002236
2022-04-01,002241
2022-04-01,002252
2022-04-01,002271
2022-04-01,002304
2022-04-01,002311
2022-04-01,002352
2022-04-01,002371
2022-04-01,002410
2022-04-01,002414
2022-04-01,002415
2022-04-01,002459
2022-04-01,002460
2022-04-01,002466
2022-04-01,002475
2022-04-01,002493
2022-04-01,002555
2022-04-01,002568
2022-04-01,002594
2022-04-01,002600
2022-04-01,002601
2022-04-01,002602
2022-04-01,002607
2022-04-01,002624
2022-04-01,002709
2022-04-01,002714
2022-04-01,002736
2022-04-01,002791
2022-04-01,002812
2022-04-01,002821
2022-04-01,002841
2022-04-01,002916
2022-04-01,002938
2022-04-01,003816
2022-04-01,300003
2022-04-01,300014
2022-04-01,300015
2022-04-01,300033
2022-04-01,300059
2022-04-01,300122
2022-04-01,300124
2022-04-01,300142
2022-04-01,300144
2022-04-01,300274
2022-04-01,300316
2022-04-01,300347
2022-04-01,300408
2022-04-01,300413
2022-04-01,300433
2022-04-01,300450
2022-04-01,300498
2022-04-01,300529
2022-04-01,300558
2022-04-01,300595
2022-04-01,300601
2022-04-01,300628
2022-04-01,300676
2022-04-01,300677
2022-04-01,300750
2022-04-01,300759
2022-04-01,300760
2022-04-01,300782
2022-04-01,300866
2022-04-01,300888
2022-04-01,300896
2022-04-01,300999
2022-05-01,600000
2022-05-01,600009
2022-05-01,600010
2022-05-01,600011
2022-05-01,600015
2022-05-01,600016
2022-05-01,600018
2022-05-01,600019
2022-05-01,600025
2022-05-01,600028
2022-05-01,600029
2022-05-01,600030
2022-05-01,600031
2022-05-01,600036
2022-05-01,600048
2022-05-01,600050
2022-05-01,600061
2022-05-01,600079
2022-05-01,600085
2022-05-01,600104
2022-05-01,600109
2022-05-01,600111
2022-05-01,600115
2022-05-01,600132
2022-05-01,600143
2022-05-01,600150
2022-05-01,600161
2022-05-01,600176
2022-05-01,600183
2022-05-01,600196
2022-05-01,600276
2022-05-01,600309
2022-05-01,600332
2022-05-01,600346
2022-05-01,600352
2022-05-01,600362
2022-05-01,600383
2022-05-01,600406
2022-05-01,600426
2022-05-01,600436
2022-05-01,600438
2022-05-01,600489
2022-05-01,600519
2022-05-01,600547
2022-05-01,600570
2022-05-01,600584
2022-05-01,600585
2022-05-01,600588
2022-05-01,600600
2022-05-01,600606
2022-05-01,600655
2022-05-01,600660
2022-05-01,600690
2022-05-01,600741
2022-05-01,600745
2022-05-01,600760
2022-05-01,600763
2022-05-01,600795
2022-05-01,600809
2022-05-01,600837
2022-05-01,600845
2022-05-01,600848
2022-05-01,600872
2022-05-01,600886
2022-05-01,600887
2022-05-01,600893
2022-05-01,600900
2022-05-01,600905
2022-05-01,600918
2022-05-01,600919
2022-05-01,600926
2022-05-01,600958
2022-05-01,600989
2022-05-01,600999
2022-05-01,601006
2022-05-01,601009
2022-05-01,601012
2022-05-01,601021
2022-05-01,601066
2022-05-01,601088
2022-05-01,601100
2022-05-01,601108
2022-05-01,601111
2022-05-01,601138
2022-05-01,601155
2022-05-01,601162
2022-05-01,601166
2022-05-01,601169
2022-05-01,601186
2022-05-01,601211
2022-05-01,601216
2022-05-01,601225
2022-05-01,601229
2022-05-01,601231
2022-05-01,601236
2022-05-01,601238
2022-05-01,601288
2022-05-01,601318
2022-05-01,601319
2022-05-01,601328
2022-05-01,601336
2022-05-01,601360
2022-05-01,601377
2022-05-01,601390
2022-05-01,601398
2022-05-01,601600
2022-05-01,601601
2022-05-01,601607
2022-05-01,601618
2022-05-01,601628
2022-05-01,601633
2022-05-01,601658
2022-05-01,601668
2022-05-01,601669
2022-05-01,601688
2022-05-01,601696
2022-05-01,601698
2022-05-01,601728
2022-05-01,601766
2022-05-01,601788
2022-05-01,601799
2022-05-01,601800
2022-05-01,601808
2022-05-01,601816
2022-05-01,601818
2022-05-01,601838
2022-05-01,601857
2022-05-01,601865
2022-05-01,601868
2022-05-01,601877
2022-05-01,601878
2022-05-01,601881
2022-05-01,601888
2022-05-01,601898
2022-05-01,601899
2022-05-01,601901
2022-05-01,601916
2022-05-01,601919
2022-05-01,601933
2022-05-01,601939
2022-05-01,601966
2022-05-01,601985
2022-05-01,601988
2022-05-01,601989
2022-05-01,601990
2022-05-01,601995
2022-05-01,601998
2022-05-01,603019
2022-05-01,603087
2022-05-01,603160
2022-05-01,603195
2022-05-01,603233
2022-05-01,603259
2022-05-01,603260
2022-05-01,603288
2022-05-01,603338
2022-05-01,603369
2022-05-01,603392
2022-05-01,603486
2022-05-01,603501
2022-05-01,603517
2022-05-01,603658
2022-05-01,603659
2022-05-01,603799
2022-05-01,603806
2022-05-01,603833
2022-05-01,603882
2022-05-01,603899
2022-05-01,603939
2022-05-01,603986
2022-05-01,603993
2022-05-01,605499
2022-05-01,688008
2022-05-01,688009
2022-05-01,688012
2022-05-01,688036
2022-05-01,688111
2022-05-01,688126
2022-05-01,688169
2022-05-01,688363
2022-05-01,688396
2022-05-01,688561
2022-05-01,688599
2022-05-01,688981
2022-05-01,000001
2022-05-01,000002
2022-05-01,000063
2022-05-01,000066
2022-05-01,000069
2022-05-01,000100
2022-05-01,000157
2022-05-01,000166
2022-05-01,000301
2022-05-01,000333
2022-05-01,000338
2022-05-01,000425
2022-05-01,000538
2022-05-01,000568
2022-05-01,000596
2022-05-01,000625
2022-05-01,000651
2022-05-01,000661
2022-05-01,000703
2022-05-01,000708
2022-05-01,000725
2022-05-01,000768
2022-05-01,000776
2022-05-01,000783
2022-05-01,000786
2022-05-01,000800
2022-05-01,000858
2022-05-01,000876
2022-05-01,000895
2022-05-01,000938
2022-05-01,000963
2022-05-01,000977
2022-05-01,001979
2022-05-01,002001
2022-05-01,002007
2022-05-01,002008
2022-05-01,002024
2022-05-01,002027
2022-05-01,002032
2022-05-01,002044
2022-05-01,002049
2022-05-01,002050
2022-05-01,002064
2022-05-01,002120
2022-05-01,002129
2022-05-01,002142
2022-05-01,002157
2022-05-01,002179
2022-05-01,002202
2022-05-01,002230
2022-05-01,002236
2022-05-01,002241
2022-05-01,002252
2022-05-01,002271
2022-05-01,002304
2022-05-01,002311
2022-05-01,002352
2022-05-01,002371
2022-05-01,002410
2022-05-01,002414
2022-05-01,002415
2022-05-01,002459
2022-05-01,002460
2022-05-01,002466
2022-05-01,002475
2022-05-01,002493
2022-05-01,002555
2022-05-01,002568
2022-05-01,002594
2022-05-01,002600
2022-05-01,002601
2022-05-01,002602
2022-05-01,002607
2022-05-01,002624
2022-05-01,002709
2022-05-01,002714
2022-05-01,002736
2022-05-01,002791
2022-05-01,002812
2022-05-01,002821
2022-05-01,002841
2022-05-01,002916
2022-05-01,002938
2022-05-01,003816
2022-05-01,300003
2022-05-01,300014
2022-05-01,300015
2022-05-01,300033
2022-05-01,300059
2022-05-01,300122
2022-05-01,300124
2022-05-01,300142
2022-05-01,300144
2022-05-01,300274
2022-05-01,300316
2022-05-01,300347
2022-05-01,300408
2022-05-01,300413
2022-05-01,300433
2022-05-01,300450
2022-05-01,300498
2022-05-01,300529
2022-05-01,300558
2022-05-01,300595
2022-05-01,300601
2022-05-01,300628
2022-05-01,300676
2022-05-01,300677
2022-05-01,300750
2022-05-01,300759
2022-05-01,300760
2022-05-01,300782
2022-05-01,300866
2022-05-01,300888
2022-05-01,300896
2022-05-01,300999
2022-06-01,600000
2022-06-01,600009
2022-06-01,600010
2022-06-01,600011
2022-06-01,600015
2022-06-01,600016
2022-06-01,600018
2022-06-01,600019
2022-06-01,600025
2022-06-01,600028
2022-06-01,600029
2022-06-01,600030
2022-06-01,600031
2022-06-01,600036
2022-06-01,600048
2022-06-01,600050
2022-06-01,600061
2022-06-01,600079
2022-06-01,600085
2022-06-01,600104
2022-06-01,600109
2022-06-01,600111
2022-06-01,600115
2022-06-01,600132
2022-06-01,600143
2022-06-01,600150
2022-06-01,600161
2022-06-01,600176
2022-06-01,600183
2022-06-01,600196
2022-06-01,600276
2022-06-01,600309
2022-06-01,600332
2022-06-01,600346
2022-06-01,600352
2022-06-01,600362
2022-06-01,600383
2022-06-01,600406
2022-06-01,600426
2022-06-01,600436
2022-06-01,600438
2022-06-01,600489
2022-06-01,600519
2022-06-01,600547
2022-06-01,600570
2022-06-01,600584
2022-06-01,600585
2022-06-01,600588
2022-06-01,600600
2022-06-01,600606
2022-06-01,600655
2022-06-01,600660
2022-06-01,600690
2022-06-01,600741
2022-06-01,600745
2022-06-01,600760
2022-06-01,600763
2022-06-01,600795
2022-06-01,600809
2022-06-01,600837
2022-06-01,600845
2022-06-01,600848
2022-06-01,600872
2022-06-01,600886
2022-06-01,600887
2022-06-01,600893
2022-06-01,600900
2022-06-01,600905
2022-06-01,600918
2022-06-01,600919
2022-06-01,600926
2022-06-01,600958
2022-06-01,600989
2022-06-01,600999
2022-06-01,601006
2022-06-01,601009
2022-06-01,601012
2022-06-01,601021
2022-06-01,601066
2022-06-01,601088
2022-06-01,601100
2022-06-01,601108
2022-06-01,601111
2022-06-01,601138
2022-06-01,601155
2022-06-01,601162
2022-06-01,601166
2022-06-01,601169
2022-06-01,601186
2022-06-01,601211
2022-06-01,601216
2022-06-01,601225
2022-06-01,601229
2022-06-01,601231
2022-06-01,601236
2022-06-01,601238
2022-06-01,601288
2022-06-01,601318
2022-06-01,601319
2022-06-01,601328
2022-06-01,601336
2022-06-01,601360
2022-06-01,601377
2022-06-01,601390
2022-06-01,601398
2022-06-01,601600
2022-06-01,601601
2022-06-01,601607
2022-06-01,601618
2022-06-01,601628
2022-06-01,601633
2022-06-01,601658
2022-06-01,601668
2022-06-01,601669
2022-06-01,601688
2022-06-01,601696
2022-06-01,601698
2022-06-01,601728
2022-06-01,601766
2022-06-01,601788
2022-06-01,601799
2022-06-01,601800
2022-06-01,601808
2022-06-01,601816
2022-06-01,601818
2022-06-01,601838
2022-06-01,601857
2022-06-01,601865
2022-06-01,601868
2022-06-01,601877
2022-06-01,601878
2022-06-01,601881
2022-06-01,601888
2022-06-01,601898
2022-06-01,601899
2022-06-01,601901
2022-06-01,601916
2022-06-01,601919
2022-06-01,601933
2022-06-01,601939
2022-06-01,601966
2022-06-01,601985
2022-06-01,601988
2022-06-01,601989
2022-06-01,601990
2022-06-01,601995
2022-06-01,601998
2022-06-01,603019
2022-06-01,603087
2022-06-01,603160
2022-06-01,603195
2022-06-01,603233
2022-06-01,603259
2022-06-01,603260
2022-06-01,603288
2022-06-01,603338
2022-06-01,603369
2022-06-01,603392
2022-06-01,603486
2022-06-01,603501
2022-06-01,603517
2022-06-01,603658
2022-06-01,603659
2022-06-01,603799
2022-06-01,603806
2022-06-01,603833
2022-06-01,603882
2022-06-01,603899
2022-06-01,603939
2022-06-01,603986
2022-06-01,603993
2022-06-01,605499
2022-06-01,688008
2022-06-01,688009
2022-06-01,688012
2022-06-01,688036
2022-06-01,688111
2022-06-01,688126
2022-06-01,688169
2022-06-01,688363
2022-06-01,688396
2022-06-01,688561
2022-06-01,688599
2022-06-01,688981
2022-06-01,000001
2022-06-01,000002
2022-06-01,000063
2022-06-01,000066
2022-06-01,000069
2022-06-01,000100
2022-06-01,000157
2022-06-01,000166
2022-06-01,000301
2022-06-01,000333
2022-06-01,000338
2022-06-01,000425
2022-06-01,000538
2022-06-01,000568
2022-06-01,000596
2022-06-01,000625
2022-06-01,000651
2022-06-01,000661
2022-06-01,000703
2022-06-01,000708
2022-06-01,000725
2022-06-01,000768
2022-06-01,000776
2022-06-01,000783
2022-06-01,000786
2022-06-01,000800
2022-06-01,000858
2022-06-01,000876
2022-06-01,000895
2022-06-01,000938
2022-06-01,000963
2022-06-01,000977
2022-06-01,001979
2022-06-01,002001
2022-06-01,002007
2022-06-01,002008
2022-06-01,002024
2022-06-01,002027
2022-06-01,002032
2022-06-01,002044
2022-06-01,002049
2022-06-01,002050
2022-06-01,002064
2022-06-01,002120
2022-06-01,002129
2022-06-01,002142
2022-06-01,002157
2022-06-01,002179
2022-06-01,002202
2022-06-01,002230
2022-06-01,002236
2022-06-01,002241
2022-06-01,002252
2022-06-01,002271
2022-06-01,002304
2022-06-01,002311
2022-06-01,002352
2022-06-01,002371
2022-06-01,002410
2022-06-01,002414
2022-06-01,002415
2022-06-01,002459
2022-06-01,002460
2022-06-01,002466
2022-06-01,002475
2022-06-01,002493
2022-06-01,002555
2022-06-01,002568
2022-06-01,002594
2022-06-01,002600
2022-06-01,002601
2022-06-01,002602
2022-06-01,002607
2022-06-01,002624
2022-06-01,002709
2022-06-01,002714
2022-06-01,002736
2022-06-01,002791
2022-06-01,002812
2022-06-01,002821
2022-06-01,002841
2022-06-01,002916
2022-06-01,002938
2022-06-01,003816
2022-06-01,300003
2022-06-01,300014
2022-06-01,300015
2022-06-01,300033
2022-06-01,300059
2022-06-01,300122
2022-06-01,300124
2022-06-01,300142
2022-06-01,300144
2022-06-01,300274
2022-06-01,300316
2022-06-01,300347
2022-06-01,300408
2022-06-01,300413
2022-06-01,300433
2022-06-01,300450
2022-06-01,300498
2022-06-01,300529
2022-06-01,300558
2022-06-01,300595
2022-06-01,300601
2022-06-01,300628
2022-06-01,300676
2022-06-01,300677
2022-06-01,300750
2022-06-01,300759
2022-06-01,300760
2022-06-01,300782
2022-06-01,300866
2022-06-01,300888
2022-06-01,300896
2022-06-01,300999
2022-07-01,600000
2022-07-01,600009
2022-07-01,600010
2022-07-01,600011
2022-07-01,600015
2022-07-01,600016
2022-07-01,600018
2022-07-01,600019
2022-07-01,600025
2022-07-01,600028
2022-07-01,600029
2022-07-01,600030
2022-07-01,600031
2022-07-01,600036
2022-07-01,600048
2022-07-01,600050
2022-07-01,600061
2022-07-01,600085
2022-07-01,600089
2022-07-01,600104
2022-07-01,600111
2022-07-01,600115
2022-07-01,600132
2022-07-01,600150
2022-07-01,600161
2022-07-01,600176
2022-07-01,600183
2022-07-01,600188
2022-07-01,600196
2022-07-01,600219
2022-07-01,600276
2022-07-01,600309
2022-07-01,600332
2022-07-01,600346
2022-07-01,600352
2022-07-01,600362
2022-07-01,600383
2022-07-01,600406
2022-07-01,600426
2022-07-01,600436
2022-07-01,600438
2022-07-01,600460
2022-07-01,600489
2022-07-01,600519
2022-07-01,600547
2022-07-01,600570
2022-07-01,600584
2022-07-01,600585
2022-07-01,600588
2022-07-01,600600
2022-07-01,600606
2022-07-01,600655
2022-07-01,600660
2022-07-01,600690
2022-07-01,600741
2022-07-01,600745
2022-07-01,600760
2022-07-01,600763
2022-07-01,600795
2022-07-01,600809
2022-07-01,600837
2022-07-01,600845
2022-07-01,600886
2022-07-01,600887
2022-07-01,600893
2022-07-01,600900
2022-07-01,600905
2022-07-01,600918
2022-07-01,600919
2022-07-01,600926
2022-07-01,600941
2022-07-01,600958
2022-07-01,600989
2022-07-01,600999
2022-07-01,601006
2022-07-01,601009
2022-07-01,601012
2022-07-01,601021
2022-07-01,601066
2022-07-01,601088
2022-07-01,601100
2022-07-01,601111
2022-07-01,601117
2022-07-01,601138
2022-07-01,601155
2022-07-01,601166
2022-07-01,601169
2022-07-01,601186
2022-07-01,601211
2022-07-01,601216
2022-07-01,601225
2022-07-01,601229
2022-07-01,601236
2022-07-01,601238
2022-07-01,601288
2022-07-01,601318
2022-07-01,601319
2022-07-01,601328
2022-07-01,601336
2022-07-01,601360
2022-07-01,601377
2022-07-01,601390
2022-07-01,601398
2022-07-01,601600
2022-07-01,601601
2022-07-01,601618
2022-07-01,601628
2022-07-01,601633
2022-07-01,601658
2022-07-01,601668
2022-07-01,601669
2022-07-01,601688
2022-07-01,601698
2022-07-01,601728
2022-07-01,601766
2022-07-01,601788
2022-07-01,601799
2022-07-01,601800
2022-07-01,601808
2022-07-01,601816
2022-07-01,601818
2022-07-01,601825
2022-07-01,601838
2022-07-01,601857
2022-07-01,601865
2022-07-01,601868
2022-07-01,601877
2022-07-01,601878
2022-07-01,601881
2022-07-01,601888
2022-07-01,601898
2022-07-01,601899
2022-07-01,601901
2022-07-01,601916
2022-07-01,601919
2022-07-01,601939
2022-07-01,601966
2022-07-01,601985
2022-07-01,601988
2022-07-01,601989
2022-07-01,601995
2022-07-01,601998
2022-07-01,603019
2022-07-01,603087
2022-07-01,603160
2022-07-01,603185
2022-07-01,603195
2022-07-01,603259
2022-07-01,603260
2022-07-01,603288
2022-07-01,603290
2022-07-01,603369
2022-07-01,603392
2022-07-01,603486
2022-07-01,603501
2022-07-01,603659
2022-07-01,603799
2022-07-01,603806
2022-07-01,603833
2022-07-01,603882
2022-07-01,603899
2022-07-01,603986
2022-07-01,603993
2022-07-01,605499
2022-07-01,688005
2022-07-01,688008
2022-07-01,688012
2022-07-01,688036
2022-07-01,688065
2022-07-01,688111
2022-07-01,688126
2022-07-01,688169
2022-07-01,688363
2022-07-01,688396
2022-07-01,688561
2022-07-01,688599
2022-07-01,688981
2022-07-01,000001
2022-07-01,000002
2022-07-01,000063
2022-07-01,000066
2022-07-01,000069
2022-07-01,000100
2022-07-01,000157
2022-07-01,000166
2022-07-01,000301
2022-07-01,000333
2022-07-01,000338
2022-07-01,000408
2022-07-01,000425
2022-07-01,000538
2022-07-01,000568
2022-07-01,000596
2022-07-01,000625
2022-07-01,000651
2022-07-01,000661
2022-07-01,000703
2022-07-01,000708
2022-07-01,000725
2022-07-01,000768
2022-07-01,000776
2022-07-01,000786
2022-07-01,000792
2022-07-01,000800
2022-07-01,000858
2022-07-01,000876
2022-07-01,000877
2022-07-01,000895
2022-07-01,000938
2022-07-01,000963
2022-07-01,000977
2022-07-01,001289
2022-07-01,001979
2022-07-01,002001
2022-07-01,002007
2022-07-01,002008
2022-07-01,002027
2022-07-01,002032
2022-07-01,002049
2022-07-01,002050
2022-07-01,002064
2022-07-01,002074
2022-07-01,002120
2022-07-01,002129
2022-07-01,002142
2022-07-01,002179
2022-07-01,002202
2022-07-01,002230
2022-07-01,002236
2022-07-01,002241
2022-07-01,002252
2022-07-01,002271
2022-07-01,002304
2022-07-01,002311
2022-07-01,002352
2022-07-01,002371
2022-07-01,002410
2022-07-01,002414
2022-07-01,002415
2022-07-01,002459
2022-07-01,002460
2022-07-01,002466
2022-07-01,002475
2022-07-01,002493
2022-07-01,002555
2022-07-01,002568
2022-07-01,002594
2022-07-01,002600
2022-07-01,002601
2022-07-01,002602
2022-07-01,002607
2022-07-01,002648
2022-07-01,002709
2022-07-01,002714
2022-07-01,002736
2022-07-01,002791
2022-07-01,002812
2022-07-01,002821
2022-07-01,002841
2022-07-01,002916
2022-07-01,002920
2022-07-01,002938
2022-07-01,003816
2022-07-01,300003
2022-07-01,300014
2022-07-01,300015
2022-07-01,300033
2022-07-01,300059
2022-07-01,300122
2022-07-01,300124
2022-07-01,300142
2022-07-01,300207
2022-07-01,300223
2022-07-01,300274
2022-07-01,300316
2022-07-01,300347
2022-07-01,300408
2022-07-01,300413
2022-07-01,300433
2022-07-01,300450
2022-07-01,300454
2022-07-01,300496
2022-07-01,300498
2022-07-01,300529
2022-07-01,300595
2022-07-01,300601
2022-07-01,300628
2022-07-01,300661
2022-07-01,300750
2022-07-01,300751
2022-07-01,300759
2022-07-01,300760
2022-07-01,300763
2022-07-01,300782
2022-07-01,300866
2022-07-01,300896
2022-07-01,300919
2022-07-01,300957
2022-07-01,300979
2022-07-01,300999
2022-08-01,600000
2022-08-01,600009
2022-08-01,600010
2022-08-01,600011
2022-08-01,600015
2022-08-01,600016
2022-08-01,600018
2022-08-01,600019
2022-08-01,600025
2022-08-01,600028
2022-08-01,600029
2022-08-01,600030
2022-08-01,600031
2022-08-01,600036
2022-08-01,600048
2022-08-01,600050
2022-08-01,600061
2022-08-01,600085
2022-08-01,600089
2022-08-01,600104
2022-08-01,600111
2022-08-01,600115
2022-08-01,600132
2022-08-01,600150
2022-08-01,600161
2022-08-01,600176
2022-08-01,600183
2022-08-01,600188
2022-08-01,600196
2022-08-01,600219
2022-08-01,600276
2022-08-01,600309
2022-08-01,600332
2022-08-01,600346
2022-08-01,600352
2022-08-01,600362
2022-08-01,600383
2022-08-01,600406
2022-08-01,600426
2022-08-01,600436
2022-08-01,600438
2022-08-01,600460
2022-08-01,600489
2022-08-01,600519
2022-08-01,600547
2022-08-01,600570
2022-08-01,600584
2022-08-01,600585
2022-08-01,600588
2022-08-01,600600
2022-08-01,600606
2022-08-01,600655
2022-08-01,600660
2022-08-01,600690
2022-08-01,600741
2022-08-01,600745
2022-08-01,600760
2022-08-01,600763
2022-08-01,600795
2022-08-01,600809
2022-08-01,600837
2022-08-01,600845
2022-08-01,600886
2022-08-01,600887
2022-08-01,600893
2022-08-01,600900
2022-08-01,600905
2022-08-01,600918
2022-08-01,600919
2022-08-01,600926
2022-08-01,600941
2022-08-01,600958
2022-08-01,600989
2022-08-01,600999
2022-08-01,601006
2022-08-01,601009
2022-08-01,601012
2022-08-01,601021
2022-08-01,601066
2022-08-01,601088
2022-08-01,601100
2022-08-01,601111
2022-08-01,601117
2022-08-01,601138
2022-08-01,601155
2022-08-01,601166
2022-08-01,601169
2022-08-01,601186
2022-08-01,601211
2022-08-01,601216
2022-08-01,601225
2022-08-01,601229
2022-08-01,601236
2022-08-01,601238
2022-08-01,601288
2022-08-01,601318
2022-08-01,601319
2022-08-01,601328
2022-08-01,601336
2022-08-01,601360
2022-08-01,601377
2022-08-01,601390
2022-08-01,601398
2022-08-01,601600
2022-08-01,601601
2022-08-01,601618
2022-08-01,601628
2022-08-01,601633
2022-08-01,601658
2022-08-01,601668
2022-08-01,601669
2022-08-01,601688
2022-08-01,601698
2022-08-01,601728
2022-08-01,601766
2022-08-01,601788
2022-08-01,601799
2022-08-01,601800
2022-08-01,601808
2022-08-01,601816
2022-08-01,601818
2022-08-01,601825
2022-08-01,601838
2022-08-01,601857
2022-08-01,601865
2022-08-01,601868
2022-08-01,601877
2022-08-01,601878
2022-08-01,601881
2022-08-01,601888
2022-08-01,601898
2022-08-01,601899
2022-08-01,601901
2022-08-01,601916
2022-08-01,601919
2022-08-01,601939
2022-08-01,601966
2022-08-01,601985
2022-08-01,601988
2022-08-01,601989
2022-08-01,601995
2022-08-01,601998
2022-08-01,603019
2022-08-01,603087
2022-08-01,603160
2022-08-01,603185
2022-08-01,603195
2022-08-01,603259
2022-08-01,603260
2022-08-01,603288
2022-08-01,603290
2022-08-01,603369
2022-08-01,603392
2022-08-01,603486
2022-08-01,603501
2022-08-01,603659
2022-08-01,603799
2022-08-01,603806
2022-08-01,603833
2022-08-01,603882
2022-08-01,603899
2022-08-01,603986
2022-08-01,603993
2022-08-01,605499
2022-08-01,688005
2022-08-01,688008
2022-08-01,688012
2022-08-01,688036
2022-08-01,688065
2022-08-01,688111
2022-08-01,688126
2022-08-01,688169
2022-08-01,688363
2022-08-01,688396
2022-08-01,688561
2022-08-01,688599
2022-08-01,688981
2022-08-01,000001
2022-08-01,000002
2022-08-01,000063
2022-08-01,000066
2022-08-01,000069
2022-08-01,000100
2022-08-01,000157
2022-08-01,000166
2022-08-01,000301
2022-08-01,000333
2022-08-01,000338
2022-08-01,000408
2022-08-01,000425
2022-08-01,000538
2022-08-01,000568
2022-08-01,000596
2022-08-01,000625
2022-08-01,000651
2022-08-01,000661
2022-08-01,000703
2022-08-01,000708
2022-08-01,000725
2022-08-01,000768
2022-08-01,000776
2022-08-01,000786
2022-08-01,000792
2022-08-01,000800
2022-08-01,000858
2022-08-01,000876
2022-08-01,000877
2022-08-01,000895
2022-08-01,000938
2022-08-01,000963
2022-08-01,000977
2022-08-01,001289
2022-08-01,001979
2022-08-01,002001
2022-08-01,002007
2022-08-01,002008
2022-08-01,002027
2022-08-01,002032
2022-08-01,002049
2022-08-01,002050
2022-08-01,002064
2022-08-01,002074
2022-08-01,002120
2022-08-01,002129
2022-08-01,002142
2022-08-01,002179
2022-08-01,002202
2022-08-01,002230
2022-08-01,002236
2022-08-01,002241
2022-08-01,002252
2022-08-01,002271
2022-08-01,002304
2022-08-01,002311
2022-08-01,002352
2022-08-01,002371
2022-08-01,002410
2022-08-01,002414
2022-08-01,002415
2022-08-01,002459
2022-08-01,002460
2022-08-01,002466
2022-08-01,002475
2022-08-01,002493
2022-08-01,002555
2022-08-01,002568
2022-08-01,002594
2022-08-01,002600
2022-08-01,002601
2022-08-01,002602
2022-08-01,002607
2022-08-01,002648
2022-08-01,002709
2022-08-01,002714
2022-08-01,002736
2022-08-01,002791
2022-08-01,002812
2022-08-01,002821
2022-08-01,002841
2022-08-01,002916
2022-08-01,002920
2022-08-01,002938
2022-08-01,003816
2022-08-01,300003
2022-08-01,300014
2022-08-01,300015
2022-08-01,300033
2022-08-01,300059
2022-08-01,300122
2022-08-01,300124
2022-08-01,300142
2022-08-01,300207
2022-08-01,300223
2022-08-01,300274
2022-08-01,300316
2022-08-01,300347
2022-08-01,300408
2022-08-01,300413
2022-08-01,300433
2022-08-01,300450
2022-08-01,300454
2022-08-01,300496
2022-08-01,300498
2022-08-01,300529
2022-08-01,300595
2022-08-01,300601
2022-08-01,300628
2022-08-01,300661
2022-08-01,300750
2022-08-01,300751
2022-08-01,300759
2022-08-01,300760
2022-08-01,300763
2022-08-01,300782
2022-08-01,300866
2022-08-01,300896
2022-08-01,300919
2022-08-01,300957
2022-08-01,300979
2022-08-01,300999
2022-09-01,600000
2022-09-01,600009
2022-09-01,600010
2022-09-01,600011
2022-09-01,600015
2022-09-01,600016
2022-09-01,600018
2022-09-01,600019
2022-09-01,600025
2022-09-01,600028
2022-09-01,600029
2022-09-01,600030
2022-09-01,600031
2022-09-01,600036
2022-09-01,600048
2022-09-01,600050
2022-09-01,600061
2022-09-01,600085
2022-09-01,600089
2022-09-01,600104
2022-09-01,600111
2022-09-01,600115
2022-09-01,600132
2022-09-01,600150
2022-09-01,600161
2022-09-01,600176
2022-09-01,600183
2022-09-01,600188
2022-09-01,600196
2022-09-01,600219
2022-09-01,600276
2022-09-01,600309
2022-09-01,600332
2022-09-01,600346
2022-09-01,600352
2022-09-01,600362
2022-09-01,600383
2022-09-01,600406
2022-09-01,600426
2022-09-01,600436
2022-09-01,600438
2022-09-01,600460
2022-09-01,600489
2022-09-01,600519
2022-09-01,600547
2022-09-01,600570
2022-09-01,600584
2022-09-01,600585
2022-09-01,600588
2022-09-01,600600
2022-09-01,600606
2022-09-01,600655
2022-09-01,600660
2022-09-01,600690
2022-09-01,600741
2022-09-01,600745
2022-09-01,600760
2022-09-01,600763
2022-09-01,600795
2022-09-01,600809
2022-09-01,600837
2022-09-01,600845
2022-09-01,600886
2022-09-01,600887
2022-09-01,600893
2022-09-01,600900
2022-09-01,600905
2022-09-01,600918
2022-09-01,600919
2022-09-01,600926
2022-09-01,600941
2022-09-01,600958
2022-09-01,600989
2022-09-01,600999
2022-09-01,601006
2022-09-01,601009
2022-09-01,601012
2022-09-01,601021
2022-09-01,601066
2022-09-01,601088
2022-09-01,601100
2022-09-01,601111
2022-09-01,601117
2022-09-01,601138
2022-09-01,601155
2022-09-01,601166
2022-09-01,601169
2022-09-01,601186
2022-09-01,601211
2022-09-01,601216
2022-09-01,601225
2022-09-01,601229
2022-09-01,601236
2022-09-01,601238
2022-09-01,601288
2022-09-01,601318
2022-09-01,601319
2022-09-01,601328
2022-09-01,601336
2022-09-01,601360
2022-09-01,601377
2022-09-01,601390
2022-09-01,601398
2022-09-01,601600
2022-09-01,601601
2022-09-01,601618
2022-09-01,601628
2022-09-01,601633
2022-09-01,601658
2022-09-01,601668
2022-09-01,601669
2022-09-01,601688
2022-09-01,601698
2022-09-01,601728
2022-09-01,601766
2022-09-01,601788
2022-09-01,601799
2022-09-01,601800
2022-09-01,601808
2022-09-01,601816
2022-09-01,601818
2022-09-01,601825
2022-09-01,601838
2022-09-01,601857
2022-09-01,601865
2022-09-01,601868
2022-09-01,601877
2022-09-01,601878
2022-09-01,601881
2022-09-01,601888
2022-09-01,601898
2022-09-01,601899
2022-09-01,601901
2022-09-01,601916
2022-09-01,601919
2022-09-01,601939
2022-09-01,601966
2022-09-01,601985
2022-09-01,601988
2022-09-01,601989
2022-09-01,601995
2022-09-01,601998
2022-09-01,603019
2022-09-01,603087
2022-09-01,603160
2022-09-01,603185
2022-09-01,603195
2022-09-01,603259
2022-09-01,603260
2022-09-01,603288
2022-09-01,603290
2022-09-01,603369
2022-09-01,603392
2022-09-01,603486
2022-09-01,603501
2022-09-01,603659
2022-09-01,603799
2022-09-01,603806
2022-09-01,603833
2022-09-01,603882
2022-09-01,603899
2022-09-01,603986
2022-09-01,603993
2022-09-01,605499
2022-09-01,688005
2022-09-01,688008
2022-09-01,688012
2022-09-01,688036
2022-09-01,688065
2022-09-01,688111
2022-09-01,688126
2022-09-01,688169
2022-09-01,688363
2022-09-01,688396
2022-09-01,688561
2022-09-01,688599
2022-09-01,688981
2022-09-01,000001
2022-09-01,000002
2022-09-01,000063
2022-09-01,000066
2022-09-01,000069
2022-09-01,000100
2022-09-01,000157
2022-09-01,000166
2022-09-01,000301
2022-09-01,000333
2022-09-01,000338
2022-09-01,000408
2022-09-01,000425
2022-09-01,000538
2022-09-01,000568
2022-09-01,000596
2022-09-01,000625
2022-09-01,000651
2022-09-01,000661
2022-09-01,000703
2022-09-01,000708
2022-09-01,000725
2022-09-01,000768
2022-09-01,000776
2022-09-01,000786
2022-09-01,000792
2022-09-01,000800
2022-09-01,000858
2022-09-01,000876
2022-09-01,000877
2022-09-01,000895
2022-09-01,000938
2022-09-01,000963
2022-09-01,000977
2022-09-01,001289
2022-09-01,001979
2022-09-01,002001
2022-09-01,002007
2022-09-01,002008
2022-09-01,002027
2022-09-01,002032
2022-09-01,002049
2022-09-01,002050
2022-09-01,002064
2022-09-01,002074
2022-09-01,002120
2022-09-01,002129
2022-09-01,002142
2022-09-01,002179
2022-09-01,002202
2022-09-01,002230
2022-09-01,002236
2022-09-01,002241
2022-09-01,002252
2022-09-01,002271
2022-09-01,002304
2022-09-01,002311
2022-09-01,002352
2022-09-01,002371
2022-09-01,002410
2022-09-01,002414
2022-09-01,002415
2022-09-01,002459
2022-09-01,002460
2022-09-01,002466
2022-09-01,002475
2022-09-01,002493
2022-09-01,002555
2022-09-01,002568
2022-09-01,002594
2022-09-01,002600
2022-09-01,002601
2022-09-01,002602
2022-09-01,002607
2022-09-01,002648
2022-09-01,002709
2022-09-01,002714
2022-09-01,002736
2022-09-01,002791
2022-09-01,002812
2022-09-01,002821
2022-09-01,002841
2022-09-01,002916
2022-09-01,002920
2022-09-01,002938
2022-09-01,003816
2022-09-01,300003
2022-09-01,300014
2022-09-01,300015
2022-09-01,300033
2022-09-01,300059
2022-09-01,300122
2022-09-01,300124
2022-09-01,300142
2022-09-01,300207
2022-09-01,300223
2022-09-01,300274
2022-09-01,300316
2022-09-01,300347
2022-09-01,300408
2022-09-01,300413
2022-09-01,300433
2022-09-01,300450
2022-09-01,300454
2022-09-01,300496
2022-09-01,300498
2022-09-01,300529
2022-09-01,300595
2022-09-01,300601
2022-09-01,300628
2022-09-01,300661
2022-09-01,300750
2022-09-01,300751
2022-09-01,300759
2022-09-01,300760
2022-09-01,300763
2022-09-01,300782
2022-09-01,300866
2022-09-01,300896
2022-09-01,300919
2022-09-01,300957
2022-09-01,300979
2022-09-01,300999
2022-10-01,600000
2022-10-01,600009
2022-10-01,600010
2022-10-01,600011
2022-10-01,600015
2022-10-01,600016
2022-10-01,600018
2022-10-01,600019
2022-10-01,600025
2022-10-01,600028
2022-10-01,600029
2022-10-01,600030
2022-10-01,600031
2022-10-01,600036
2022-10-01,600048
2022-10-01,600050
2022-10-01,600061
2022-10-01,600085
2022-10-01,600089
2022-10-01,600104
2022-10-01,600111
2022-10-01,600115
2022-10-01,600132
2022-10-01,600150
2022-10-01,600161
2022-10-01,600176
2022-10-01,600183
2022-10-01,600188
2022-10-01,600196
2022-10-01,600219
2022-10-01,600276
2022-10-01,600309
2022-10-01,600332
2022-10-01,600346
2022-10-01,600352
2022-10-01,600362
2022-10-01,600383
2022-10-01,600406
2022-10-01,600426
2022-10-01,600436
2022-10-01,600438
2022-10-01,600460
2022-10-01,600489
2022-10-01,600519
2022-10-01,600547
2022-10-01,600570
2022-10-01,600584
2022-10-01,600585
2022-10-01,600588
2022-10-01,600600
2022-10-01,600606
2022-10-01,600655
2022-10-01,600660
2022-10-01,600690
2022-10-01,600741
2022-10-01,600745
2022-10-01,600760
2022-10-01,600763
2022-10-01,600795
2022-10-01,600809
2022-10-01,600837
2022-10-01,600845
2022-10-01,600886
2022-10-01,600887
2022-10-01,600893
2022-10-01,600900
2022-10-01,600905
2022-10-01,600918
2022-10-01,600919
2022-10-01,600926
2022-10-01,600941
2022-10-01,600958
2022-10-01,600989
2022-10-01,600999
2022-10-01,601006
2022-10-01,601009
2022-10-01,601012
2022-10-01,601021
2022-10-01,601066
2022-10-01,601088
2022-10-01,601100
2022-10-01,601111
2022-10-01,601117
2022-10-01,601138
2022-10-01,601155
2022-10-01,601166
2022-10-01,601169
2022-10-01,601186
2022-10-01,601211
2022-10-01,601216
2022-10-01,601225
2022-10-01,601229
2022-10-01,601236
2022-10-01,601238
2022-10-01,601288
2022-10-01,601318
2022-10-01,601319
2022-10-01,601328
2022-10-01,601336
2022-10-01,601360
2022-10-01,601377
2022-10-01,601390
2022-10-01,601398
2022-10-01,601600
2022-10-01,601601
2022-10-01,601618
2022-10-01,601628
2022-10-01,601633
2022-10-01,601658
2022-10-01,601668
2022-10-01,601669
2022-10-01,601688
2022-10-01,601698
2022-10-01,601728
2022-10-01,601766
2022-10-01,601788
2022-10-01,601799
2022-10-01,601800
2022-10-01,601808
2022-10-01,601816
2022-10-01,601818
2022-10-01,601825
2022-10-01,601838
2022-10-01,601857
2022-10-01,601865
2022-10-01,601868
2022-10-01,601877
2022-10-01,601878
2022-10-01,601881
2022-10-01,601888
2022-10-01,601898
2022-10-01,601899
2022-10-01,601901
2022-10-01,601916
2022-10-01,601919
2022-10-01,601939
2022-10-01,601966
2022-10-01,601985
2022-10-01,601988
2022-10-01,601989
2022-10-01,601995
2022-10-01,601998
2022-10-01,603019
2022-10-01,603087
2022-10-01,603160
2022-10-01,603185
2022-10-01,603195
2022-10-01,603259
2022-10-01,603260
2022-10-01,603288
2022-10-01,603290
2022-10-01,603369
2022-10-01,603392
2022-10-01,603486
2022-10-01,603501
2022-10-01,603659
2022-10-01,603799
2022-10-01,603806
2022-10-01,603833
2022-10-01,603882
2022-10-01,603899
2022-10-01,603986
2022-10-01,603993
2022-10-01,605499
2022-10-01,688005
2022-10-01,688008
2022-10-01,688012
2022-10-01,688036
2022-10-01,688065
2022-10-01,688111
2022-10-01,688126
2022-10-01,688169
2022-10-01,688363
2022-10-01,688396
2022-10-01,688561
2022-10-01,688599
2022-10-01,688981
2022-10-01,000001
2022-10-01,000002
2022-10-01,000063
2022-10-01,000066
2022-10-01,000069
2022-10-01,000100
2022-10-01,000157
2022-10-01,000166
2022-10-01,000301
2022-10-01,000333
2022-10-01,000338
2022-10-01,000408
2022-10-01,000425
2022-10-01,000538
2022-10-01,000568
2022-10-01,000596
2022-10-01,000625
2022-10-01,000651
2022-10-01,000661
2022-10-01,000703
2022-10-01,000708
2022-10-01,000725
2022-10-01,000768
2022-10-01,000776
2022-10-01,000786
2022-10-01,000792
2022-10-01,000800
2022-10-01,000858
2022-10-01,000876
2022-10-01,000877
2022-10-01,000895
2022-10-01,000938
2022-10-01,000963
2022-10-01,000977
2022-10-01,001289
2022-10-01,001979
2022-10-01,002001
2022-10-01,002007
2022-10-01,002008
2022-10-01,002027
2022-10-01,002032
2022-10-01,002049
2022-10-01,002050
2022-10-01,002064
2022-10-01,002074
2022-10-01,002120
2022-10-01,002129
2022-10-01,002142
2022-10-01,002179
2022-10-01,002202
2022-10-01,002230
2022-10-01,002236
2022-10-01,002241
2022-10-01,002252
2022-10-01,002271
2022-10-01,002304
2022-10-01,002311
2022-10-01,002352
2022-10-01,002371
2022-10-01,002410
2022-10-01,002414
2022-10-01,002415
2022-10-01,002459
2022-10-01,002460
2022-10-01,002466
2022-10-01,002475
2022-10-01,002493
2022-10-01,002555
2022-10-01,002568
2022-10-01,002594
2022-10-01,002600
2022-10-01,002601
2022-10-01,002602
2022-10-01,002607
2022-10-01,002648
2022-10-01,002709
2022-10-01,002714
2022-10-01,002736
2022-10-01,002791
2022-10-01,002812
2022-10-01,002821
2022-10-01,002841
2022-10-01,002916
2022-10-01,002920
2022-10-01,002938
2022-10-01,003816
2022-10-01,300003
2022-10-01,300014
2022-10-01,300015
2022-10-01,300033
2022-10-01,300059
2022-10-01,300122
2022-10-01,300124
2022-10-01,300142
2022-10-01,300207
2022-10-01,300223
2022-10-01,300274
2022-10-01,300316
2022-10-01,300347
2022-10-01,300408
2022-10-01,300413
2022-10-01,300433
2022-10-01,300450
2022-10-01,300454
2022-10-01,300496
2022-10-01,300498
2022-10-01,300529
2022-10-01,300595
2022-10-01,300601
2022-10-01,300628
2022-10-01,300661
2022-10-01,300750
2022-10-01,300751
2022-10-01,300759
2022-10-01,300760
2022-10-01,300763
2022-10-01,300782
2022-10-01,300866
2022-10-01,300896
2022-10-01,300919
2022-10-01,300957
2022-10-01,300979
2022-10-01,300999
2022-11-01,600000
2022-11-01,600009
2022-11-01,600010
2022-11-01,600011
2022-11-01,600015
2022-11-01,600016
2022-11-01,600018
2022-11-01,600019
2022-11-01,600025
2022-11-01,600028
2022-11-01,600029
2022-11-01,600030
2022-11-01,600031
2022-11-01,600036
2022-11-01,600048
2022-11-01,600050
2022-11-01,600061
2022-11-01,600085
2022-11-01,600089
2022-11-01,600104
2022-11-01,600111
2022-11-01,600115
2022-11-01,600132
2022-11-01,600150
2022-11-01,600161
2022-11-01,600176
2022-11-01,600183
2022-11-01,600188
2022-11-01,600196
2022-11-01,600219
2022-11-01,600276
2022-11-01,600309
2022-11-01,600332
2022-11-01,600346
2022-11-01,600352
2022-11-01,600362
2022-11-01,600383
2022-11-01,600406
2022-11-01,600426
2022-11-01,600436
2022-11-01,600438
2022-11-01,600460
2022-11-01,600489
2022-11-01,600519
2022-11-01,600547
2022-11-01,600570
2022-11-01,600584
2022-11-01,600585
2022-11-01,600588
2022-11-01,600600
2022-11-01,600606
2022-11-01,600655
2022-11-01,600660
2022-11-01,600690
2022-11-01,600741
2022-11-01,600745
2022-11-01,600760
2022-11-01,600763
2022-11-01,600795
2022-11-01,600809
2022-11-01,600837
2022-11-01,600845
2022-11-01,600886
2022-11-01,600887
2022-11-01,600893
2022-11-01,600900
2022-11-01,600905
2022-11-01,600918
2022-11-01,600919
2022-11-01,600926
2022-11-01,600941
2022-11-01,600958
2022-11-01,600989
2022-11-01,600999
2022-11-01,601006
2022-11-01,601009
2022-11-01,601012
2022-11-01,601021
2022-11-01,601066
2022-11-01,601088
2022-11-01,601100
2022-11-01,601111
2022-11-01,601117
2022-11-01,601138
2022-11-01,601155
2022-11-01,601166
2022-11-01,601169
2022-11-01,601186
2022-11-01,601211
2022-11-01,601216
2022-11-01,601225
2022-11-01,601229
2022-11-01,601236
2022-11-01,601238
2022-11-01,601288
2022-11-01,601318
2022-11-01,601319
2022-11-01,601328
2022-11-01,601336
2022-11-01,601360
2022-11-01,601377
2022-11-01,601390
2022-11-01,601398
2022-11-01,601600
2022-11-01,601601
2022-11-01,601618
2022-11-01,601628
2022-11-01,601633
2022-11-01,601658
2022-11-01,601668
2022-11-01,601669
2022-11-01,601688
2022-11-01,601698
2022-11-01,601728
2022-11-01,601766
2022-11-01,601788
2022-11-01,601799
2022-11-01,601800
2022-11-01,601808
2022-11-01,601816
2022-11-01,601818
2022-11-01,601825
2022-11-01,601838
2022-11-01,601857
2022-11-01,601865
2022-11-01,601868
2022-11-01,601877
2022-11-01,601878
2022-11-01,601881
2022-11-01,601888
2022-11-01,601898
2022-11-01,601899
2022-11-01,601901
2022-11-01,601916
2022-11-01,601919
2022-11-01,601939
2022-11-01,601966
2022-11-01,601985
2022-11-01,601988
2022-11-01,601989
2022-11-01,601995
2022-11-01,601998
2022-11-01,603019
2022-11-01,603087
2022-11-01,603160
2022-11-01,603185
2022-11-01,603195
2022-11-01,603259
2022-11-01,603260
2022-11-01,603288
2022-11-01,603290
2022-11-01,603369
2022-11-01,603392
2022-11-01,603486
2022-11-01,603501
2022-11-01,603659
2022-11-01,603799
2022-11-01,603806
2022-11-01,603833
2022-11-01,603882
2022-11-01,603899
2022-11-01,603986
2022-11-01,603993
2022-11-01,605499
2022-11-01,688005
2022-11-01,688008
2022-11-01,688012
2022-11-01,688036
2022-11-01,688065
2022-11-01,688111
2022-11-01,688126
2022-11-01,688169
2022-11-01,688363
2022-11-01,688396
2022-11-01,688561
2022-11-01,688599
2022-11-01,688981
2022-11-01,000001
2022-11-01,000002
2022-11-01,000063
2022-11-01,000066
2022-11-01,000069
2022-11-01,000100
2022-11-01,000157
2022-11-01,000166
2022-11-01,000301
2022-11-01,000333
2022-11-01,000338
2022-11-01,000408
2022-11-01,000425
2022-11-01,000538
2022-11-01,000568
2022-11-01,000596
2022-11-01,000625
2022-11-01,000651
2022-11-01,000661
2022-11-01,000703
2022-11-01,000708
2022-11-01,000725
2022-11-01,000768
2022-11-01,000776
2022-11-01,000786
2022-11-01,000792
2022-11-01,000800
2022-11-01,000858
2022-11-01,000876
2022-11-01,000877
2022-11-01,000895
2022-11-01,000938
2022-11-01,000963
2022-11-01,000977
2022-11-01,001289
2022-11-01,001979
2022-11-01,002001
2022-11-01,002007
2022-11-01,002008
2022-11-01,002027
2022-11-01,002032
2022-11-01,002049
2022-11-01,002050
2022-11-01,002064
2022-11-01,002074
2022-11-01,002120
2022-11-01,002129
2022-11-01,002142
2022-11-01,002179
2022-11-01,002202
2022-11-01,002230
2022-11-01,002236
2022-11-01,002241
2022-11-01,002252
2022-11-01,002271
2022-11-01,002304
2022-11-01,002311
2022-11-01,002352
2022-11-01,002371
2022-11-01,002410
2022-11-01,002414
2022-11-01,002415
2022-11-01,002459
2022-11-01,002460
2022-11-01,002466
2022-11-01,002475
2022-11-01,002493
2022-11-01,002555
2022-11-01,002568
2022-11-01,002594
2022-11-01,002600
2022-11-01,002601
2022-11-01,002602
2022-11-01,002607
2022-11-01,002648
2022-11-01,002709
2022-11-01,002714
2022-11-01,002736
2022-11-01,002791
2022-11-01,002812
2022-11-01,002821
2022-11-01,002841
2022-11-01,002916
2022-11-01,002920
2022-11-01,002938
2022-11-01,003816
2022-11-01,300003
2022-11-01,300014
2022-11-01,300015
2022-11-01,300033
2022-11-01,300059
2022-11-01,300122
2022-11-01,300124
2022-11-01,300142
2022-11-01,300207
2022-11-01,300223
2022-11-01,300274
2022-11-01,300316
2022-11-01,300347
2022-11-01,300408
2022-11-01,300413
2022-11-01,300433
2022-11-01,300450
2022-11-01,300454
2022-11-01,300496
2022-11-01,300498
2022-11-01,300529
2022-11-01,300595
2022-11-01,300601
2022-11-01,300628
2022-11-01,300661
2022-11-01,300750
2022-11-01,300751
2022-11-01,300759
2022-11-01,300760
2022-11-01,300763
2022-11-01,300782
2022-11-01,300866
2022-11-01,300896
2022-11-01,300919
2022-11-01,300957
2022-11-01,300979
2022-11-01,300999
2022-12-01,600000
2022-12-01,600009
2022-12-01,600010
2022-12-01,600011
2022-12-01,600015
2022-12-01,600016
2022-12-01,600018
2022-12-01,600019
2022-12-01,600025
2022-12-01,600028
2022-12-01,600029
2022-12-01,600030
2022-12-01,600031
2022-12-01,600036
2022-12-01,600048
2022-12-01,600050
2022-12-01,600061
2022-12-01,600085
2022-12-01,600089
2022-12-01,600104
2022-12-01,600111
2022-12-01,600115
2022-12-01,600132
2022-12-01,600150
2022-12-01,600161
2022-12-01,600176
2022-12-01,600183
2022-12-01,600188
2022-12-01,600196
2022-12-01,600219
2022-12-01,600276
2022-12-01,600309
2022-12-01,600332
2022-12-01,600346
2022-12-01,600352
2022-12-01,600362
2022-12-01,600383
2022-12-01,600406
2022-12-01,600426
2022-12-01,600436
2022-12-01,600438
2022-12-01,600460
2022-12-01,600489
2022-12-01,600519
2022-12-01,600547
2022-12-01,600570
2022-12-01,600584
2022-12-01,600585
2022-12-01,600588
2022-12-01,600600
2022-12-01,600606
2022-12-01,600655
2022-12-01,600660
2022-12-01,600690
2022-12-01,600741
2022-12-01,600745
2022-12-01,600760
2022-12-01,600763
2022-12-01,600795
2022-12-01,600809
2022-12-01,600837
2022-12-01,600845
2022-12-01,600886
2022-12-01,600887
2022-12-01,600893
2022-12-01,600900
2022-12-01,600905
2022-12-01,600918
2022-12-01,600919
2022-12-01,600926
2022-12-01,600941
2022-12-01,600958
2022-12-01,600989
2022-12-01,600999
2022-12-01,601006
2022-12-01,601009
2022-12-01,601012
2022-12-01,601021
2022-12-01,601066
2022-12-01,601088
2022-12-01,601100
2022-12-01,601111
2022-12-01,601117
2022-12-01,601138
2022-12-01,601155
2022-12-01,601166
2022-12-01,601169
2022-12-01,601186
2022-12-01,601211
2022-12-01,601216
2022-12-01,601225
2022-12-01,601229
2022-12-01,601236
2022-12-01,601238
2022-12-01,601288
2022-12-01,601318
2022-12-01,601319
2022-12-01,601328
2022-12-01,601336
2022-12-01,601360
2022-12-01,601377
2022-12-01,601390
2022-12-01,601398
2022-12-01,601600
2022-12-01,601601
2022-12-01,601618
2022-12-01,601628
2022-12-01,601633
2022-12-01,601658
2022-12-01,601668
2022-12-01,601669
2022-12-01,601688
2022-12-01,601698
2022-12-01,601728
2022-12-01,601766
2022-12-01,601788
2022-12-01,601799
2022-12-01,601800
2022-12-01,601808
2022-12-01,601816
2022-12-01,601818
2022-12-01,601825
2022-12-01,601838
2022-12-01,601857
2022-12-01,601865
2022-12-01,601868
2022-12-01,601877
2022-12-01,601878
2022-12-01,601881
2022-12-01,601888
2022-12-01,601898
2022-12-01,601899
2022-12-01,601901
2022-12-01,601916
2022-12-01,601919
2022-12-01,601939
2022-12-01,601966
2022-12-01,601985
2022-12-01,601988
2022-12-01,601989
2022-12-01,601995
2022-12-01,601998
2022-12-01,603019
2022-12-01,603087
2022-12-01,603160
2022-12-01,603185
2022-12-01,603195
2022-12-01,603259
2022-12-01,603260
2022-12-01,603288
2022-12-01,603290
2022-12-01,603369
2022-12-01,603392
2022-12-01,603486
2022-12-01,603501
2022-12-01,603659
2022-12-01,603799
2022-12-01,603806
2022-12-01,603833
2022-12-01,603882
2022-12-01,603899
2022-12-01,603986
2022-12-01,603993
2022-12-01,605499
2022-12-01,688005
2022-12-01,688008
2022-12-01,688012
2022-12-01,688036
2022-12-01,688065
2022-12-01,688111
2022-12-01,688126
2022-12-01,688169
2022-12-01,688363
2022-12-01,688396
2022-12-01,688561
2022-12-01,688599
2022-12-01,688981
2022-12-01,000001
2022-12-01,000002
2022-12-01,000063
2022-12-01,000066
2022-12-01,000069
2022-12-01,000100
2022-12-01,000157
2022-12-01,000166
2022-12-01,000301
2022-12-01,000333
2022-12-01,000338
2022-12-01,000408
2022-12-01,000425
2022-12-01,000538
2022-12-01,000568
2022-12-01,000596
2022-12-01,000625
2022-12-01,000651
2022-12-01,000661
2022-12-01,000703
2022-12-01,000708
2022-12-01,000725
2022-12-01,000768
2022-12-01,000776
2022-12-01,000786
2022-12-01,000792
2022-12-01,000800
2022-12-01,000858
2022-12-01,000876
2022-12-01,000877
2022-12-01,000895
2022-12-01,000938
2022-12-01,000963
2022-12-01,000977
2022-12-01,001289
2022-12-01,001979
2022-12-01,002001
2022-12-01,002007
2022-12-01,002008
2022-12-01,002027
2022-12-01,002032
2022-12-01,002049
2022-12-01,002050
2022-12-01,002064
2022-12-01,002074
2022-12-01,002120
2022-12-01,002129
2022-12-01,002142
2022-12-01,002179
2022-12-01,002202
2022-12-01,002230
2022-12-01,002236
2022-12-01,002241
2022-12-01,002252
2022-12-01,002271
2022-12-01,002304
2022-12-01,002311
2022-12-01,002352
2022-12-01,002371
2022-12-01,002410
2022-12-01,002414
2022-12-01,002415
2022-12-01,002459
2022-12-01,002460
2022-12-01,002466
2022-12-01,002475
2022-12-01,002493
2022-12-01,002555
2022-12-01,002568
2022-12-01,002594
2022-12-01,002600
2022-12-01,002601
2022-12-01,002602
2022-12-01,002607
2022-12-01,002648
2022-12-01,002709
2022-12-01,002714
2022-12-01,002736
2022-12-01,002791
2022-12-01,002812
2022-12-01,002821
2022-12-01,002841
2022-12-01,002916
2022-12-01,002920
2022-12-01,002938
2022-12-01,003816
2022-12-01,300003
2022-12-01,300014
2022-12-01,300015
2022-12-01,300033
2022-12-01,300059
2022-12-01,300122
2022-12-01,300124
2022-12-01,300142
2022-12-01,300207
2022-12-01,300223
2022-12-01,300274
2022-12-01,300316
2022-12-01,300347
2022-12-01,300408
2022-12-01,300413
2022-12-01,300433
2022-12-01,300450
2022-12-01,300454
2022-12-01,300496
2022-12-01,300498
2022-12-01,300529
2022-12-01,300595
2022-12-01,300601
2022-12-01,300628
2022-12-01,300661
2022-12-01,300750
2022-12-01,300751
2022-12-01,300759
2022-12-01,300760
2022-12-01,300763
2022-12-01,300782
2022-12-01,300866
2022-12-01,300896
2022-12-01,300919
2022-12-01,300957
2022-12-01,300979
2022-12-01,300999
2023-01-01,600000
2023-01-01,600009
2023-01-01,600010
2023-01-01,600011
2023-01-01,600015
2023-01-01,600016
2023-01-01,600018
2023-01-01,600019
2023-01-01,600025
2023-01-01,600028
2023-01-01,600029
2023-01-01,600030
2023-01-01,600031
2023-01-01,600036
2023-01-01,600048
2023-01-01,600050
2023-01-01,600061
2023-01-01,600085
2023-01-01,600089
2023-01-01,600104
2023-01-01,600111
2023-01-01,600115
2023-01-01,600132
2023-01-01,600150
2023-01-01,600161
2023-01-01,600176
2023-01-01,600183
2023-01-01,600188
2023-01-01,600196
2023-01-01,600219
2023-01-01,600276
2023-01-01,600309
2023-01-01,600332
2023-01-01,600346
2023-01-01,600352
2023-01-01,600362
2023-01-01,600383
2023-01-01,600406
2023-01-01,600426
2023-01-01,600436
2023-01-01,600438
2023-01-01,600460
2023-01-01,600489
2023-01-01,600519
2023-01-01,600547
2023-01-01,600570
2023-01-01,600584
2023-01-01,600585
2023-01-01,600588
2023-01-01,600600
2023-01-01,600606
2023-01-01,600655
2023-01-01,600660
2023-01-01,600690
2023-01-01,600741
2023-01-01,600745
2023-01-01,600760
2023-01-01,600763
2023-01-01,600795
2023-01-01,600809
2023-01-01,600837
2023-01-01,600845
2023-01-01,600886
2023-01-01,600887
2023-01-01,600893
2023-01-01,600900
2023-01-01,600905
2023-01-01,600918
2023-01-01,600919
2023-01-01,600926
2023-01-01,600941
2023-01-01,600958
2023-01-01,600989
2023-01-01,600999
2023-01-01,601006
2023-01-01,601009
2023-01-01,601012
2023-01-01,601021
2023-01-01,601066
2023-01-01,601088
2023-01-01,601100
2023-01-01,601111
2023-01-01,601117
2023-01-01,601138
2023-01-01,601155
2023-01-01,601166
2023-01-01,601169
2023-01-01,601186
2023-01-01,601211
2023-01-01,601216
2023-01-01,601225
2023-01-01,601229
2023-01-01,601236
2023-01-01,601238
2023-01-01,601288
2023-01-01,601318
2023-01-01,601319
2023-01-01,601328
2023-01-01,601336
2023-01-01,601360
2023-01-01,601377
2023-01-01,601390
2023-01-01,601398
2023-01-01,601600
2023-01-01,601601
2023-01-01,601618
2023-01-01,601628
2023-01-01,601633
2023-01-01,601658
2023-01-01,601668
2023-01-01,601669
2023-01-01,601688
2023-01-01,601698
2023-01-01,601728
2023-01-01,601766
2023-01-01,601788
2023-01-01,601799
2023-01-01,601800
2023-01-01,601808
2023-01-01,601816
2023-01-01,601818
2023-01-01,601825
2023-01-01,601838
2023-01-01,601857
2023-01-01,601865
2023-01-01,601868
2023-01-01,601877
2023-01-01,601878
2023-01-01,601881
2023-01-01,601888
2023-01-01,601898
2023-01-01,601899
2023-01-01,601901
2023-01-01,601916
2023-01-01,601919
2023-01-01,601939
2023-01-01,601966
2023-01-01,601985
2023-01-01,601988
2023-01-01,601989
2023-01-01,601995
2023-01-01,601998
2023-01-01,603019
2023-01-01,603087
2023-01-01,603160
2023-01-01,603185
2023-01-01,603195
2023-01-01,603259
2023-01-01,603260
2023-01-01,603288
2023-01-01,603290
2023-01-01,603369
2023-01-01,603392
2023-01-01,603486
2023-01-01,603501
2023-01-01,603659
2023-01-01,603799
2023-01-01,603806
2023-01-01,603833
2023-01-01,603882
2023-01-01,603899
2023-01-01,603986
2023-01-01,603993
2023-01-01,605499
2023-01-01,688005
2023-01-01,688008
2023-01-01,688012
2023-01-01,688036
2023-01-01,688065
2023-01-01,688111
2023-01-01,688126
2023-01-01,688169
2023-01-01,688363
2023-01-01,688396
2023-01-01,688561
2023-01-01,688599
2023-01-01,688981
2023-01-01,000001
2023-01-01,000002
2023-01-01,000063
2023-01-01,000066
2023-01-01,000069
2023-01-01,000100
2023-01-01,000157
2023-01-01,000166
2023-01-01,000301
2023-01-01,000333
2023-01-01,000338
2023-01-01,000408
2023-01-01,000425
2023-01-01,000538
2023-01-01,000568
2023-01-01,000596
2023-01-01,000625
2023-01-01,000651
2023-01-01,000661
2023-01-01,000703
2023-01-01,000708
2023-01-01,000725
2023-01-01,000768
2023-01-01,000776
2023-01-01,000786
2023-01-01,000792
2023-01-01,000800
2023-01-01,000858
2023-01-01,000876
2023-01-01,000877
2023-01-01,000895
2023-01-01,000938
2023-01-01,000963
2023-01-01,000977
2023-01-01,001289
2023-01-01,001979
2023-01-01,002001
2023-01-01,002007
2023-01-01,002008
2023-01-01,002027
2023-01-01,002032
2023-01-01,002049
2023-01-01,002050
2023-01-01,002064
2023-01-01,002074
2023-01-01,002120
2023-01-01,002129
2023-01-01,002142
2023-01-01,002179
2023-01-01,002202
2023-01-01,002230
2023-01-01,002236
2023-01-01,002241
2023-01-01,002252
2023-01-01,002271
2023-01-01,002304
2023-01-01,002311
2023-01-01,002352
2023-01-01,002371
2023-01-01,002410
2023-01-01,002414
2023-01-01,002415
2023-01-01,002459
2023-01-01,002460
2023-01-01,002466
2023-01-01,002475
2023-01-01,002493
2023-01-01,002555
2023-01-01,002568
2023-01-01,002594
2023-01-01,002600
2023-01-01,002601
2023-01-01,002602
2023-01-01,002607
2023-01-01,002648
2023-01-01,002709
2023-01-01,002714
2023-01-01,002736
2023-01-01,002791
2023-01-01,002812
2023-01-01,002821
2023-01-01,002841
2023-01-01,002916
2023-01-01,002920
2023-01-01,002938
2023-01-01,003816
2023-01-01,300003
2023-01-01,300014
2023-01-01,300015
2023-01-01,300033
2023-01-01,300059
2023-01-01,300122
2023-01-01,300124
2023-01-01,300142
2023-01-01,300207
2023-01-01,300223
2023-01-01,300274
2023-01-01,300316
2023-01-01,300347
2023-01-01,300408
2023-01-01,300413
2023-01-01,300433
2023-01-01,300450
2023-01-01,300454
2023-01-01,300496
2023-01-01,300498
2023-01-01,300529
2023-01-01,300595
2023-01-01,300601
2023-01-01,300628
2023-01-01,300661
2023-01-01,300750
2023-01-01,300751
2023-01-01,300759
2023-01-01,300760
2023-01-01,300763
2023-01-01,300782
2023-01-01,300866
2023-01-01,300896
2023-01-01,300919
2023-01-01,300957
2023-01-01,300979
2023-01-01,300999
2023-02-01,600000
2023-02-01,600009
2023-02-01,600010
2023-02-01,600011
2023-02-01,600015
2023-02-01,600016
2023-02-01,600018
2023-02-01,600019
2023-02-01,600025
2023-02-01,600028
2023-02-01,600029
2023-02-01,600030
2023-02-01,600031
2023-02-01,600036
2023-02-01,600048
2023-02-01,600050
2023-02-01,600061
2023-02-01,600085
2023-02-01,600089
2023-02-01,600104
2023-02-01,600111
2023-02-01,600115
2023-02-01,600132
2023-02-01,600150
2023-02-01,600161
2023-02-01,600176
2023-02-01,600183
2023-02-01,600188
2023-02-01,600196
2023-02-01,600219
2023-02-01,600276
2023-02-01,600309
2023-02-01,600332
2023-02-01,600346
2023-02-01,600352
2023-02-01,600362
2023-02-01,600383
2023-02-01,600406
2023-02-01,600426
2023-02-01,600436
2023-02-01,600438
2023-02-01,600460
2023-02-01,600489
2023-02-01,600519
2023-02-01,600547
2023-02-01,600570
2023-02-01,600584
2023-02-01,600585
2023-02-01,600588
2023-02-01,600600
2023-02-01,600606
2023-02-01,600655
2023-02-01,600660
2023-02-01,600690
2023-02-01,600741
2023-02-01,600745
2023-02-01,600760
2023-02-01,600763
2023-02-01,600795
2023-02-01,600809
2023-02-01,600837
2023-02-01,600845
2023-02-01,600886
2023-02-01,600887
2023-02-01,600893
2023-02-01,600900
2023-02-01,600905
2023-02-01,600918
2023-02-01,600919
2023-02-01,600926
2023-02-01,600941
2023-02-01,600958
2023-02-01,600989
2023-02-01,600999
2023-02-01,601006
2023-02-01,601009
2023-02-01,601012
2023-02-01,601021
2023-02-01,601066
2023-02-01,601088
2023-02-01,601100
2023-02-01,601111
2023-02-01,601117
2023-02-01,601138
2023-02-01,601155
2023-02-01,601166
2023-02-01,601169
2023-02-01,601186
2023-02-01,601211
2023-02-01,601216
2023-02-01,601225
2023-02-01,601229
2023-02-01,601236
2023-02-01,601238
2023-02-01,601288
2023-02-01,601318
2023-02-01,601319
2023-02-01,601328
2023-02-01,601336
2023-02-01,601360
2023-02-01,601377
2023-02-01,601390
2023-02-01,601398
2023-02-01,601600
2023-02-01,601601
2023-02-01,601618
2023-02-01,601628
2023-02-01,601633
2023-02-01,601658
2023-02-01,601668
2023-02-01,601669
2023-02-01,601688
2023-02-01,601698
2023-02-01,601728
2023-02-01,601766
2023-02-01,601788
2023-02-01,601799
2023-02-01,601800
2023-02-01,601808
2023-02-01,601816
2023-02-01,601818
2023-02-01,601825
2023-02-01,601838
2023-02-01,601857
2023-02-01,601865
2023-02-01,601868
2023-02-01,601877
2023-02-01,601878
2023-02-01,601881
2023-02-01,601888
2023-02-01,601898
2023-02-01,601899
2023-02-01,601901
2023-02-01,601916
2023-02-01,601919
2023-02-01,601939
2023-02-01,601966
2023-02-01,601985
2023-02-01,601988
2023-02-01,601989
2023-02-01,601995
2023-02-01,601998
2023-02-01,603019
2023-02-01,603087
2023-02-01,603160
2023-02-01,603185
2023-02-01,603195
2023-02-01,603259
2023-02-01,603260
2023-02-01,603288
2023-02-01,603290
2023-02-01,603369
2023-02-01,603392
2023-02-01,603486
2023-02-01,603501
2023-02-01,603659
2023-02-01,603799
2023-02-01,603806
2023-02-01,603833
2023-02-01,603882
2023-02-01,603899
2023-02-01,603986
2023-02-01,603993
2023-02-01,605499
2023-02-01,688005
2023-02-01,688008
2023-02-01,688012
2023-02-01,688036
2023-02-01,688065
2023-02-01,688111
2023-02-01,688126
2023-02-01,688169
2023-02-01,688363
2023-02-01,688396
2023-02-01,688561
2023-02-01,688599
2023-02-01,688981
2023-02-01,000001
2023-02-01,000002
2023-02-01,000063
2023-02-01,000066
2023-02-01,000069
2023-02-01,000100
2023-02-01,000157
2023-02-01,000166
2023-02-01,000301
2023-02-01,000333
2023-02-01,000338
2023-02-01,000408
2023-02-01,000425
2023-02-01,000538
2023-02-01,000568
2023-02-01,000596
2023-02-01,000625
2023-02-01,000651
2023-02-01,000661
2023-02-01,000703
2023-02-01,000708
2023-02-01,000725
2023-02-01,000768
2023-02-01,000776
2023-02-01,000786
2023-02-01,000792
2023-02-01,000800
2023-02-01,000858
2023-02-01,000876
2023-02-01,000877
2023-02-01,000895
2023-02-01,000938
2023-02-01,000963
2023-02-01,000977
2023-02-01,001289
2023-02-01,001979
2023-02-01,002001
2023-02-01,002007
2023-02-01,002008
2023-02-01,002027
2023-02-01,002032
2023-02-01,002049
2023-02-01,002050
2023-02-01,002064
2023-02-01,002074
2023-02-01,002120
2023-02-01,002129
2023-02-01,002142
2023-02-01,002179
2023-02-01,002202
2023-02-01,002230
2023-02-01,002236
2023-02-01,002241
2023-02-01,002252
2023-02-01,002271
2023-02-01,002304
2023-02-01,002311
2023-02-01,002352
2023-02-01,002371
2023-02-01,002410
2023-02-01,002414
2023-02-01,002415
2023-02-01,002459
2023-02-01,002460
2023-02-01,002466
2023-02-01,002475
2023-02-01,002493
2023-02-01,002555
2023-02-01,002568
2023-02-01,002594
2023-02-01,002600
2023-02-01,002601
2023-02-01,002602
2023-02-01,002607
2023-02-01,002648
2023-02-01,002709
2023-02-01,002714
2023-02-01,002736
2023-02-01,002791
2023-02-01,002812
2023-02-01,002821
2023-02-01,002841
2023-02-01,002916
2023-02-01,002920
2023-02-01,002938
2023-02-01,003816
2023-02-01,300003
2023-02-01,300014
2023-02-01,300015
2023-02-01,300033
2023-02-01,300059
2023-02-01,300122
2023-02-01,300124
2023-02-01,300142
2023-02-01,300207
2023-02-01,300223
2023-02-01,300274
2023-02-01,300316
2023-02-01,300347
2023-02-01,300408
2023-02-01,300413
2023-02-01,300433
2023-02-01,300450
2023-02-01,300454
2023-02-01,300496
2023-02-01,300498
2023-02-01,300529
2023-02-01,300595
2023-02-01,300601
2023-02-01,300628
2023-02-01,300661
2023-02-01,300750
2023-02-01,300751
2023-02-01,300759
2023-02-01,300760
2023-02-01,300763
2023-02-01,300782
2023-02-01,300866
2023-02-01,300896
2023-02-01,300919
2023-02-01,300957
2023-02-01,300979
2023-02-01,300999
2023-03-01,600000
2023-03-01,600009
2023-03-01,600010
2023-03-01,600011
2023-03-01,600015
2023-03-01,600016
2023-03-01,600018
2023-03-01,600019
2023-03-01,600025
2023-03-01,600028
2023-03-01,600029
2023-03-01,600030
2023-03-01,600031
2023-03-01,600036
2023-03-01,600048
2023-03-01,600050
2023-03-01,600061
2023-03-01,600085
2023-03-01,600089
2023-03-01,600104
2023-03-01,600111
2023-03-01,600115
2023-03-01,600132
2023-03-01,600150
2023-03-01,600161
2023-03-01,600176
2023-03-01,600183
2023-03-01,600188
2023-03-01,600196
2023-03-01,600219
2023-03-01,600276
2023-03-01,600309
2023-03-01,600332
2023-03-01,600346
2023-03-01,600352
2023-03-01,600362
2023-03-01,600383
2023-03-01,600406
2023-03-01,600426
2023-03-01,600436
2023-03-01,600438
2023-03-01,600460
2023-03-01,600489
2023-03-01,600519
2023-03-01,600547
2023-03-01,600570
2023-03-01,600584
2023-03-01,600585
2023-03-01,600588
2023-03-01,600600
2023-03-01,600606
2023-03-01,600655
2023-03-01,600660
2023-03-01,600690
2023-03-01,600741
2023-03-01,600745
2023-03-01,600760
2023-03-01,600763
2023-03-01,600795
2023-03-01,600809
2023-03-01,600837
2023-03-01,600845
2023-03-01,600886
2023-03-01,600887
2023-03-01,600893
2023-03-01,600900
2023-03-01,600905
2023-03-01,600918
2023-03-01,600919
2023-03-01,600926
2023-03-01,600941
2023-03-01,600958
2023-03-01,600989
2023-03-01,600999
2023-03-01,601006
2023-03-01,601009
2023-03-01,601012
2023-03-01,601021
2023-03-01,601066
2023-03-01,601088
2023-03-01,601100
2023-03-01,601111
2023-03-01,601117
2023-03-01,601138
2023-03-01,601155
2023-03-01,601166
2023-03-01,601169
2023-03-01,601186
2023-03-01,601211
2023-03-01,601216
2023-03-01,601225
2023-03-01,601229
2023-03-01,601236
2023-03-01,601238
2023-03-01,601288
2023-03-01,601318
2023-03-01,601319
2023-03-01,601328
2023-03-01,601336
2023-03-01,601360
2023-03-01,601377
2023-03-01,601390
2023-03-01,601398
2023-03-01,601600
2023-03-01,601601
2023-03-01,601618
2023-03-01,601628
2023-03-01,601633
2023-03-01,601658
2023-03-01,601668
2023-03-01,601669
2023-03-01,601688
2023-03-01,601698
2023-03-01,601728
2023-03-01,601766
2023-03-01,601788
2023-03-01,601799
2023-03-01,601800
2023-03-01,601808
2023-03-01,601816
2023-03-01,601818
2023-03-01,601825
2023-03-01,601838
2023-03-01,601857
2023-03-01,601865
2023-03-01,601868
2023-03-01,601877
2023-03-01,601878
2023-03-01,601881
2023-03-01,601888
2023-03-01,601898
2023-03-01,601899
2023-03-01,601901
2023-03-01,601916
2023-03-01,601919
2023-03-01,601939
2023-03-01,601966
2023-03-01,601985
2023-03-01,601988
2023-03-01,601989
2023-03-01,601995
2023-03-01,601998
2023-03-01,603019
2023-03-01,603087
2023-03-01,603160
2023-03-01,603185
2023-03-01,603195
2023-03-01,603259
2023-03-01,603260
2023-03-01,603288
2023-03-01,603290
2023-03-01,603369
2023-03-01,603392
2023-03-01,603486
2023-03-01,603501
2023-03-01,603659
2023-03-01,603799
2023-03-01,603806
2023-03-01,603833
2023-03-01,603882
2023-03-01,603899
2023-03-01,603986
2023-03-01,603993
2023-03-01,605499
2023-03-01,688005
2023-03-01,688008
2023-03-01,688012
2023-03-01,688036
2023-03-01,688065
2023-03-01,688111
2023-03-01,688126
2023-03-01,688169
2023-03-01,688363
2023-03-01,688396
2023-03-01,688561
2023-03-01,688599
2023-03-01,688981
2023-03-01,000001
2023-03-01,000002
2023-03-01,000063
2023-03-01,000066
2023-03-01,000069
2023-03-01,000100
2023-03-01,000157
2023-03-01,000166
2023-03-01,000301
2023-03-01,000333
2023-03-01,000338
2023-03-01,000408
2023-03-01,000425
2023-03-01,000538
2023-03-01,000568
2023-03-01,000596
2023-03-01,000625
2023-03-01,000651
2023-03-01,000661
2023-03-01,000703
2023-03-01,000708
2023-03-01,000725
2023-03-01,000768
2023-03-01,000776
2023-03-01,000786
2023-03-01,000792
2023-03-01,000800
2023-03-01,000858
2023-03-01,000876
2023-03-01,000877
2023-03-01,000895
2023-03-01,000938
2023-03-01,000963
2023-03-01,000977
2023-03-01,001289
2023-03-01,001979
2023-03-01,002001
2023-03-01,002007
2023-03-01,002008
2023-03-01,002027
2023-03-01,002032
2023-03-01,002049
2023-03-01,002050
2023-03-01,002064
2023-03-01,002074
2023-03-01,002120
2023-03-01,002129
2023-03-01,002142
2023-03-01,002179
2023-03-01,002202
2023-03-01,002230
2023-03-01,002236
2023-03-01,002241
2023-03-01,002252
2023-03-01,002271
2023-03-01,002304
2023-03-01,002311
2023-03-01,002352
2023-03-01,002371
2023-03-01,002410
2023-03-01,002414
2023-03-01,002415
2023-03-01,002459
2023-03-01,002460
2023-03-01,002466
2023-03-01,002475
2023-03-01,002493
2023-03-01,002555
2023-03-01,002568
2023-03-01,002594
2023-03-01,002600
2023-03-01,002601
2023-03-01,002602
2023-03-01,002607
2023-03-01,002648
2023-03-01,002709
2023-03-01,002714
2023-03-01,002736
2023-03-01,002791
2023-03-01,002812
2023-03-01,002821
2023-03-01,002841
2023-03-01,002916
2023-03-01,002920
2023-03-01,002938
2023-03-01,003816
2023-03-01,300003
2023-03-01,300014
2023-03-01,300015
2023-03-01,300033
2023-03-01,300059
2023-03-01,300122
2023-03-01,300124
2023-03-01,300142
2023-03-01,300207
2023-03-01,300223
2023-03-01,300274
2023-03-01,300316
2023-03-01,300347
2023-03-01,300408
2023-03-01,300413
2023-03-01,300433
2023-03-01,300450
2023-03-01,300454
2023-03-01,300496
2023-03-01,300498
2023-03-01,300529
2023-03-01,300595
2023-03-01,300601
2023-03-01,300628
2023-03-01,300661
2023-03-01,300750
2023-03-01,300751
2023-03-01,300759
2023-03-01,300760
2023-03-01,300763
2023-03-01,300782
2023-03-01,300866
2023-03-01,300896
2023-03-01,300919
2023-03-01,300957
2023-03-01,300979
2023-03-01,300999
2023-04-01,600000
2023-04-01,600009
2023-04-01,600010
2023-04-01,600011
2023-04-01,600015
2023-04-01,600016
2023-04-01,600018
2023-04-01,600019
2023-04-01,600025
2023-04-01,600028
2023-04-01,600029
2023-04-01,600030
2023-04-01,600031
2023-04-01,600036
2023-04-01,600039
2023-04-01,600048
2023-04-01,600050
2023-04-01,600061
2023-04-01,600085
2023-04-01,600089
2023-04-01,600104
2023-04-01,600111
2023-04-01,600115
2023-04-01,600132
2023-04-01,600150
2023-04-01,600176
2023-04-01,600183
2023-04-01,600188
2023-04-01,600196
2023-04-01,600219
2023-04-01,600233
2023-04-01,600276
2023-04-01,600309
2023-04-01,600332
2023-04-01,600346
2023-04-01,600362
2023-04-01,600383
2023-04-01,600406
2023-04-01,600426
2023-04-01,600436
2023-04-01,600438
2023-04-01,600460
2023-04-01,600519
2023-04-01,600547
2023-04-01,600570
2023-04-01,600584
2023-04-01,600585
2023-04-01,600588
2023-04-01,600600
2023-04-01,600606
2023-04-01,600660
2023-04-01,600674
2023-04-01,600690
2023-04-01,600741
2023-04-01,600745
2023-04-01,600760
2023-04-01,600763
2023-04-01,600795
2023-04-01,600803
2023-04-01,600809
2023-04-01,600837
2023-04-01,600845
2023-04-01,600884
2023-04-01,600886
2023-04-01,600887
2023-04-01,600893
2023-04-01,600900
2023-04-01,600905
2023-04-01,600918
2023-04-01,600919
2023-04-01,600926
2023-04-01,600941
2023-04-01,600958
2023-04-01,600989
2023-04-01,600999
2023-04-01,601006
2023-04-01,601009
2023-04-01,601012
2023-04-01,601021
2023-04-01,601066
2023-04-01,601088
2023-04-01,601100
2023-04-01,601111
2023-04-01,601117
2023-04-01,601138
2023-04-01,601155
2023-04-01,601166
2023-04-01,601169
2023-04-01,601186
2023-04-01,601211
2023-04-01,601216
2023-04-01,601225
2023-04-01,601229
2023-04-01,601236
2023-04-01,601238
2023-04-01,601288
2023-04-01,601318
2023-04-01,601319
2023-04-01,601328
2023-04-01,601336
2023-04-01,601360
2023-04-01,601377
2023-04-01,601390
2023-04-01,601398
2023-04-01,601600
2023-04-01,601601
2023-04-01,601615
2023-04-01,601618
2023-04-01,601628
2023-04-01,601633
2023-04-01,601658
2023-04-01,601668
2023-04-01,601669
2023-04-01,601688
2023-04-01,601689
2023-04-01,601698
2023-04-01,601728
2023-04-01,601766
2023-04-01,601788
2023-04-01,601799
2023-04-01,601800
2023-04-01,601808
2023-04-01,601816
2023-04-01,601818
2023-04-01,601838
2023-04-01,601857
2023-04-01,601865
2023-04-01,601868
2023-04-01,601877
2023-04-01,601878
2023-04-01,601881
2023-04-01,601888
2023-04-01,601898
2023-04-01,601899
2023-04-01,601901
2023-04-01,601919
2023-04-01,601939
2023-04-01,601966
2023-04-01,601985
2023-04-01,601988
2023-04-01,601989
2023-04-01,601995
2023-04-01,601998
2023-04-01,603019
2023-04-01,603185
2023-04-01,603195
2023-04-01,603259
2023-04-01,603260
2023-04-01,603288
2023-04-01,603290
2023-04-01,603369
2023-04-01,603392
2023-04-01,603486
2023-04-01,603501
2023-04-01,603659
2023-04-01,603799
2023-04-01,603806
2023-04-01,603833
2023-04-01,603882
2023-04-01,603899
2023-04-01,603986
2023-04-01,603993
2023-04-01,605117
2023-04-01,605499
2023-04-01,688005
2023-04-01,688008
2023-04-01,688012
2023-04-01,688036
2023-04-01,688065
2023-04-01,688111
2023-04-01,688126
2023-04-01,688169
2023-04-01,688187
2023-04-01,688303
2023-04-01,688363
2023-04-01,688396
2023-04-01,688561
2023-04-01,688599
2023-04-01,688981
2023-04-01,000001
2023-04-01,000002
2023-04-01,000063
2023-04-01,000069
2023-04-01,000100
2023-04-01,000157
2023-04-01,000166
2023-04-01,000301
2023-04-01,000333
2023-04-01,000338
2023-04-01,000408
2023-04-01,000425
2023-04-01,000538
2023-04-01,000568
2023-04-01,000596
2023-04-01,000625
2023-04-01,000651
2023-04-01,000661
2023-04-01,000708
2023-04-01,000723
2023-04-01,000725
2023-04-01,000733
2023-04-01,000768
2023-04-01,000776
2023-04-01,000786
2023-04-01,000792
2023-04-01,000800
2023-04-01,000858
2023-04-01,000876
2023-04-01,000877
2023-04-01,000895
2023-04-01,000938
2023-04-01,000963
2023-04-01,000977
2023-04-01,001289
2023-04-01,001979
2023-04-01,002001
2023-04-01,002007
2023-04-01,002008
2023-04-01,002027
2023-04-01,002032
2023-04-01,002049
2023-04-01,002050
2023-04-01,002064
2023-04-01,002074
2023-04-01,002120
2023-04-01,002129
2023-04-01,002142
2023-04-01,002179
2023-04-01,002180
2023-04-01,002202
2023-04-01,002230
2023-04-01,002236
2023-04-01,002241
2023-04-01,002252
2023-04-01,002271
2023-04-01,002304
2023-04-01,002311
2023-04-01,002352
2023-04-01,002371
2023-04-01,002410
2023-04-01,002414
2023-04-01,002415
2023-04-01,002459
2023-04-01,002460
2023-04-01,002466
2023-04-01,002475
2023-04-01,002493
2023-04-01,002555
2023-04-01,002594
2023-04-01,002600
2023-04-01,002601
2023-04-01,002602
2023-04-01,002648
2023-04-01,002709
2023-04-01,002714
2023-04-01,002736
2023-04-01,002756
2023-04-01,002812
2023-04-01,002821
2023-04-01,002841
2023-04-01,002916
2023-04-01,002920
2023-04-01,002938
2023-04-01,003816
2023-04-01,300014
2023-04-01,300015
2023-04-01,300033
2023-04-01,300059
2023-04-01,300122
2023-04-01,300124
2023-04-01,300142
2023-04-01,300207
2023-04-01,300223
2023-04-01,300274
2023-04-01,300316
2023-04-01,300347
2023-04-01,300408
2023-04-01,300413
2023-04-01,300433
2023-04-01,300450
2023-04-01,300454
2023-04-01,300496
2023-04-01,300498
2023-04-01,300529
2023-04-01,300595
2023-04-01,300601
2023-04-01,300628
2023-04-01,300661
2023-04-01,300750
2023-04-01,300751
2023-04-01,300759
2023-04-01,300760
2023-04-01,300763
2023-04-01,300769
2023-04-01,300782
2023-04-01,300896
2023-04-01,300919
2023-04-01,300957
2023-04-01,300979
2023-04-01,300999
2023-05-01,600000
2023-05-01,600009
2023-05-01,600010
2023-05-01,600011
2023-05-01,600015
2023-05-01,600016
2023-05-01,600018
2023-05-01,600019
2023-05-01,600025
2023-05-01,600028
2023-05-01,600029
2023-05-01,600030
2023-05-01,600031
2023-05-01,600036
2023-05-01,600039
2023-05-01,600048
2023-05-01,600050
2023-05-01,600061
2023-05-01,600085
2023-05-01,600089
2023-05-01,600104
2023-05-01,600111
2023-05-01,600115
2023-05-01,600132
2023-05-01,600150
2023-05-01,600176
2023-05-01,600183
2023-05-01,600188
2023-05-01,600196
2023-05-01,600219
2023-05-01,600233
2023-05-01,600276
2023-05-01,600309
2023-05-01,600332
2023-05-01,600346
2023-05-01,600362
2023-05-01,600383
2023-05-01,600406
2023-05-01,600426
2023-05-01,600436
2023-05-01,600438
2023-05-01,600460
2023-05-01,600519
2023-05-01,600547
2023-05-01,600570
2023-05-01,600584
2023-05-01,600585
2023-05-01,600588
2023-05-01,600600
2023-05-01,600606
2023-05-01,600660
2023-05-01,600674
2023-05-01,600690
2023-05-01,600741
2023-05-01,600745
2023-05-01,600760
2023-05-01,600763
2023-05-01,600795
2023-05-01,600803
2023-05-01,600809
2023-05-01,600837
2023-05-01,600845
2023-05-01,600884
2023-05-01,600886
2023-05-01,600887
2023-05-01,600893
2023-05-01,600900
2023-05-01,600905
2023-05-01,600918
2023-05-01,600919
2023-05-01,600926
2023-05-01,600941
2023-05-01,600958
2023-05-01,600989
2023-05-01,600999
2023-05-01,601006
2023-05-01,601009
2023-05-01,601012
2023-05-01,601021
2023-05-01,601066
2023-05-01,601088
2023-05-01,601100
2023-05-01,601111
2023-05-01,601117
2023-05-01,601138
2023-05-01,601155
2023-05-01,601166
2023-05-01,601169
2023-05-01,601186
2023-05-01,601211
2023-05-01,601216
2023-05-01,601225
2023-05-01,601229
2023-05-01,601236
2023-05-01,601238
2023-05-01,601288
2023-05-01,601318
2023-05-01,601319
2023-05-01,601328
2023-05-01,601336
2023-05-01,601360
2023-05-01,601377
2023-05-01,601390
2023-05-01,601398
2023-05-01,601600
2023-05-01,601601
2023-05-01,601615
2023-05-01,601618
2023-05-01,601628
2023-05-01,601633
2023-05-01,601658
2023-05-01,601668
2023-05-01,601669
2023-05-01,601688
2023-05-01,601689
2023-05-01,601698
2023-05-01,601728
2023-05-01,601766
2023-05-01,601788
2023-05-01,601799
2023-05-01,601800
2023-05-01,601808
2023-05-01,601816
2023-05-01,601818
2023-05-01,601838
2023-05-01,601857
2023-05-01,601865
2023-05-01,601868
2023-05-01,601877
2023-05-01,601878
2023-05-01,601881
2023-05-01,601888
2023-05-01,601898
2023-05-01,601899
2023-05-01,601901
2023-05-01,601919
2023-05-01,601939
2023-05-01,601966
2023-05-01,601985
2023-05-01,601988
2023-05-01,601989
2023-05-01,601995
2023-05-01,601998
2023-05-01,603019
2023-05-01,603185
2023-05-01,603195
2023-05-01,603259
2023-05-01,603260
2023-05-01,603288
2023-05-01,603290
2023-05-01,603369
2023-05-01,603392
2023-05-01,603486
2023-05-01,603501
2023-05-01,603659
2023-05-01,603799
2023-05-01,603806
2023-05-01,603833
2023-05-01,603882
2023-05-01,603899
2023-05-01,603986
2023-05-01,603993
2023-05-01,605117
2023-05-01,605499
2023-05-01,688005
2023-05-01,688008
2023-05-01,688012
2023-05-01,688036
2023-05-01,688065
2023-05-01,688111
2023-05-01,688126
2023-05-01,688169
2023-05-01,688187
2023-05-01,688303
2023-05-01,688363
2023-05-01,688396
2023-05-01,688561
2023-05-01,688599
2023-05-01,688981
2023-05-01,000001
2023-05-01,000002
2023-05-01,000063
2023-05-01,000069
2023-05-01,000100
2023-05-01,000157
2023-05-01,000166
2023-05-01,000301
2023-05-01,000333
2023-05-01,000338
2023-05-01,000408
2023-05-01,000425
2023-05-01,000538
2023-05-01,000568
2023-05-01,000596
2023-05-01,000625
2023-05-01,000651
2023-05-01,000661
2023-05-01,000708
2023-05-01,000723
2023-05-01,000725
2023-05-01,000733
2023-05-01,000768
2023-05-01,000776
2023-05-01,000786
2023-05-01,000792
2023-05-01,000800
2023-05-01,000858
2023-05-01,000876
2023-05-01,000877
2023-05-01,000895
2023-05-01,000938
2023-05-01,000963
2023-05-01,000977
2023-05-01,001289
2023-05-01,001979
2023-05-01,002001
2023-05-01,002007
2023-05-01,002008
2023-05-01,002027
2023-05-01,002032
2023-05-01,002049
2023-05-01,002050
2023-05-01,002064
2023-05-01,002074
2023-05-01,002120
2023-05-01,002129
2023-05-01,002142
2023-05-01,002179
2023-05-01,002180
2023-05-01,002202
2023-05-01,002230
2023-05-01,002236
2023-05-01,002241
2023-05-01,002252
2023-05-01,002271
2023-05-01,002304
2023-05-01,002311
2023-05-01,002352
2023-05-01,002371
2023-05-01,002410
2023-05-01,002414
2023-05-01,002415
2023-05-01,002459
2023-05-01,002460
2023-05-01,002466
2023-05-01,002475
2023-05-01,002493
2023-05-01,002555
2023-05-01,002594
2023-05-01,002600
2023-05-01,002601
2023-05-01,002602
2023-05-01,002648
2023-05-01,002709
2023-05-01,002714
2023-05-01,002736
2023-05-01,002756
2023-05-01,002812
2023-05-01,002821
2023-05-01,002841
2023-05-01,002916
2023-05-01,002920
2023-05-01,002938
2023-05-01,003816
2023-05-01,300014
2023-05-01,300015
2023-05-01,300033
2023-05-01,300059
2023-05-01,300122
2023-05-01,300124
2023-05-01,300142
2023-05-01,300207
2023-05-01,300223
2023-05-01,300274
2023-05-01,300316
2023-05-01,300347
2023-05-01,300408
2023-05-01,300413
2023-05-01,300433
2023-05-01,300450
2023-05-01,300454
2023-05-01,300496
2023-05-01,300498
2023-05-01,300529
2023-05-01,300595
2023-05-01,300601
2023-05-01,300628
2023-05-01,300661
2023-05-01,300750
2023-05-01,300751
2023-05-01,300759
2023-05-01,300760
2023-05-01,300763
2023-05-01,300769
2023-05-01,300782
2023-05-01,300896
2023-05-01,300919
2023-05-01,300957
2023-05-01,300979
2023-05-01,300999
2023-06-01,600000
2023-06-01,600009
2023-06-01,600010
2023-06-01,600011
2023-06-01,600015
2023-06-01,600016
2023-06-01,600018
2023-06-01,600019
2023-06-01,600025
2023-06-01,600028
2023-06-01,600029
2023-06-01,600030
2023-06-01,600031
2023-06-01,600036
2023-06-01,600039
2023-06-01,600048
2023-06-01,600050
2023-06-01,600061
2023-06-01,600085
2023-06-01,600089
2023-06-01,600104
2023-06-01,600111
2023-06-01,600115
2023-06-01,600132
2023-06-01,600150
2023-06-01,600176
2023-06-01,600183
2023-06-01,600188
2023-06-01,600196
2023-06-01,600219
2023-06-01,600233
2023-06-01,600276
2023-06-01,600309
2023-06-01,600332
2023-06-01,600346
2023-06-01,600362
2023-06-01,600383
2023-06-01,600406
2023-06-01,600426
2023-06-01,600436
2023-06-01,600438
2023-06-01,600460
2023-06-01,600519
2023-06-01,600547
2023-06-01,600570
2023-06-01,600584
2023-06-01,600585
2023-06-01,600588
2023-06-01,600600
2023-06-01,600606
2023-06-01,600660
2023-06-01,600674
2023-06-01,600690
2023-06-01,600741
2023-06-01,600745
2023-06-01,600760
2023-06-01,600763
2023-06-01,600795
2023-06-01,600803
2023-06-01,600809
2023-06-01,600837
2023-06-01,600845
2023-06-01,600884
2023-06-01,600886
2023-06-01,600887
2023-06-01,600893
2023-06-01,600900
2023-06-01,600905
2023-06-01,600918
2023-06-01,600919
2023-06-01,600926
2023-06-01,600941
2023-06-01,600958
2023-06-01,600989
2023-06-01,600999
2023-06-01,601006
2023-06-01,601009
2023-06-01,601012
2023-06-01,601021
2023-06-01,601066
2023-06-01,601088
2023-06-01,601100
2023-06-01,601111
2023-06-01,601117
2023-06-01,601138
2023-06-01,601155
2023-06-01,601166
2023-06-01,601169
2023-06-01,601186
2023-06-01,601211
2023-06-01,601216
2023-06-01,601225
2023-06-01,601229
2023-06-01,601236
2023-06-01,601238
2023-06-01,601288
2023-06-01,601318
2023-06-01,601319
2023-06-01,601328
2023-06-01,601336
2023-06-01,601360
2023-06-01,601377
2023-06-01,601390
2023-06-01,601398
2023-06-01,601600
2023-06-01,601601
2023-06-01,601615
2023-06-01,601618
2023-06-01,601628
2023-06-01,601633
2023-06-01,601658
2023-06-01,601668
2023-06-01,601669
2023-06-01,601688
2023-06-01,601689
2023-06-01,601698
2023-06-01,601728
2023-06-01,601766
2023-06-01,601788
2023-06-01,601799
2023-06-01,601800
2023-06-01,601808
2023-06-01,601816
2023-06-01,601818
2023-06-01,601838
2023-06-01,601857
2023-06-01,601865
2023-06-01,601868
2023-06-01,601877
2023-06-01,601878
2023-06-01,601881
2023-06-01,601888
2023-06-01,601898
2023-06-01,601899
2023-06-01,601901
2023-06-01,601919
2023-06-01,601939
2023-06-01,601966
2023-06-01,601985
2023-06-01,601988
2023-06-01,601989
2023-06-01,601995
2023-06-01,601998
2023-06-01,603019
2023-06-01,603185
2023-06-01,603195
2023-06-01,603259
2023-06-01,603260
2023-06-01,603288
2023-06-01,603290
2023-06-01,603369
2023-06-01,603392
2023-06-01,603486
2023-06-01,603501
2023-06-01,603659
2023-06-01,603799
2023-06-01,603806
2023-06-01,603833
2023-06-01,603882
2023-06-01,603899
2023-06-01,603986
2023-06-01,603993
2023-06-01,605117
2023-06-01,605499
2023-06-01,688005
2023-06-01,688008
2023-06-01,688012
2023-06-01,688036
2023-06-01,688065
2023-06-01,688111
2023-06-01,688126
2023-06-01,688169
2023-06-01,688187
2023-06-01,688303
2023-06-01,688363
2023-06-01,688396
2023-06-01,688561
2023-06-01,688599
2023-06-01,688981
2023-06-01,000001
2023-06-01,000002
2023-06-01,000063
2023-06-01,000069
2023-06-01,000100
2023-06-01,000157
2023-06-01,000166
2023-06-01,000301
2023-06-01,000333
2023-06-01,000338
2023-06-01,000408
2023-06-01,000425
2023-06-01,000538
2023-06-01,000568
2023-06-01,000596
2023-06-01,000625
2023-06-01,000651
2023-06-01,000661
2023-06-01,000708
2023-06-01,000723
2023-06-01,000725
2023-06-01,000733
2023-06-01,000768
2023-06-01,000776
2023-06-01,000786
2023-06-01,000792
2023-06-01,000800
2023-06-01,000858
2023-06-01,000876
2023-06-01,000877
2023-06-01,000895
2023-06-01,000938
2023-06-01,000963
2023-06-01,000977
2023-06-01,001289
2023-06-01,001979
2023-06-01,002001
2023-06-01,002007
2023-06-01,002008
2023-06-01,002027
2023-06-01,002032
2023-06-01,002049
2023-06-01,002050
2023-06-01,002064
2023-06-01,002074
2023-06-01,002120
2023-06-01,002129
2023-06-01,002142
2023-06-01,002179
2023-06-01,002180
2023-06-01,002202
2023-06-01,002230
2023-06-01,002236
2023-06-01,002241
2023-06-01,002252
2023-06-01,002271
2023-06-01,002304
2023-06-01,002311
2023-06-01,002352
2023-06-01,002371
2023-06-01,002410
2023-06-01,002414
2023-06-01,002415
2023-06-01,002459
2023-06-01,002460
2023-06-01,002466
2023-06-01,002475
2023-06-01,002493
2023-06-01,002555
2023-06-01,002594
2023-06-01,002600
2023-06-01,002601
2023-06-01,002602
2023-06-01,002648
2023-06-01,002709
2023-06-01,002714
2023-06-01,002736
2023-06-01,002756
2023-06-01,002812
2023-06-01,002821
2023-06-01,002841
2023-06-01,002916
2023-06-01,002920
2023-06-01,002938
2023-06-01,003816
2023-06-01,300014
2023-06-01,300015
2023-06-01,300033
2023-06-01,300059
2023-06-01,300122
2023-06-01,300124
2023-06-01,300142
2023-06-01,300207
2023-06-01,300223
2023-06-01,300274
2023-06-01,300316
2023-06-01,300347
2023-06-01,300408
2023-06-01,300413
2023-06-01,300433
2023-06-01,300450
2023-06-01,300454
2023-06-01,300496
2023-06-01,300498
2023-06-01,300529
2023-06-01,300595
2023-06-01,300601
2023-06-01,300628
2023-06-01,300661
2023-06-01,300750
2023-06-01,300751
2023-06-01,300759
2023-06-01,300760
2023-06-01,300763
2023-06-01,300769
2023-06-01,300782
2023-06-01,300896
2023-06-01,300919
2023-06-01,300957
2023-06-01,300979
2023-06-01,300999
2023-07-01,600000
2023-07-01,600009
2023-07-01,600010
2023-07-01,600011
2023-07-01,600015
2023-07-01,600016
2023-07-01,600018
2023-07-01,600019
2023-07-01,600025
2023-07-01,600028
2023-07-01,600029
2023-07-01,600030
2023-07-01,600031
2023-07-01,600036
2023-07-01,600039
2023-07-01,600048
2023-07-01,600050
2023-07-01,600061
2023-07-01,600085
2023-07-01,600089
2023-07-01,600104
2023-07-01,600111
2023-07-01,600115
2023-07-01,600132
2023-07-01,600150
2023-07-01,600176
2023-07-01,600183
2023-07-01,600188
2023-07-01,600196
2023-07-01,600219
2023-07-01,600233
2023-07-01,600276
2023-07-01,600309
2023-07-01,600332
2023-07-01,600346
2023-07-01,600362
2023-07-01,600383
2023-07-01,600406
2023-07-01,600426
2023-07-01,600436
2023-07-01,600438
2023-07-01,600460
2023-07-01,600519
2023-07-01,600547
2023-07-01,600570
2023-07-01,600584
2023-07-01,600585
2023-07-01,600588
2023-07-01,600600
2023-07-01,600606
2023-07-01,600660
2023-07-01,600674
2023-07-01,600690
2023-07-01,600732
2023-07-01,600741
2023-07-01,600745
2023-07-01,600754
2023-07-01,600760
2023-07-01,600763
2023-07-01,600795
2023-07-01,600803
2023-07-01,600809
2023-07-01,600837
2023-07-01,600845
2023-07-01,600875
2023-07-01,600884
2023-07-01,600886
2023-07-01,600887
2023-07-01,600893
2023-07-01,600900
2023-07-01,600905
2023-07-01,600918
2023-07-01,600919
2023-07-01,600926
2023-07-01,600941
2023-07-01,600958
2023-07-01,600989
2023-07-01,600999
2023-07-01,601006
2023-07-01,601009
2023-07-01,601012
2023-07-01,601021
2023-07-01,601066
2023-07-01,601088
2023-07-01,601100
2023-07-01,601111
2023-07-01,601117
2023-07-01,601138
2023-07-01,601155
2023-07-01,601166
2023-07-01,601169
2023-07-01,601186
2023-07-01,601211
2023-07-01,601216
2023-07-01,601225
2023-07-01,601229
2023-07-01,601236
2023-07-01,601238
2023-07-01,601288
2023-07-01,601318
2023-07-01,601319
2023-07-01,601328
2023-07-01,601336
2023-07-01,601360
2023-07-01,601377
2023-07-01,601390
2023-07-01,601398
2023-07-01,601600
2023-07-01,601601
2023-07-01,601607
2023-07-01,601615
2023-07-01,601618
2023-07-01,601628
2023-07-01,601633
2023-07-01,601658
2023-07-01,601668
2023-07-01,601669
2023-07-01,601688
2023-07-01,601689
2023-07-01,601698
2023-07-01,601699
2023-07-01,601728
2023-07-01,601766
2023-07-01,601788
2023-07-01,601799
2023-07-01,601800
2023-07-01,601808
2023-07-01,601816
2023-07-01,601818
2023-07-01,601838
2023-07-01,601857
2023-07-01,601865
2023-07-01,601868
2023-07-01,601872
2023-07-01,601877
2023-07-01,601878
2023-07-01,601881
2023-07-01,601888
2023-07-01,601898
2023-07-01,601899
2023-07-01,601901
2023-07-01,601919
2023-07-01,601939
2023-07-01,601985
2023-07-01,601988
2023-07-01,601989
2023-07-01,601995
2023-07-01,601998
2023-07-01,603019
2023-07-01,603185
2023-07-01,603195
2023-07-01,603259
2023-07-01,603260
2023-07-01,603288
2023-07-01,603290
2023-07-01,603369
2023-07-01,603392
2023-07-01,603486
2023-07-01,603501
2023-07-01,603659
2023-07-01,603799
2023-07-01,603806
2023-07-01,603833
2023-07-01,603899
2023-07-01,603986
2023-07-01,603993
2023-07-01,605117
2023-07-01,605499
2023-07-01,688005
2023-07-01,688008
2023-07-01,688012
2023-07-01,688036
2023-07-01,688065
2023-07-01,688111
2023-07-01,688126
2023-07-01,688187
2023-07-01,688223
2023-07-01,688303
2023-07-01,688363
2023-07-01,688396
2023-07-01,688561
2023-07-01,688599
2023-07-01,688981
2023-07-01,000001
2023-07-01,000002
2023-07-01,000063
2023-07-01,000069
2023-07-01,000100
2023-07-01,000157
2023-07-01,000166
2023-07-01,000301
2023-07-01,000333
2023-07-01,000338
2023-07-01,000408
2023-07-01,000425
2023-07-01,000538
2023-07-01,000568
2023-07-01,000596
2023-07-01,000617
2023-07-01,000625
2023-07-01,000651
2023-07-01,000661
2023-07-01,000708
2023-07-01,000723
2023-07-01,000725
2023-07-01,000733
2023-07-01,000768
2023-07-01,000776
2023-07-01,000786
2023-07-01,000792
2023-07-01,000800
2023-07-01,000858
2023-07-01,000876
2023-07-01,000877
2023-07-01,000895
2023-07-01,000938
2023-07-01,000963
2023-07-01,000977
2023-07-01,000983
2023-07-01,001289
2023-07-01,001979
2023-07-01,002001
2023-07-01,002007
2023-07-01,002027
2023-07-01,002049
2023-07-01,002050
2023-07-01,002064
2023-07-01,002074
2023-07-01,002120
2023-07-01,002129
2023-07-01,002142
2023-07-01,002179
2023-07-01,002180
2023-07-01,002202
2023-07-01,002230
2023-07-01,002236
2023-07-01,002241
2023-07-01,002252
2023-07-01,002271
2023-07-01,002304
2023-07-01,002311
2023-07-01,002352
2023-07-01,002371
2023-07-01,002410
2023-07-01,002414
2023-07-01,002415
2023-07-01,002459
2023-07-01,002460
2023-07-01,002466
2023-07-01,002475
2023-07-01,002493
2023-07-01,002555
2023-07-01,002594
2023-07-01,002601
2023-07-01,002648
2023-07-01,002709
2023-07-01,002714
2023-07-01,002736
2023-07-01,002756
2023-07-01,002812
2023-07-01,002821
2023-07-01,002841
2023-07-01,002916
2023-07-01,002920
2023-07-01,002938
2023-07-01,003816
2023-07-01,300014
2023-07-01,300015
2023-07-01,300033
2023-07-01,300059
2023-07-01,300122
2023-07-01,300124
2023-07-01,300142
2023-07-01,300207
2023-07-01,300223
2023-07-01,300274
2023-07-01,300316
2023-07-01,300347
2023-07-01,300408
2023-07-01,300413
2023-07-01,300433
2023-07-01,300450
2023-07-01,300454
2023-07-01,300496
2023-07-01,300498
2023-07-01,300601
2023-07-01,300628
2023-07-01,300661
2023-07-01,300750
2023-07-01,300751
2023-07-01,300759
2023-07-01,300760
2023-07-01,300763
2023-07-01,300769
2023-07-01,300782
2023-07-01,300896
2023-07-01,300919
2023-07-01,300957
2023-07-01,300979
2023-07-01,300999
2023-08-01,600000
2023-08-01,600009
2023-08-01,600010
2023-08-01,600011
2023-08-01,600015
2023-08-01,600016
2023-08-01,600018
2023-08-01,600019
2023-08-01,600025
2023-08-01,600028
2023-08-01,600029
2023-08-01,600030
2023-08-01,600031
2023-08-01,600036
2023-08-01,600039
2023-08-01,600048
2023-08-01,600050
2023-08-01,600061
2023-08-01,600085
2023-08-01,600089
2023-08-01,600104
2023-08-01,600111
2023-08-01,600115
2023-08-01,600132
2023-08-01,600150
2023-08-01,600176
2023-08-01,600183
2023-08-01,600188
2023-08-01,600196
2023-08-01,600219
2023-08-01,600233
2023-08-01,600276
2023-08-01,600309
2023-08-01,600332
2023-08-01,600346
2023-08-01,600362
2023-08-01,600383
2023-08-01,600406
2023-08-01,600426
2023-08-01,600436
2023-08-01,600438
2023-08-01,600460
2023-08-01,600519
2023-08-01,600547
2023-08-01,600570
2023-08-01,600584
2023-08-01,600585
2023-08-01,600588
2023-08-01,600600
2023-08-01,600606
2023-08-01,600660
2023-08-01,600674
2023-08-01,600690
2023-08-01,600732
2023-08-01,600741
2023-08-01,600745
2023-08-01,600754
2023-08-01,600760
2023-08-01,600763
2023-08-01,600795
2023-08-01,600803
2023-08-01,600809
2023-08-01,600837
2023-08-01,600845
2023-08-01,600875
2023-08-01,600884
2023-08-01,600886
2023-08-01,600887
2023-08-01,600893
2023-08-01,600900
2023-08-01,600905
2023-08-01,600918
2023-08-01,600919
2023-08-01,600926
2023-08-01,600941
2023-08-01,600958
2023-08-01,600989
2023-08-01,600999
2023-08-01,601006
2023-08-01,601009
2023-08-01,601012
2023-08-01,601021
2023-08-01,601066
2023-08-01,601088
2023-08-01,601100
2023-08-01,601111
2023-08-01,601117
2023-08-01,601138
2023-08-01,601155
2023-08-01,601166
2023-08-01,601169
2023-08-01,601186
2023-08-01,601211
2023-08-01,601216
2023-08-01,601225
2023-08-01,601229
2023-08-01,601236
2023-08-01,601238
2023-08-01,601288
2023-08-01,601318
2023-08-01,601319
2023-08-01,601328
2023-08-01,601336
2023-08-01,601360
2023-08-01,601377
2023-08-01,601390
2023-08-01,601398
2023-08-01,601600
2023-08-01,601601
2023-08-01,601607
2023-08-01,601615
2023-08-01,601618
2023-08-01,601628
2023-08-01,601633
2023-08-01,601658
2023-08-01,601668
2023-08-01,601669
2023-08-01,601688
2023-08-01,601689
2023-08-01,601698
2023-08-01,601699
2023-08-01,601728
2023-08-01,601766
2023-08-01,601788
2023-08-01,601799
2023-08-01,601800
2023-08-01,601808
2023-08-01,601816
2023-08-01,601818
2023-08-01,601838
2023-08-01,601857
2023-08-01,601865
2023-08-01,601868
2023-08-01,601872
2023-08-01,601877
2023-08-01,601878
2023-08-01,601881
2023-08-01,601888
2023-08-01,601898
2023-08-01,601899
2023-08-01,601901
2023-08-01,601919
2023-08-01,601939
2023-08-01,601985
2023-08-01,601988
2023-08-01,601989
2023-08-01,601995
2023-08-01,601998
2023-08-01,603019
2023-08-01,603185
2023-08-01,603195
2023-08-01,603259
2023-08-01,603260
2023-08-01,603288
2023-08-01,603290
2023-08-01,603369
2023-08-01,603392
2023-08-01,603486
2023-08-01,603501
2023-08-01,603659
2023-08-01,603799
2023-08-01,603806
2023-08-01,603833
2023-08-01,603899
2023-08-01,603986
2023-08-01,603993
2023-08-01,605117
2023-08-01,605499
2023-08-01,688005
2023-08-01,688008
2023-08-01,688012
2023-08-01,688036
2023-08-01,688065
2023-08-01,688111
2023-08-01,688126
2023-08-01,688187
2023-08-01,688223
2023-08-01,688303
2023-08-01,688363
2023-08-01,688396
2023-08-01,688561
2023-08-01,688599
2023-08-01,688981
2023-08-01,000001
2023-08-01,000002
2023-08-01,000063
2023-08-01,000069
2023-08-01,000100
2023-08-01,000157
2023-08-01,000166
2023-08-01,000301
2023-08-01,000333
2023-08-01,000338
2023-08-01,000408
2023-08-01,000425
2023-08-01,000538
2023-08-01,000568
2023-08-01,000596
2023-08-01,000617
2023-08-01,000625
2023-08-01,000651
2023-08-01,000661
2023-08-01,000708
2023-08-01,000723
2023-08-01,000725
2023-08-01,000733
2023-08-01,000768
2023-08-01,000776
2023-08-01,000786
2023-08-01,000792
2023-08-01,000800
2023-08-01,000858
2023-08-01,000876
2023-08-01,000877
2023-08-01,000895
2023-08-01,000938
2023-08-01,000963
2023-08-01,000977
2023-08-01,000983
2023-08-01,001289
2023-08-01,001979
2023-08-01,002001
2023-08-01,002007
2023-08-01,002027
2023-08-01,002049
2023-08-01,002050
2023-08-01,002064
2023-08-01,002074
2023-08-01,002120
2023-08-01,002129
2023-08-01,002142
2023-08-01,002179
2023-08-01,002180
2023-08-01,002202
2023-08-01,002230
2023-08-01,002236
2023-08-01,002241
2023-08-01,002252
2023-08-01,002271
2023-08-01,002304
2023-08-01,002311
2023-08-01,002352
2023-08-01,002371
2023-08-01,002410
2023-08-01,002414
2023-08-01,002415
2023-08-01,002459
2023-08-01,002460
2023-08-01,002466
2023-08-01,002475
2023-08-01,002493
2023-08-01,002555
2023-08-01,002594
2023-08-01,002601
2023-08-01,002648
2023-08-01,002709
2023-08-01,002714
2023-08-01,002736
2023-08-01,002756
2023-08-01,002812
2023-08-01,002821
2023-08-01,002841
2023-08-01,002916
2023-08-01,002920
2023-08-01,002938
2023-08-01,003816
2023-08-01,300014
2023-08-01,300015
2023-08-01,300033
2023-08-01,300059
2023-08-01,300122
2023-08-01,300124
2023-08-01,300142
2023-08-01,300207
2023-08-01,300223
2023-08-01,300274
2023-08-01,300316
2023-08-01,300347
2023-08-01,300408
2023-08-01,300413
2023-08-01,300433
2023-08-01,300450
2023-08-01,300454
2023-08-01,300496
2023-08-01,300498
2023-08-01,300601
2023-08-01,300628
2023-08-01,300661
2023-08-01,300750
2023-08-01,300751
2023-08-01,300759
2023-08-01,300760
2023-08-01,300763
2023-08-01,300769
2023-08-01,300782
2023-08-01,300896
2023-08-01,300919
2023-08-01,300957
2023-08-01,300979
2023-08-01,300999
2023-09-01,600000
2023-09-01,600009
2023-09-01,600010
2023-09-01,600011
2023-09-01,600015
2023-09-01,600016
2023-09-01,600018
2023-09-01,600019
2023-09-01,600025
2023-09-01,600028
2023-09-01,600029
2023-09-01,600030
2023-09-01,600031
2023-09-01,600036
2023-09-01,600039
2023-09-01,600048
2023-09-01,600050
2023-09-01,600061
2023-09-01,600085
2023-09-01,600089
2023-09-01,600104
2023-09-01,600111
2023-09-01,600115
2023-09-01,600132
2023-09-01,600150
2023-09-01,600176
2023-09-01,600183
2023-09-01,600188
2023-09-01,600196
2023-09-01,600219
2023-09-01,600233
2023-09-01,600276
2023-09-01,600309
2023-09-01,600332
2023-09-01,600346
2023-09-01,600362
2023-09-01,600383
2023-09-01,600406
2023-09-01,600426
2023-09-01,600436
2023-09-01,600438
2023-09-01,600460
2023-09-01,600519
2023-09-01,600547
2023-09-01,600570
2023-09-01,600584
2023-09-01,600585
2023-09-01,600588
2023-09-01,600600
2023-09-01,600606
2023-09-01,600660
2023-09-01,600674
2023-09-01,600690
2023-09-01,600732
2023-09-01,600741
2023-09-01,600745
2023-09-01,600754
2023-09-01,600760
2023-09-01,600763
2023-09-01,600795
2023-09-01,600803
2023-09-01,600809
2023-09-01,600837
2023-09-01,600845
2023-09-01,600875
2023-09-01,600884
2023-09-01,600886
2023-09-01,600887
2023-09-01,600893
2023-09-01,600900
2023-09-01,600905
2023-09-01,600918
2023-09-01,600919
2023-09-01,600926
2023-09-01,600941
2023-09-01,600958
2023-09-01,600989
2023-09-01,600999
2023-09-01,601006
2023-09-01,601009
2023-09-01,601012
2023-09-01,601021
2023-09-01,601066
2023-09-01,601088
2023-09-01,601100
2023-09-01,601111
2023-09-01,601117
2023-09-01,601138
2023-09-01,601155
2023-09-01,601166
2023-09-01,601169
2023-09-01,601186
2023-09-01,601211
2023-09-01,601216
2023-09-01,601225
2023-09-01,601229
2023-09-01,601236
2023-09-01,601238
2023-09-01,601288
2023-09-01,601318
2023-09-01,601319
2023-09-01,601328
2023-09-01,601336
2023-09-01,601360
2023-09-01,601377
2023-09-01,601390
2023-09-01,601398
2023-09-01,601600
2023-09-01,601601
2023-09-01,601607
2023-09-01,601615
2023-09-01,601618
2023-09-01,601628
2023-09-01,601633
2023-09-01,601658
2023-09-01,601668
2023-09-01,601669
2023-09-01,601688
2023-09-01,601689
2023-09-01,601698
2023-09-01,601699
2023-09-01,601728
2023-09-01,601766
2023-09-01,601788
2023-09-01,601799
2023-09-01,601800
2023-09-01,601808
2023-09-01,601816
2023-09-01,601818
2023-09-01,601838
2023-09-01,601857
2023-09-01,601865
2023-09-01,601868
2023-09-01,601872
2023-09-01,601877
2023-09-01,601878
2023-09-01,601881
2023-09-01,601888
2023-09-01,601898
2023-09-01,601899
2023-09-01,601901
2023-09-01,601919
2023-09-01,601939
2023-09-01,601985
2023-09-01,601988
2023-09-01,601989
2023-09-01,601995
2023-09-01,601998
2023-09-01,603019
2023-09-01,603185
2023-09-01,603195
2023-09-01,603259
2023-09-01,603260
2023-09-01,603288
2023-09-01,603290
2023-09-01,603369
2023-09-01,603392
2023-09-01,603486
2023-09-01,603501
2023-09-01,603659
2023-09-01,603799
2023-09-01,603806
2023-09-01,603833
2023-09-01,603899
2023-09-01,603986
2023-09-01,603993
2023-09-01,605117
2023-09-01,605499
2023-09-01,688005
2023-09-01,688008
2023-09-01,688012
2023-09-01,688036
2023-09-01,688065
2023-09-01,688111
2023-09-01,688126
2023-09-01,688187
2023-09-01,688223
2023-09-01,688303
2023-09-01,688363
2023-09-01,688396
2023-09-01,688561
2023-09-01,688599
2023-09-01,688981
2023-09-01,000001
2023-09-01,000002
2023-09-01,000063
2023-09-01,000069
2023-09-01,000100
2023-09-01,000157
2023-09-01,000166
2023-09-01,000301
2023-09-01,000333
2023-09-01,000338
2023-09-01,000408
2023-09-01,000425
2023-09-01,000538
2023-09-01,000568
2023-09-01,000596
2023-09-01,000617
2023-09-01,000625
2023-09-01,000651
2023-09-01,000661
2023-09-01,000708
2023-09-01,000723
2023-09-01,000725
2023-09-01,000733
2023-09-01,000768
2023-09-01,000776
2023-09-01,000786
2023-09-01,000792
2023-09-01,000800
2023-09-01,000858
2023-09-01,000876
2023-09-01,000877
2023-09-01,000895
2023-09-01,000938
2023-09-01,000963
2023-09-01,000977
2023-09-01,000983
2023-09-01,001289
2023-09-01,001979
2023-09-01,002001
2023-09-01,002007
2023-09-01,002027
2023-09-01,002049
2023-09-01,002050
2023-09-01,002064
2023-09-01,002074
2023-09-01,002120
2023-09-01,002129
2023-09-01,002142
2023-09-01,002179
2023-09-01,002180
2023-09-01,002202
2023-09-01,002230
2023-09-01,002236
2023-09-01,002241
2023-09-01,002252
2023-09-01,002271
2023-09-01,002304
2023-09-01,002311
2023-09-01,002352
2023-09-01,002371
2023-09-01,002410
2023-09-01,002414
2023-09-01,002415
2023-09-01,002459
2023-09-01,002460
2023-09-01,002466
2023-09-01,002475
2023-09-01,002493
2023-09-01,002555
2023-09-01,002594
2023-09-01,002601
2023-09-01,002648
2023-09-01,002709
2023-09-01,002714
2023-09-01,002736
2023-09-01,002756
2023-09-01,002812
2023-09-01,002821
2023-09-01,002841
2023-09-01,002916
2023-09-01,002920
2023-09-01,002938
2023-09-01,003816
2023-09-01,300014
2023-09-01,300015
2023-09-01,300033
2023-09-01,300059
2023-09-01,300122
2023-09-01,300124
2023-09-01,300142
2023-09-01,300207
2023-09-01,300223
2023-09-01,300274
2023-09-01,300316
2023-09-01,300347
2023-09-01,300408
2023-09-01,300413
2023-09-01,300433
2023-09-01,300450
2023-09-01,300454
2023-09-01,300496
2023-09-01,300498
2023-09-01,300601
2023-09-01,300628
2023-09-01,300661
2023-09-01,300750
2023-09-01,300751
2023-09-01,300759
2023-09-01,300760
2023-09-01,300763
2023-09-01,300769
2023-09-01,300782
2023-09-01,300896
2023-09-01,300919
2023-09-01,300957
2023-09-01,300979
2023-09-01,300999
2023-10-01,600000
2023-10-01,600009
2023-10-01,600010
2023-10-01,600011
2023-10-01,600015
2023-10-01,600016
2023-10-01,600018
2023-10-01,600019
2023-10-01,600025
2023-10-01,600028
2023-10-01,600029
2023-10-01,600030
2023-10-01,600031
2023-10-01,600036
2023-10-01,600039
2023-10-01,600048
2023-10-01,600050
2023-10-01,600061
2023-10-01,600085
2023-10-01,600089
2023-10-01,600104
2023-10-01,600111
2023-10-01,600115
2023-10-01,600132
2023-10-01,600150
2023-10-01,600176
2023-10-01,600183
2023-10-01,600188
2023-10-01,600196
2023-10-01,600219
2023-10-01,600233
2023-10-01,600276
2023-10-01,600309
2023-10-01,600332
2023-10-01,600346
2023-10-01,600362
2023-10-01,600383
2023-10-01,600406
2023-10-01,600426
2023-10-01,600436
2023-10-01,600438
2023-10-01,600460
2023-10-01,600519
2023-10-01,600547
2023-10-01,600570
2023-10-01,600584
2023-10-01,600585
2023-10-01,600588
2023-10-01,600600
2023-10-01,600606
2023-10-01,600660
2023-10-01,600674
2023-10-01,600690
2023-10-01,600732
2023-10-01,600741
2023-10-01,600745
2023-10-01,600754
2023-10-01,600760
2023-10-01,600763
2023-10-01,600795
2023-10-01,600803
2023-10-01,600809
2023-10-01,600837
2023-10-01,600845
2023-10-01,600875
2023-10-01,600884
2023-10-01,600886
2023-10-01,600887
2023-10-01,600893
2023-10-01,600900
2023-10-01,600905
2023-10-01,600918
2023-10-01,600919
2023-10-01,600926
2023-10-01,600941
2023-10-01,600958
2023-10-01,600989
2023-10-01,600999
2023-10-01,601006
2023-10-01,601009
2023-10-01,601012
2023-10-01,601021
2023-10-01,601066
2023-10-01,601088
2023-10-01,601100
2023-10-01,601111
2023-10-01,601117
2023-10-01,601138
2023-10-01,601155
2023-10-01,601166
2023-10-01,601169
2023-10-01,601186
2023-10-01,601211
2023-10-01,601216
2023-10-01,601225
2023-10-01,601229
2023-10-01,601236
2023-10-01,601238
2023-10-01,601288
2023-10-01,601318
2023-10-01,601319
2023-10-01,601328
2023-10-01,601336
2023-10-01,601360
2023-10-01,601377
2023-10-01,601390
2023-10-01,601398
2023-10-01,601600
2023-10-01,601601
2023-10-01,601607
2023-10-01,601615
2023-10-01,601618
2023-10-01,601628
2023-10-01,601633
2023-10-01,601658
2023-10-01,601668
2023-10-01,601669
2023-10-01,601688
2023-10-01,601689
2023-10-01,601698
2023-10-01,601699
2023-10-01,601728
2023-10-01,601766
2023-10-01,601788
2023-10-01,601799
2023-10-01,601800
2023-10-01,601808
2023-10-01,601816
2023-10-01,601818
2023-10-01,601838
2023-10-01,601857
2023-10-01,601865
2023-10-01,601868
2023-10-01,601872
2023-10-01,601877
2023-10-01,601878
2023-10-01,601881
2023-10-01,601888
2023-10-01,601898
2023-10-01,601899
2023-10-01,601901
2023-10-01,601919
2023-10-01,601939
2023-10-01,601985
2023-10-01,601988
2023-10-01,601989
2023-10-01,601995
2023-10-01,601998
2023-10-01,603019
2023-10-01,603185
2023-10-01,603195
2023-10-01,603259
2023-10-01,603260
2023-10-01,603288
2023-10-01,603290
2023-10-01,603369
2023-10-01,603392
2023-10-01,603486
2023-10-01,603501
2023-10-01,603659
2023-10-01,603799
2023-10-01,603806
2023-10-01,603833
2023-10-01,603899
2023-10-01,603986
2023-10-01,603993
2023-10-01,605117
2023-10-01,605499
2023-10-01,688005
2023-10-01,688008
2023-10-01,688012
2023-10-01,688036
2023-10-01,688065
2023-10-01,688111
2023-10-01,688126
2023-10-01,688187
2023-10-01,688223
2023-10-01,688303
2023-10-01,688363
2023-10-01,688396
2023-10-01,688561
2023-10-01,688599
2023-10-01,688981
2023-10-01,000001
2023-10-01,000002
2023-10-01,000063
2023-10-01,000069
2023-10-01,000100
2023-10-01,000157
2023-10-01,000166
2023-10-01,000301
2023-10-01,000333
2023-10-01,000338
2023-10-01,000408
2023-10-01,000425
2023-10-01,000538
2023-10-01,000568
2023-10-01,000596
2023-10-01,000617
2023-10-01,000625
2023-10-01,000651
2023-10-01,000661
2023-10-01,000708
2023-10-01,000723
2023-10-01,000725
2023-10-01,000733
2023-10-01,000768
2023-10-01,000776
2023-10-01,000786
2023-10-01,000792
2023-10-01,000800
2023-10-01,000858
2023-10-01,000876
2023-10-01,000877
2023-10-01,000895
2023-10-01,000938
2023-10-01,000963
2023-10-01,000977
2023-10-01,000983
2023-10-01,001289
2023-10-01,001979
2023-10-01,002001
2023-10-01,002007
2023-10-01,002027
2023-10-01,002049
2023-10-01,002050
2023-10-01,002064
2023-10-01,002074
2023-10-01,002120
2023-10-01,002129
2023-10-01,002142
2023-10-01,002179
2023-10-01,002180
2023-10-01,002202
2023-10-01,002230
2023-10-01,002236
2023-10-01,002241
2023-10-01,002252
2023-10-01,002271
2023-10-01,002304
2023-10-01,002311
2023-10-01,002352
2023-10-01,002371
2023-10-01,002410
2023-10-01,002414
2023-10-01,002415
2023-10-01,002459
2023-10-01,002460
2023-10-01,002466
2023-10-01,002475
2023-10-01,002493
2023-10-01,002555
2023-10-01,002594
2023-10-01,002601
2023-10-01,002648
2023-10-01,002709
2023-10-01,002714
2023-10-01,002736
2023-10-01,002756
2023-10-01,002812
2023-10-01,002821
2023-10-01,002841
2023-10-01,002916
2023-10-01,002920
2023-10-01,002938
2023-10-01,003816
2023-10-01,300014
2023-10-01,300015
2023-10-01,300033
2023-10-01,300059
2023-10-01,300122
2023-10-01,300124
2023-10-01,300142
2023-10-01,300207
2023-10-01,300223
2023-10-01,300274
2023-10-01,300316
2023-10-01,300347
2023-10-01,300408
2023-10-01,300413
2023-10-01,300433
2023-10-01,300450
2023-10-01,300454
2023-10-01,300496
2023-10-01,300498
2023-10-01,300601
2023-10-01,300628
2023-10-01,300661
2023-10-01,300750
2023-10-01,300751
2023-10-01,300759
2023-10-01,300760
2023-10-01,300763
2023-10-01,300769
2023-10-01,300782
2023-10-01,300896
2023-10-01,300919
2023-10-01,300957
2023-10-01,300979
2023-10-01,300999
2023-11-01,600000
2023-11-01,600009
2023-11-01,600010
2023-11-01,600011
2023-11-01,600015
2023-11-01,600016
2023-11-01,600018
2023-11-01,600019
2023-11-01,600025
2023-11-01,600028
2023-11-01,600029
2023-11-01,600030
2023-11-01,600031
2023-11-01,600036
2023-11-01,600039
2023-11-01,600048
2023-11-01,600050
2023-11-01,600061
2023-11-01,600085
2023-11-01,600089
2023-11-01,600104
2023-11-01,600111
2023-11-01,600115
2023-11-01,600132
2023-11-01,600150
2023-11-01,600176
2023-11-01,600183
2023-11-01,600188
2023-11-01,600196
2023-11-01,600219
2023-11-01,600233
2023-11-01,600276
2023-11-01,600309
2023-11-01,600332
2023-11-01,600346
2023-11-01,600362
2023-11-01,600383
2023-11-01,600406
2023-11-01,600426
2023-11-01,600436
2023-11-01,600438
2023-11-01,600460
2023-11-01,600519
2023-11-01,600547
2023-11-01,600570
2023-11-01,600584
2023-11-01,600585
2023-11-01,600588
2023-11-01,600600
2023-11-01,600606
2023-11-01,600660
2023-11-01,600674
2023-11-01,600690
2023-11-01,600732
2023-11-01,600741
2023-11-01,600745
2023-11-01,600754
2023-11-01,600760
2023-11-01,600763
2023-11-01,600795
2023-11-01,600803
2023-11-01,600809
2023-11-01,600837
2023-11-01,600845
2023-11-01,600875
2023-11-01,600884
2023-11-01,600886
2023-11-01,600887
2023-11-01,600893
2023-11-01,600900
2023-11-01,600905
2023-11-01,600918
2023-11-01,600919
2023-11-01,600926
2023-11-01,600941
2023-11-01,600958
2023-11-01,600989
2023-11-01,600999
2023-11-01,601006
2023-11-01,601009
2023-11-01,601012
2023-11-01,601021
2023-11-01,601066
2023-11-01,601088
2023-11-01,601100
2023-11-01,601111
2023-11-01,601117
2023-11-01,601138
2023-11-01,601155
2023-11-01,601166
2023-11-01,601169
2023-11-01,601186
2023-11-01,601211
2023-11-01,601216
2023-11-01,601225
2023-11-01,601229
2023-11-01,601236
2023-11-01,601238
2023-11-01,601288
2023-11-01,601318
2023-11-01,601319
2023-11-01,601328
2023-11-01,601336
2023-11-01,601360
2023-11-01,601377
2023-11-01,601390
2023-11-01,601398
2023-11-01,601600
2023-11-01,601601
2023-11-01,601607
2023-11-01,601615
2023-11-01,601618
2023-11-01,601628
2023-11-01,601633
2023-11-01,601658
2023-11-01,601668
2023-11-01,601669
2023-11-01,601688
2023-11-01,601689
2023-11-01,601698
2023-11-01,601699
2023-11-01,601728
2023-11-01,601766
2023-11-01,601788
2023-11-01,601799
2023-11-01,601800
2023-11-01,601808
2023-11-01,601816
2023-11-01,601818
2023-11-01,601838
2023-11-01,601857
2023-11-01,601865
2023-11-01,601868
2023-11-01,601872
2023-11-01,601877
2023-11-01,601878
2023-11-01,601881
2023-11-01,601888
2023-11-01,601898
2023-11-01,601899
2023-11-01,601901
2023-11-01,601919
2023-11-01,601939
2023-11-01,601985
2023-11-01,601988
2023-11-01,601989
2023-11-01,601995
2023-11-01,601998
2023-11-01,603019
2023-11-01,603185
2023-11-01,603195
2023-11-01,603259
2023-11-01,603260
2023-11-01,603288
2023-11-01,603290
2023-11-01,603369
2023-11-01,603392
2023-11-01,603486
2023-11-01,603501
2023-11-01,603659
2023-11-01,603799
2023-11-01,603806
2023-11-01,603833
2023-11-01,603899
2023-11-01,603986
2023-11-01,603993
2023-11-01,605117
2023-11-01,605499
2023-11-01,688005
2023-11-01,688008
2023-11-01,688012
2023-11-01,688036
2023-11-01,688065
2023-11-01,688111
2023-11-01,688126
2023-11-01,688187
2023-11-01,688223
2023-11-01,688303
2023-11-01,688363
2023-11-01,688396
2023-11-01,688561
2023-11-01,688599
2023-11-01,688981
2023-11-01,000001
2023-11-01,000002
2023-11-01,000063
2023-11-01,000069
2023-11-01,000100
2023-11-01,000157
2023-11-01,000166
2023-11-01,000301
2023-11-01,000333
2023-11-01,000338
2023-11-01,000408
2023-11-01,000425
2023-11-01,000538
2023-11-01,000568
2023-11-01,000596
2023-11-01,000617
2023-11-01,000625
2023-11-01,000651
2023-11-01,000661
2023-11-01,000708
2023-11-01,000723
2023-11-01,000725
2023-11-01,000733
2023-11-01,000768
2023-11-01,000776
2023-11-01,000786
2023-11-01,000792
2023-11-01,000800
2023-11-01,000858
2023-11-01,000876
2023-11-01,000877
2023-11-01,000895
2023-11-01,000938
2023-11-01,000963
2023-11-01,000977
2023-11-01,000983
2023-11-01,001289
2023-11-01,001979
2023-11-01,002001
2023-11-01,002007
2023-11-01,002027
2023-11-01,002049
2023-11-01,002050
2023-11-01,002064
2023-11-01,002074
2023-11-01,002120
2023-11-01,002129
2023-11-01,002142
2023-11-01,002179
2023-11-01,002180
2023-11-01,002202
2023-11-01,002230
2023-11-01,002236
2023-11-01,002241
2023-11-01,002252
2023-11-01,002271
2023-11-01,002304
2023-11-01,002311
2023-11-01,002352
2023-11-01,002371
2023-11-01,002410
2023-11-01,002414
2023-11-01,002415
2023-11-01,002459
2023-11-01,002460
2023-11-01,002466
2023-11-01,002475
2023-11-01,002493
2023-11-01,002555
2023-11-01,002594
2023-11-01,002601
2023-11-01,002648
2023-11-01,002709
2023-11-01,002714
2023-11-01,002736
2023-11-01,002756
2023-11-01,002812
2023-11-01,002821
2023-11-01,002841
2023-11-01,002916
2023-11-01,002920
2023-11-01,002938
2023-11-01,003816
2023-11-01,300014
2023-11-01,300015
2023-11-01,300033
2023-11-01,300059
2023-11-01,300122
2023-11-01,300124
2023-11-01,300142
2023-11-01,300207
2023-11-01,300223
2023-11-01,300274
2023-11-01,300316
2023-11-01,300347
2023-11-01,300408
2023-11-01,300413
2023-11-01,300433
2023-11-01,300450
2023-11-01,300454
2023-11-01,300496
2023-11-01,300498
2023-11-01,300601
2023-11-01,300628
2023-11-01,300661
2023-11-01,300750
2023-11-01,300751
2023-11-01,300759
2023-11-01,300760
2023-11-01,300763
2023-11-01,300769
2023-11-01,300782
2023-11-01,300896
2023-11-01,300919
2023-11-01,300957
2023-11-01,300979
2023-11-01,300999
2023-12-01,600000
2023-12-01,600009
2023-12-01,600010
2023-12-01,600011
2023-12-01,600015
2023-12-01,600016
2023-12-01,600018
2023-12-01,600019
2023-12-01,600025
2023-12-01,600028
2023-12-01,600029
2023-12-01,600030
2023-12-01,600031
2023-12-01,600036
2023-12-01,600039
2023-12-01,600048
2023-12-01,600050
2023-12-01,600061
2023-12-01,600085
2023-12-01,600089
2023-12-01,600104
2023-12-01,600111
2023-12-01,600115
2023-12-01,600132
2023-12-01,600150
2023-12-01,600176
2023-12-01,600183
2023-12-01,600188
2023-12-01,600196
2023-12-01,600219
2023-12-01,600233
2023-12-01,600276
2023-12-01,600309
2023-12-01,600332
2023-12-01,600346
2023-12-01,600362
2023-12-01,600383
2023-12-01,600406
2023-12-01,600426
2023-12-01,600436
2023-12-01,600438
2023-12-01,600460
2023-12-01,600519
2023-12-01,600547
2023-12-01,600570
2023-12-01,600584
2023-12-01,600585
2023-12-01,600588
2023-12-01,600600
2023-12-01,600606
2023-12-01,600660
2023-12-01,600674
2023-12-01,600690
2023-12-01,600732
2023-12-01,600741
2023-12-01,600745
2023-12-01,600754
2023-12-01,600760
2023-12-01,600763
2023-12-01,600795
2023-12-01,600803
2023-12-01,600809
2023-12-01,600837
2023-12-01,600845
2023-12-01,600875
2023-12-01,600884
2023-12-01,600886
2023-12-01,600887
2023-12-01,600893
2023-12-01,600900
2023-12-01,600905
2023-12-01,600918
2023-12-01,600919
2023-12-01,600926
2023-12-01,600941
2023-12-01,600958
2023-12-01,600989
2023-12-01,600999
2023-12-01,601006
2023-12-01,601009
2023-12-01,601012
2023-12-01,601021
2023-12-01,601066
2023-12-01,601088
2023-12-01,601100
2023-12-01,601111
2023-12-01,601117
2023-12-01,601138
2023-12-01,601155
2023-12-01,601166
2023-12-01,601169
2023-12-01,601186
2023-12-01,601211
2023-12-01,601216
2023-12-01,601225
2023-12-01,601229
2023-12-01,601236
2023-12-01,601238
2023-12-01,601288
2023-12-01,601318
2023-12-01,601319
2023-12-01,601328
2023-12-01,601336
2023-12-01,601360
2023-12-01,601377
2023-12-01,601390
2023-12-01,601398
2023-12-01,601600
2023-12-01,601601
2023-12-01,601607
2023-12-01,601615
2023-12-01,601618
2023-12-01,601628
2023-12-01,601633
2023-12-01,601658
2023-12-01,601668
2023-12-01,601669
2023-12-01,601688
2023-12-01,601689
2023-12-01,601698
2023-12-01,601699
2023-12-01,601728
2023-12-01,601766
2023-12-01,601788
2023-12-01,601799
2023-12-01,601800
2023-12-01,601808
2023-12-01,601816
2023-12-01,601818
2023-12-01,601838
2023-12-01,601857
2023-12-01,601865
2023-12-01,601868
2023-12-01,601872
2023-12-01,601877
2023-12-01,601878
2023-12-01,601881
2023-12-01,601888
2023-12-01,601898
2023-12-01,601899
2023-12-01,601901
2023-12-01,601919
2023-12-01,601939
2023-12-01,601985
2023-12-01,601988
2023-12-01,601989
2023-12-01,601995
2023-12-01,601998
2023-12-01,603019
2023-12-01,603185
2023-12-01,603195
2023-12-01,603259
2023-12-01,603260
2023-12-01,603288
2023-12-01,603290
2023-12-01,603369
2023-12-01,603392
2023-12-01,603486
2023-12-01,603501
2023-12-01,603659
2023-12-01,603799
2023-12-01,603806
2023-12-01,603833
2023-12-01,603899
2023-12-01,603986
2023-12-01,603993
2023-12-01,605117
2023-12-01,605499
2023-12-01,688005
2023-12-01,688008
2023-12-01,688012
2023-12-01,688036
2023-12-01,688065
2023-12-01,688111
2023-12-01,688126
2023-12-01,688187
2023-12-01,688223
2023-12-01,688303
2023-12-01,688363
2023-12-01,688396
2023-12-01,688561
2023-12-01,688599
2023-12-01,688981
2023-12-01,000001
2023-12-01,000002
2023-12-01,000063
2023-12-01,000069
2023-12-01,000100
2023-12-01,000157
2023-12-01,000166
2023-12-01,000301
2023-12-01,000333
2023-12-01,000338
2023-12-01,000408
2023-12-01,000425
2023-12-01,000538
2023-12-01,000568
2023-12-01,000596
2023-12-01,000617
2023-12-01,000625
2023-12-01,000651
2023-12-01,000661
2023-12-01,000708
2023-12-01,000723
2023-12-01,000725
2023-12-01,000733
2023-12-01,000768
2023-12-01,000776
2023-12-01,000786
2023-12-01,000792
2023-12-01,000800
2023-12-01,000858
2023-12-01,000876
2023-12-01,000877
2023-12-01,000895
2023-12-01,000938
2023-12-01,000963
2023-12-01,000977
2023-12-01,000983
2023-12-01,001289
2023-12-01,001979
2023-12-01,002001
2023-12-01,002007
2023-12-01,002027
2023-12-01,002049
2023-12-01,002050
2023-12-01,002064
2023-12-01,002074
2023-12-01,002120
2023-12-01,002129
2023-12-01,002142
2023-12-01,002179
2023-12-01,002180
2023-12-01,002202
2023-12-01,002230
2023-12-01,002236
2023-12-01,002241
2023-12-01,002252
2023-12-01,002271
2023-12-01,002304
2023-12-01,002311
2023-12-01,002352
2023-12-01,002371
2023-12-01,002410
2023-12-01,002414
2023-12-01,002415
2023-12-01,002459
2023-12-01,002460
2023-12-01,002466
2023-12-01,002475
2023-12-01,002493
2023-12-01,002555
2023-12-01,002594
2023-12-01,002601
2023-12-01,002648
2023-12-01,002709
2023-12-01,002714
2023-12-01,002736
2023-12-01,002756
2023-12-01,002812
2023-12-01,002821
2023-12-01,002841
2023-12-01,002916
2023-12-01,002920
2023-12-01,002938
2023-12-01,003816
2023-12-01,300014
2023-12-01,300015
2023-12-01,300033
2023-12-01,300059
2023-12-01,300122
2023-12-01,300124
2023-12-01,300142
2023-12-01,300207
2023-12-01,300223
2023-12-01,300274
2023-12-01,300316
2023-12-01,300347
2023-12-01,300408
2023-12-01,300413
2023-12-01,300433
2023-12-01,300450
2023-12-01,300454
2023-12-01,300496
2023-12-01,300498
2023-12-01,300601
2023-12-01,300628
2023-12-01,300661
2023-12-01,300750
2023-12-01,300751
2023-12-01,300759
2023-12-01,300760
2023-12-01,300763
2023-12-01,300769
2023-12-01,300782
2023-12-01,300896
2023-12-01,300919
2023-12-01,300957
2023-12-01,300979
2023-12-01,300999
2024-01-01,600000
2024-01-01,600009
2024-01-01,600010
2024-01-01,600011
2024-01-01,600015
2024-01-01,600016
2024-01-01,600018
2024-01-01,600019
2024-01-01,600023
2024-01-01,600025
2024-01-01,600028
2024-01-01,600029
2024-01-01,600030
2024-01-01,600031
2024-01-01,600036
2024-01-01,600039
2024-01-01,600048
2024-01-01,600050
2024-01-01,600061
2024-01-01,600085
2024-01-01,600089
2024-01-01,600104
2024-01-01,600111
2024-01-01,600115
2024-01-01,600132
2024-01-01,600150
2024-01-01,600176
2024-01-01,600183
2024-01-01,600188
2024-01-01,600196
2024-01-01,600219
2024-01-01,600233
2024-01-01,600276
2024-01-01,600309
2024-01-01,600332
2024-01-01,600346
2024-01-01,600362
2024-01-01,600372
2024-01-01,600406
2024-01-01,600426
2024-01-01,600436
2024-01-01,600438
2024-01-01,600460
2024-01-01,600489
2024-01-01,600515
2024-01-01,600519
2024-01-01,600547
2024-01-01,600570
2024-01-01,600584
2024-01-01,600585
2024-01-01,600588
2024-01-01,600600
2024-01-01,600606
2024-01-01,600660
2024-01-01,600674
2024-01-01,600690
2024-01-01,600732
2024-01-01,600741
2024-01-01,600745
2024-01-01,600754
2024-01-01,600760
2024-01-01,600795
2024-01-01,600803
2024-01-01,600809
2024-01-01,600837
2024-01-01,600845
2024-01-01,600875
2024-01-01,600886
2024-01-01,600887
2024-01-01,600893
2024-01-01,600900
2024-01-01,600905
2024-01-01,600918
2024-01-01,600919
2024-01-01,600926
2024-01-01,600938
2024-01-01,600941
2024-01-01,600958
2024-01-01,600989
2024-01-01,600999
2024-01-01,601006
2024-01-01,601009
2024-01-01,601012
2024-01-01,601021
2024-01-01,601059
2024-01-01,601066
2024-01-01,601088
2024-01-01,601100
2024-01-01,601111
2024-01-01,601117
2024-01-01,601138
2024-01-01,601155
2024-01-01,601166
2024-01-01,601169
2024-01-01,601186
2024-01-01,601211
2024-01-01,601225
2024-01-01,601229
2024-01-01,601236
2024-01-01,601238
2024-01-01,601288
2024-01-01,601318
2024-01-01,601319
2024-01-01,601328
2024-01-01,601336
2024-01-01,601360
2024-01-01,601377
2024-01-01,601390
2024-01-01,601398
2024-01-01,601600
2024-01-01,601601
2024-01-01,601607
2024-01-01,601615
2024-01-01,601618
2024-01-01,601628
2024-01-01,601633
2024-01-01,601658
2024-01-01,601668
2024-01-01,601669
2024-01-01,601688
2024-01-01,601689
2024-01-01,601698
2024-01-01,601699
2024-01-01,601728
2024-01-01,601766
2024-01-01,601788
2024-01-01,601799
2024-01-01,601800
2024-01-01,601808
2024-01-01,601816
2024-01-01,601818
2024-01-01,601838
2024-01-01,601857
2024-01-01,601865
2024-01-01,601868
2024-01-01,601872
2024-01-01,601877
2024-01-01,601878
2024-01-01,601881
2024-01-01,601888
2024-01-01,601898
2024-01-01,601899
2024-01-01,601901
2024-01-01,601916
2024-01-01,601919
2024-01-01,601939
2024-01-01,601985
2024-01-01,601988
2024-01-01,601989
2024-01-01,601995
2024-01-01,601998
2024-01-01,603019
2024-01-01,603195
2024-01-01,603259
2024-01-01,603260
2024-01-01,603288
2024-01-01,603290
2024-01-01,603369
2024-01-01,603392
2024-01-01,603486
2024-01-01,603501
2024-01-01,603659
2024-01-01,603799
2024-01-01,603806
2024-01-01,603833
2024-01-01,603899
2024-01-01,603986
2024-01-01,603993
2024-01-01,605117
2024-01-01,605499
2024-01-01,688008
2024-01-01,688012
2024-01-01,688036
2024-01-01,688041
2024-01-01,688065
2024-01-01,688111
2024-01-01,688126
2024-01-01,688187
2024-01-01,688223
2024-01-01,688256
2024-01-01,688271
2024-01-01,688303
2024-01-01,688363
2024-01-01,688396
2024-01-01,688561
2024-01-01,688599
2024-01-01,688981
2024-01-01,000001
2024-01-01,000002
2024-01-01,000063
2024-01-01,000069
2024-01-01,000100
2024-01-01,000157
2024-01-01,000166
2024-01-01,000301
2024-01-01,000333
2024-01-01,000338
2024-01-01,000408
2024-01-01,000425
2024-01-01,000538
2024-01-01,000568
2024-01-01,000596
2024-01-01,000617
2024-01-01,000625
2024-01-01,000651
2024-01-01,000661
2024-01-01,000708
2024-01-01,000725
2024-01-01,000733
2024-01-01,000768
2024-01-01,000776
2024-01-01,000786
2024-01-01,000792
2024-01-01,000800
2024-01-01,000858
2024-01-01,000876
2024-01-01,000877
2024-01-01,000895
2024-01-01,000938
2024-01-01,000963
2024-01-01,000977
2024-01-01,000983
2024-01-01,000999
2024-01-01,001289
2024-01-01,001979
2024-01-01,002001
2024-01-01,002007
2024-01-01,002027
2024-01-01,002049
2024-01-01,002050
2024-01-01,002074
2024-01-01,002129
2024-01-01,002142
2024-01-01,002179
2024-01-01,002180
2024-01-01,002202
2024-01-01,002230
2024-01-01,002236
2024-01-01,002241
2024-01-01,002252
2024-01-01,002271
2024-01-01,002304
2024-01-01,002311
2024-01-01,002352
2024-01-01,002371
2024-01-01,002410
2024-01-01,002415
2024-01-01,002459
2024-01-01,002460
2024-01-01,002466
2024-01-01,002475
2024-01-01,002493
2024-01-01,002555
2024-01-01,002594
2024-01-01,002601
2024-01-01,002603
2024-01-01,002648
2024-01-01,002709
2024-01-01,002714
2024-01-01,002736
2024-01-01,002812
2024-01-01,002821
2024-01-01,002841
2024-01-01,002916
2024-01-01,002920
2024-01-01,002938
2024-01-01,003816
2024-01-01,300014
2024-01-01,300015
2024-01-01,300033
2024-01-01,300059
2024-01-01,300122
2024-01-01,300124
2024-01-01,300142
2024-01-01,300223
2024-01-01,300274
2024-01-01,300308
2024-01-01,300316
2024-01-01,300347
2024-01-01,300408
2024-01-01,300413
2024-01-01,300433
2024-01-01,300450
2024-01-01,300454
2024-01-01,300496
2024-01-01,300498
2024-01-01,300628
2024-01-01,300661
2024-01-01,300750
2024-01-01,300751
2024-01-01,300759
2024-01-01,300760
2024-01-01,300763
2024-01-01,300782
2024-01-01,300896
2024-01-01,300919
2024-01-01,300957
2024-01-01,300979
2024-01-01,300999
2024-01-01,301269
2024-02-01,600000
2024-02-01,600009
2024-02-01,600010
2024-02-01,600011
2024-02-01,600015
2024-02-01,600016
2024-02-01,600018
2024-02-01,600019
2024-02-01,600023
2024-02-01,600025
2024-02-01,600028
2024-02-01,600029
2024-02-01,600030
2024-02-01,600031
2024-02-01,600036
2024-02-01,600039
2024-02-01,600048
2024-02-01,600050
2024-02-01,600061
2024-02-01,600085
2024-02-01,600089
2024-02-01,600104
2024-02-01,600111
2024-02-01,600115
2024-02-01,600132
2024-02-01,600150
2024-02-01,600176
2024-02-01,600183
2024-02-01,600188
2024-02-01,600196
2024-02-01,600219
2024-02-01,600233
2024-02-01,600276
2024-02-01,600309
2024-02-01,600332
2024-02-01,600346
2024-02-01,600362
2024-02-01,600372
2024-02-01,600406
2024-02-01,600426
2024-02-01,600436
2024-02-01,600438
2024-02-01,600460
2024-02-01,600489
2024-02-01,600515
2024-02-01,600519
2024-02-01,600547
2024-02-01,600570
2024-02-01,600584
2024-02-01,600585
2024-02-01,600588
2024-02-01,600600
2024-02-01,600606
2024-02-01,600660
2024-02-01,600674
2024-02-01,600690
2024-02-01,600732
2024-02-01,600741
2024-02-01,600745
2024-02-01,600754
2024-02-01,600760
2024-02-01,600795
2024-02-01,600803
2024-02-01,600809
2024-02-01,600837
2024-02-01,600845
2024-02-01,600875
2024-02-01,600886
2024-02-01,600887
2024-02-01,600893
2024-02-01,600900
2024-02-01,600905
2024-02-01,600918
2024-02-01,600919
2024-02-01,600926
2024-02-01,600938
2024-02-01,600941
2024-02-01,600958
2024-02-01,600989
2024-02-01,600999
2024-02-01,601006
2024-02-01,601009
2024-02-01,601012
2024-02-01,601021
2024-02-01,601059
2024-02-01,601066
2024-02-01,601088
2024-02-01,601100
2024-02-01,601111
2024-02-01,601117
2024-02-01,601138
2024-02-01,601155
2024-02-01,601166
2024-02-01,601169
2024-02-01,601186
2024-02-01,601211
2024-02-01,601225
2024-02-01,601229
2024-02-01,601236
2024-02-01,601238
2024-02-01,601288
2024-02-01,601318
2024-02-01,601319
2024-02-01,601328
2024-02-01,601336
2024-02-01,601360
2024-02-01,601377
2024-02-01,601390
2024-02-01,601398
2024-02-01,601600
2024-02-01,601601
2024-02-01,601607
2024-02-01,601615
2024-02-01,601618
2024-02-01,601628
2024-02-01,601633
2024-02-01,601658
2024-02-01,601668
2024-02-01,601669
2024-02-01,601688
2024-02-01,601689
2024-02-01,601698
2024-02-01,601699
2024-02-01,601728
2024-02-01,601766
2024-02-01,601788
2024-02-01,601799
2024-02-01,601800
2024-02-01,601808
2024-02-01,601816
2024-02-01,601818
2024-02-01,601838
2024-02-01,601857
2024-02-01,601865
2024-02-01,601868
2024-02-01,601872
2024-02-01,601877
2024-02-01,601878
2024-02-01,601881
2024-02-01,601888
2024-02-01,601898
2024-02-01,601899
2024-02-01,601901
2024-02-01,601916
2024-02-01,601919
2024-02-01,601939
2024-02-01,601985
2024-02-01,601988
2024-02-01,601989
2024-02-01,601995
2024-02-01,601998
2024-02-01,603019
2024-02-01,603195
2024-02-01,603259
2024-02-01,603260
2024-02-01,603288
2024-02-01,603290
2024-02-01,603369
2024-02-01,603392
2024-02-01,603486
2024-02-01,603501
2024-02-01,603659
2024-02-01,603799
2024-02-01,603806
2024-02-01,603833
2024-02-01,603899
2024-02-01,603986
2024-02-01,603993
2024-02-01,605117
2024-02-01,605499
2024-02-01,688008
2024-02-01,688012
2024-02-01,688036
2024-02-01,688041
2024-02-01,688065
2024-02-01,688111
2024-02-01,688126
2024-02-01,688187
2024-02-01,688223
2024-02-01,688256
2024-02-01,688271
2024-02-01,688303
2024-02-01,688363
2024-02-01,688396
2024-02-01,688561
2024-02-01,688599
2024-02-01,688981
2024-02-01,000001
2024-02-01,000002
2024-02-01,000063
2024-02-01,000069
2024-02-01,000100
2024-02-01,000157
2024-02-01,000166
2024-02-01,000301
2024-02-01,000333
2024-02-01,000338
2024-02-01,000408
2024-02-01,000425
2024-02-01,000538
2024-02-01,000568
2024-02-01,000596
2024-02-01,000617
2024-02-01,000625
2024-02-01,000651
2024-02-01,000661
2024-02-01,000708
2024-02-01,000725
2024-02-01,000733
2024-02-01,000768
2024-02-01,000776
2024-02-01,000786
2024-02-01,000792
2024-02-01,000800
2024-02-01,000858
2024-02-01,000876
2024-02-01,000877
2024-02-01,000895
2024-02-01,000938
2024-02-01,000963
2024-02-01,000977
2024-02-01,000983
2024-02-01,000999
2024-02-01,001289
2024-02-01,001979
2024-02-01,002001
2024-02-01,002007
2024-02-01,002027
2024-02-01,002049
2024-02-01,002050
2024-02-01,002074
2024-02-01,002129
2024-02-01,002142
2024-02-01,002179
2024-02-01,002180
2024-02-01,002202
2024-02-01,002230
2024-02-01,002236
2024-02-01,002241
2024-02-01,002252
2024-02-01,002271
2024-02-01,002304
2024-02-01,002311
2024-02-01,002352
2024-02-01,002371
2024-02-01,002410
2024-02-01,002415
2024-02-01,002459
2024-02-01,002460
2024-02-01,002466
2024-02-01,002475
2024-02-01,002493
2024-02-01,002555
2024-02-01,002594
2024-02-01,002601
2024-02-01,002603
2024-02-01,002648
2024-02-01,002709
2024-02-01,002714
2024-02-01,002736
2024-02-01,002812
2024-02-01,002821
2024-02-01,002841
2024-02-01,002916
2024-02-01,002920
2024-02-01,002938
2024-02-01,003816
2024-02-01,300014
2024-02-01,300015
2024-02-01,300033
2024-02-01,300059
2024-02-01,300122
2024-02-01,300124
2024-02-01,300142
2024-02-01,300223
2024-02-01,300274
2024-02-01,300308
2024-02-01,300316
2024-02-01,300347
2024-02-01,300408
2024-02-01,300413
2024-02-01,300433
2024-02-01,300450
2024-02-01,300454
2024-02-01,300496
2024-02-01,300498
2024-02-01,300628
2024-02-01,300661
2024-02-01,300750
2024-02-01,300751
2024-02-01,300759
2024-02-01,300760
2024-02-01,300763
2024-02-01,300782
2024-02-01,300896
2024-02-01,300919
2024-02-01,300957
2024-02-01,300979
2024-02-01,300999
2024-02-01,301269
2024-03-01,600000
2024-03-01,600009
2024-03-01,600010
2024-03-01,600011
2024-03-01,600015
2024-03-01,600016
2024-03-01,600018
2024-03-01,600019
2024-03-01,600023
2024-03-01,600025
2024-03-01,600028
2024-03-01,600029
2024-03-01,600030
2024-03-01,600031
2024-03-01,600036
2024-03-01,600039
2024-03-01,600048
2024-03-01,600050
2024-03-01,600061
2024-03-01,600085
2024-03-01,600089
2024-03-01,600104
2024-03-01,600111
2024-03-01,600115
2024-03-01,600132
2024-03-01,600150
2024-03-01,600176
2024-03-01,600183
2024-03-01,600188
2024-03-01,600196
2024-03-01,600219
2024-03-01,600233
2024-03-01,600276
2024-03-01,600309
2024-03-01,600332
2024-03-01,600346
2024-03-01,600362
2024-03-01,600372
2024-03-01,600406
2024-03-01,600426
2024-03-01,600436
2024-03-01,600438
2024-03-01,600460
2024-03-01,600489
2024-03-01,600515
2024-03-01,600519
2024-03-01,600547
2024-03-01,600570
2024-03-01,600584
2024-03-01,600585
2024-03-01,600588
2024-03-01,600600
2024-03-01,600606
2024-03-01,600660
2024-03-01,600674
2024-03-01,600690
2024-03-01,600732
2024-03-01,600741
2024-03-01,600745
2024-03-01,600754
2024-03-01,600760
2024-03-01,600795
2024-03-01,600803
2024-03-01,600809
2024-03-01,600837
2024-03-01,600845
2024-03-01,600875
2024-03-01,600886
2024-03-01,600887
2024-03-01,600893
2024-03-01,600900
2024-03-01,600905
2024-03-01,600918
2024-03-01,600919
2024-03-01,600926
2024-03-01,600938
2024-03-01,600941
2024-03-01,600958
2024-03-01,600989
2024-03-01,600999
2024-03-01,601006
2024-03-01,601009
2024-03-01,601012
2024-03-01,601021
2024-03-01,601059
2024-03-01,601066
2024-03-01,601088
2024-03-01,601100
2024-03-01,601111
2024-03-01,601117
2024-03-01,601138
2024-03-01,601155
2024-03-01,601166
2024-03-01,601169
2024-03-01,601186
2024-03-01,601211
2024-03-01,601225
2024-03-01,601229
2024-03-01,601236
2024-03-01,601238
2024-03-01,601288
2024-03-01,601318
2024-03-01,601319
2024-03-01,601328
2024-03-01,601336
2024-03-01,601360
2024-03-01,601377
2024-03-01,601390
2024-03-01,601398
2024-03-01,601600
2024-03-01,601601
2024-03-01,601607
2024-03-01,601615
2024-03-01,601618
2024-03-01,601628
2024-03-01,601633
2024-03-01,601658
2024-03-01,601668
2024-03-01,601669
2024-03-01,601688
2024-03-01,601689
2024-03-01,601698
2024-03-01,601699
2024-03-01,601728
2024-03-01,601766
2024-03-01,601788
2024-03-01,601799
2024-03-01,601800
2024-03-01,601808
2024-03-01,601816
2024-03-01,601818
2024-03-01,601838
2024-03-01,601857
2024-03-01,601865
2024-03-01,601868
2024-03-01,601872
2024-03-01,601877
2024-03-01,601878
2024-03-01,601881
2024-03-01,601888
2024-03-01,601898
2024-03-01,601899
2024-03-01,601901
2024-03-01,601916
2024-03-01,601919
2024-03-01,601939
2024-03-01,601985
2024-03-01,601988
2024-03-01,601989
2024-03-01,601995
2024-03-01,601998
2024-03-01,603019
2024-03-01,603195
2024-03-01,603259
2024-03-01,603260
2024-03-01,603288
2024-03-01,603290
2024-03-01,603369
2024-03-01,603392
2024-03-01,603486
2024-03-01,603501
2024-03-01,603659
2024-03-01,603799
2024-03-01,603806
2024-03-01,603833
2024-03-01,603899
2024-03-01,603986
2024-03-01,603993
2024-03-01,605117
2024-03-01,605499
2024-03-01,688008
2024-03-01,688012
2024-03-01,688036
2024-03-01,688041
2024-03-01,688065
2024-03-01,688111
2024-03-01,688126
2024-03-01,688187
2024-03-01,688223
2024-03-01,688256
2024-03-01,688271
2024-03-01,688303
2024-03-01,688363
2024-03-01,688396
2024-03-01,688561
2024-03-01,688599
2024-03-01,688981
2024-03-01,000001
2024-03-01,000002
2024-03-01,000063
2024-03-01,000069
2024-03-01,000100
2024-03-01,000157
2024-03-01,000166
2024-03-01,000301
2024-03-01,000333
2024-03-01,000338
2024-03-01,000408
2024-03-01,000425
2024-03-01,000538
2024-03-01,000568
2024-03-01,000596
2024-03-01,000617
2024-03-01,000625
2024-03-01,000651
2024-03-01,000661
2024-03-01,000708
2024-03-01,000725
2024-03-01,000733
2024-03-01,000768
2024-03-01,000776
2024-03-01,000786
2024-03-01,000792
2024-03-01,000800
2024-03-01,000858
2024-03-01,000876
2024-03-01,000877
2024-03-01,000895
2024-03-01,000938
2024-03-01,000963
2024-03-01,000977
2024-03-01,000983
2024-03-01,000999
2024-03-01,001289
2024-03-01,001979
2024-03-01,002001
2024-03-01,002007
2024-03-01,002027
2024-03-01,002049
2024-03-01,002050
2024-03-01,002074
2024-03-01,002129
2024-03-01,002142
2024-03-01,002179
2024-03-01,002180
2024-03-01,002202
2024-03-01,002230
2024-03-01,002236
2024-03-01,002241
2024-03-01,002252
2024-03-01,002271
2024-03-01,002304
2024-03-01,002311
2024-03-01,002352
2024-03-01,002371
2024-03-01,002410
2024-03-01,002415
2024-03-01,002459
2024-03-01,002460
2024-03-01,002466
2024-03-01,002475
2024-03-01,002493
2024-03-01,002555
2024-03-01,002594
2024-03-01,002601
2024-03-01,002603
2024-03-01,002648
2024-03-01,002709
2024-03-01,002714
2024-03-01,002736
2024-03-01,002812
2024-03-01,002821
2024-03-01,002841
2024-03-01,002916
2024-03-01,002920
2024-03-01,002938
2024-03-01,003816
2024-03-01,300014
2024-03-01,300015
2024-03-01,300033
2024-03-01,300059
2024-03-01,300122
2024-03-01,300124
2024-03-01,300142
2024-03-01,300223
2024-03-01,300274
2024-03-01,300308
2024-03-01,300316
2024-03-01,300347
2024-03-01,300408
2024-03-01,300413
2024-03-01,300433
2024-03-01,300450
2024-03-01,300454
2024-03-01,300496
2024-03-01,300498
2024-03-01,300628
2024-03-01,300661
2024-03-01,300750
2024-03-01,300751
2024-03-01,300759
2024-03-01,300760
2024-03-01,300763
2024-03-01,300782
2024-03-01,300896
2024-03-01,300919
2024-03-01,300957
2024-03-01,300979
2024-03-01,300999
2024-03-01,301269
2024-04-01,600000
2024-04-01,600009
2024-04-01,600010
2024-04-01,600011
2024-04-01,600015
2024-04-01,600016
2024-04-01,600018
2024-04-01,600019
2024-04-01,600023
2024-04-01,600025
2024-04-01,600028
2024-04-01,600029
2024-04-01,600030
2024-04-01,600031
2024-04-01,600036
2024-04-01,600039
2024-04-01,600048
2024-04-01,600050
2024-04-01,600061
2024-04-01,600085
2024-04-01,600089
2024-04-01,600104
2024-04-01,600111
2024-04-01,600115
2024-04-01,600132
2024-04-01,600150
2024-04-01,600176
2024-04-01,600183
2024-04-01,600188
2024-04-01,600196
2024-04-01,600219
2024-04-01,600233
2024-04-01,600276
2024-04-01,600309
2024-04-01,600332
2024-04-01,600346
2024-04-01,600362
2024-04-01,600372
2024-04-01,600406
2024-04-01,600426
2024-04-01,600436
2024-04-01,600438
2024-04-01,600460
2024-04-01,600489
2024-04-01,600515
2024-04-01,600519
2024-04-01,600547
2024-04-01,600570
2024-04-01,600584
2024-04-01,600585
2024-04-01,600588
2024-04-01,600600
2024-04-01,600606
2024-04-01,600660
2024-04-01,600674
2024-04-01,600690
2024-04-01,600732
2024-04-01,600741
2024-04-01,600745
2024-04-01,600754
2024-04-01,600760
2024-04-01,600795
2024-04-01,600803
2024-04-01,600809
2024-04-01,600837
2024-04-01,600845
2024-04-01,600875
2024-04-01,600886
2024-04-01,600887
2024-04-01,600893
2024-04-01,600900
2024-04-01,600905
2024-04-01,600918
2024-04-01,600919
2024-04-01,600926
2024-04-01,600938
2024-04-01,600941
2024-04-01,600958
2024-04-01,600989
2024-04-01,600999
2024-04-01,601006
2024-04-01,601009
2024-04-01,601012
2024-04-01,601021
2024-04-01,601059
2024-04-01,601066
2024-04-01,601088
2024-04-01,601100
2024-04-01,601111
2024-04-01,601117
2024-04-01,601138
2024-04-01,601155
2024-04-01,601166
2024-04-01,601169
2024-04-01,601186
2024-04-01,601211
2024-04-01,601225
2024-04-01,601229
2024-04-01,601236
2024-04-01,601238
2024-04-01,601288
2024-04-01,601318
2024-04-01,601319
2024-04-01,601328
2024-04-01,601336
2024-04-01,601360
2024-04-01,601377
2024-04-01,601390
2024-04-01,601398
2024-04-01,601600
2024-04-01,601601
2024-04-01,601607
2024-04-01,601615
2024-04-01,601618
2024-04-01,601628
2024-04-01,601633
2024-04-01,601658
2024-04-01,601668
2024-04-01,601669
2024-04-01,601688
2024-04-01,601689
2024-04-01,601698
2024-04-01,601699
2024-04-01,601728
2024-04-01,601766
2024-04-01,601788
2024-04-01,601799
2024-04-01,601800
2024-04-01,601808
2024-04-01,601816
2024-04-01,601818
2024-04-01,601838
2024-04-01,601857
2024-04-01,601865
2024-04-01,601868
2024-04-01,601872
2024-04-01,601877
2024-04-01,601878
2024-04-01,601881
2024-04-01,601888
2024-04-01,601898
2024-04-01,601899
2024-04-01,601901
2024-04-01,601916
2024-04-01,601919
2024-04-01,601939
2024-04-01,601985
2024-04-01,601988
2024-04-01,601989
2024-04-01,601995
2024-04-01,601998
2024-04-01,603019
2024-04-01,603195
2024-04-01,603259
2024-04-01,603260
2024-04-01,603288
2024-04-01,603290
2024-04-01,603369
2024-04-01,603392
2024-04-01,603486
2024-04-01,603501
2024-04-01,603659
2024-04-01,603799
2024-04-01,603806
2024-04-01,603833
2024-04-01,603899
2024-04-01,603986
2024-04-01,603993
2024-04-01,605117
2024-04-01,605499
2024-04-01,688008
2024-04-01,688012
2024-04-01,688036
2024-04-01,688041
2024-04-01,688065
2024-04-01,688111
2024-04-01,688126
2024-04-01,688187
2024-04-01,688223
2024-04-01,688256
2024-04-01,688271
2024-04-01,688303
2024-04-01,688363
2024-04-01,688396
2024-04-01,688561
2024-04-01,688599
2024-04-01,688981
2024-04-01,000001
2024-04-01,000002
2024-04-01,000063
2024-04-01,000069
2024-04-01,000100
2024-04-01,000157
2024-04-01,000166
2024-04-01,000301
2024-04-01,000333
2024-04-01,000338
2024-04-01,000408
2024-04-01,000425
2024-04-01,000538
2024-04-01,000568
2024-04-01,000596
2024-04-01,000617
2024-04-01,000625
2024-04-01,000651
2024-04-01,000661
2024-04-01,000708
2024-04-01,000725
2024-04-01,000733
2024-04-01,000768
2024-04-01,000776
2024-04-01,000786
2024-04-01,000792
2024-04-01,000800
2024-04-01,000858
2024-04-01,000876
2024-04-01,000877
2024-04-01,000895
2024-04-01,000938
2024-04-01,000963
2024-04-01,000977
2024-04-01,000983
2024-04-01,000999
2024-04-01,001289
2024-04-01,001979
2024-04-01,002001
2024-04-01,002007
2024-04-01,002027
2024-04-01,002049
2024-04-01,002050
2024-04-01,002074
2024-04-01,002129
2024-04-01,002142
2024-04-01,002179
2024-04-01,002180
2024-04-01,002202
2024-04-01,002230
2024-04-01,002236
2024-04-01,002241
2024-04-01,002252
2024-04-01,002271
2024-04-01,002304
2024-04-01,002311
2024-04-01,002352
2024-04-01,002371
2024-04-01,002410
2024-04-01,002415
2024-04-01,002459
2024-04-01,002460
2024-04-01,002466
2024-04-01,002475
2024-04-01,002493
2024-04-01,002555
2024-04-01,002594
2024-04-01,002601
2024-04-01,002603
2024-04-01,002648
2024-04-01,002709
2024-04-01,002714
2024-04-01,002736
2024-04-01,002812
2024-04-01,002821
2024-04-01,002841
2024-04-01,002916
2024-04-01,002920
2024-04-01,002938
2024-04-01,003816
2024-04-01,300014
2024-04-01,300015
2024-04-01,300033
2024-04-01,300059
2024-04-01,300122
2024-04-01,300124
2024-04-01,300142
2024-04-01,300223
2024-04-01,300274
2024-04-01,300308
2024-04-01,300316
2024-04-01,300347
2024-04-01,300408
2024-04-01,300413
2024-04-01,300433
2024-04-01,300450
2024-04-01,300454
2024-04-01,300496
2024-04-01,300498
2024-04-01,300628
2024-04-01,300661
2024-04-01,300750
2024-04-01,300751
2024-04-01,300759
2024-04-01,300760
2024-04-01,300763
2024-04-01,300782
2024-04-01,300896
2024-04-01,300919
2024-04-01,300957
2024-04-01,300979
2024-04-01,300999
2024-04-01,301269
2024-05-01,600000
2024-05-01,600009
2024-05-01,600010
2024-05-01,600011
2024-05-01,600015
2024-05-01,600016
2024-05-01,600018
2024-05-01,600019
2024-05-01,600023
2024-05-01,600025
2024-05-01,600028
2024-05-01,600029
2024-05-01,600030
2024-05-01,600031
2024-05-01,600036
2024-05-01,600039
2024-05-01,600048
2024-05-01,600050
2024-05-01,600061
2024-05-01,600085
2024-05-01,600089
2024-05-01,600104
2024-05-01,600111
2024-05-01,600115
2024-05-01,600132
2024-05-01,600150
2024-05-01,600176
2024-05-01,600183
2024-05-01,600188
2024-05-01,600196
2024-05-01,600219
2024-05-01,600233
2024-05-01,600276
2024-05-01,600309
2024-05-01,600332
2024-05-01,600346
2024-05-01,600362
2024-05-01,600372
2024-05-01,600406
2024-05-01,600426
2024-05-01,600436
2024-05-01,600438
2024-05-01,600460
2024-05-01,600489
2024-05-01,600515
2024-05-01,600519
2024-05-01,600547
2024-05-01,600570
2024-05-01,600584
2024-05-01,600585
2024-05-01,600588
2024-05-01,600600
2024-05-01,600606
2024-05-01,600660
2024-05-01,600674
2024-05-01,600690
2024-05-01,600732
2024-05-01,600741
2024-05-01,600745
2024-05-01,600754
2024-05-01,600760
2024-05-01,600795
2024-05-01,600803
2024-05-01,600809
2024-05-01,600837
2024-05-01,600845
2024-05-01,600875
2024-05-01,600886
2024-05-01,600887
2024-05-01,600893
2024-05-01,600900
2024-05-01,600905
2024-05-01,600918
2024-05-01,600919
2024-05-01,600926
2024-05-01,600938
2024-05-01,600941
2024-05-01,600958
2024-05-01,600989
2024-05-01,600999
2024-05-01,601006
2024-05-01,601009
2024-05-01,601012
2024-05-01,601021
2024-05-01,601059
2024-05-01,601066
2024-05-01,601088
2024-05-01,601100
2024-05-01,601111
2024-05-01,601117
2024-05-01,601138
2024-05-01,601155
2024-05-01,601166
2024-05-01,601169
2024-05-01,601186
2024-05-01,601211
2024-05-01,601225
2024-05-01,601229
2024-05-01,601236
2024-05-01,601238
2024-05-01,601288
2024-05-01,601318
2024-05-01,601319
2024-05-01,601328
2024-05-01,601336
2024-05-01,601360
2024-05-01,601377
2024-05-01,601390
2024-05-01,601398
2024-05-01,601600
2024-05-01,601601
2024-05-01,601607
2024-05-01,601615
2024-05-01,601618
2024-05-01,601628
2024-05-01,601633
2024-05-01,601658
2024-05-01,601668
2024-05-01,601669
2024-05-01,601688
2024-05-01,601689
2024-05-01,601698
2024-05-01,601699
2024-05-01,601728
2024-05-01,601766
2024-05-01,601788
2024-05-01,601799
2024-05-01,601800
2024-05-01,601808
2024-05-01,601816
2024-05-01,601818
2024-05-01,601838
2024-05-01,601857
2024-05-01,601865
2024-05-01,601868
2024-05-01,601872
2024-05-01,601877
2024-05-01,601878
2024-05-01,601881
2024-05-01,601888
2024-05-01,601898
2024-05-01,601899
2024-05-01,601901
2024-05-01,601916
2024-05-01,601919
2024-05-01,601939
2024-05-01,601985
2024-05-01,601988
2024-05-01,601989
2024-05-01,601995
2024-05-01,601998
2024-05-01,603019
2024-05-01,603195
2024-05-01,603259
2024-05-01,603260
2024-05-01,603288
2024-05-01,603290
2024-05-01,603369
2024-05-01,603392
2024-05-01,603486
2024-05-01,603501
2024-05-01,603659
2024-05-01,603799
2024-05-01,603806
2024-05-01,603833
2024-05-01,603899
2024-05-01,603986
2024-05-01,603993
2024-05-01,605117
2024-05-01,605499
2024-05-01,688008
2024-05-01,688012
2024-05-01,688036
2024-05-01,688041
2024-05-01,688065
2024-05-01,688111
2024-05-01,688126
2024-05-01,688187
2024-05-01,688223
2024-05-01,688256
2024-05-01,688271
2024-05-01,688303
2024-05-01,688363
2024-05-01,688396
2024-05-01,688561
2024-05-01,688599
2024-05-01,688981
2024-05-01,000001
2024-05-01,000002
2024-05-01,000063
2024-05-01,000069
2024-05-01,000100
2024-05-01,000157
2024-05-01,000166
2024-05-01,000301
2024-05-01,000333
2024-05-01,000338
2024-05-01,000408
2024-05-01,000425
2024-05-01,000538
2024-05-01,000568
2024-05-01,000596
2024-05-01,000617
2024-05-01,000625
2024-05-01,000651
2024-05-01,000661
2024-05-01,000708
2024-05-01,000725
2024-05-01,000733
2024-05-01,000768
2024-05-01,000776
2024-05-01,000786
2024-05-01,000792
2024-05-01,000800
2024-05-01,000858
2024-05-01,000876
2024-05-01,000877
2024-05-01,000895
2024-05-01,000938
2024-05-01,000963
2024-05-01,000977
2024-05-01,000983
2024-05-01,000999
2024-05-01,001289
2024-05-01,001979
2024-05-01,002001
2024-05-01,002007
2024-05-01,002027
2024-05-01,002049
2024-05-01,002050
2024-05-01,002074
2024-05-01,002129
2024-05-01,002142
2024-05-01,002179
2024-05-01,002180
2024-05-01,002202
2024-05-01,002230
2024-05-01,002236
2024-05-01,002241
2024-05-01,002252
2024-05-01,002271
2024-05-01,002304
2024-05-01,002311
2024-05-01,002352
2024-05-01,002371
2024-05-01,002410
2024-05-01,002415
2024-05-01,002459
2024-05-01,002460
2024-05-01,002466
2024-05-01,002475
2024-05-01,002493
2024-05-01,002555
2024-05-01,002594
2024-05-01,002601
2024-05-01,002603
2024-05-01,002648
2024-05-01,002709
2024-05-01,002714
2024-05-01,002736
2024-05-01,002812
2024-05-01,002821
2024-05-01,002841
2024-05-01,002916
2024-05-01,002920
2024-05-01,002938
2024-05-01,003816
2024-05-01,300014
2024-05-01,300015
2024-05-01,300033
2024-05-01,300059
2024-05-01,300122
2024-05-01,300124
2024-05-01,300142
2024-05-01,300223
2024-05-01,300274
2024-05-01,300308
2024-05-01,300316
2024-05-01,300347
2024-05-01,300408
2024-05-01,300413
2024-05-01,300433
2024-05-01,300450
2024-05-01,300454
2024-05-01,300496
2024-05-01,300498
2024-05-01,300628
2024-05-01,300661
2024-05-01,300750
2024-05-01,300751
2024-05-01,300759
2024-05-01,300760
2024-05-01,300763
2024-05-01,300782
2024-05-01,300896
2024-05-01,300919
2024-05-01,300957
2024-05-01,300979
2024-05-01,300999
2024-05-01,301269
2024-06-01,600000
2024-06-01,600009
2024-06-01,600010
2024-06-01,600011
2024-06-01,600015
2024-06-01,600016
2024-06-01,600018
2024-06-01,600019
2024-06-01,600023
2024-06-01,600025
2024-06-01,600028
2024-06-01,600029
2024-06-01,600030
2024-06-01,600031
2024-06-01,600036
2024-06-01,600039
2024-06-01,600048
2024-06-01,600050
2024-06-01,600061
2024-06-01,600085
2024-06-01,600089
2024-06-01,600104
2024-06-01,600111
2024-06-01,600115
2024-06-01,600132
2024-06-01,600150
2024-06-01,600176
2024-06-01,600183
2024-06-01,600188
2024-06-01,600196
2024-06-01,600219
2024-06-01,600233
2024-06-01,600276
2024-06-01,600309
2024-06-01,600332
2024-06-01,600346
2024-06-01,600362
2024-06-01,600372
2024-06-01,600406
2024-06-01,600426
2024-06-01,600436
2024-06-01,600438
2024-06-01,600460
2024-06-01,600489
2024-06-01,600515
2024-06-01,600519
2024-06-01,600547
2024-06-01,600570
2024-06-01,600584
2024-06-01,600585
2024-06-01,600588
2024-06-01,600600
2024-06-01,600606
2024-06-01,600660
2024-06-01,600674
2024-06-01,600690
2024-06-01,600732
2024-06-01,600741
2024-06-01,600745
2024-06-01,600754
2024-06-01,600760
2024-06-01,600795
2024-06-01,600803
2024-06-01,600809
2024-06-01,600837
2024-06-01,600845
2024-06-01,600875
2024-06-01,600886
2024-06-01,600887
2024-06-01,600893
2024-06-01,600900
2024-06-01,600905
2024-06-01,600918
2024-06-01,600919
2024-06-01,600926
2024-06-01,600938
2024-06-01,600941
2024-06-01,600958
2024-06-01,600989
2024-06-01,600999
2024-06-01,601006
2024-06-01,601009
2024-06-01,601012
2024-06-01,601021
2024-06-01,601059
2024-06-01,601066
2024-06-01,601088
2024-06-01,601100
2024-06-01,601111
2024-06-01,601117
2024-06-01,601138
2024-06-01,601155
2024-06-01,601166
2024-06-01,601169
2024-06-01,601186
2024-06-01,601211
2024-06-01,601225
2024-06-01,601229
2024-06-01,601236
2024-06-01,601238
2024-06-01,601288
2024-06-01,601318
2024-06-01,601319
2024-06-01,601328
2024-06-01,601336
2024-06-01,601360
2024-06-01,601377
2024-06-01,601390
2024-06-01,601398
2024-06-01,601600
2024-06-01,601601
2024-06-01,601607
2024-06-01,601615
2024-06-01,601618
2024-06-01,601628
2024-06-01,601633
2024-06-01,601658
2024-06-01,601668
2024-06-01,601669
2024-06-01,601688
2024-06-01,601689
2024-06-01,601698
2024-06-01,601699
2024-06-01,601728
2024-06-01,601766
2024-06-01,601788
2024-06-01,601799
2024-06-01,601800
2024-06-01,601808
2024-06-01,601816
2024-06-01,601818
2024-06-01,601838
2024-06-01,601857
2024-06-01,601865
2024-06-01,601868
2024-06-01,601872
2024-06-01,601877
2024-06-01,601878
2024-06-01,601881
2024-06-01,601888
2024-06-01,601898
2024-06-01,601899
2024-06-01,601901
2024-06-01,601916
2024-06-01,601919
2024-06-01,601939
2024-06-01,601985
2024-06-01,601988
2024-06-01,601989
2024-06-01,601995
2024-06-01,601998
2024-06-01,603019
2024-06-01,603195
2024-06-01,603259
2024-06-01,603260
2024-06-01,603288
2024-06-01,603290
2024-06-01,603369
2024-06-01,603392
2024-06-01,603486
2024-06-01,603501
2024-06-01,603659
2024-06-01,603799
2024-06-01,603806
2024-06-01,603833
2024-06-01,603899
2024-06-01,603986
2024-06-01,603993
2024-06-01,605117
2024-06-01,605499
2024-06-01,688008
2024-06-01,688012
2024-06-01,688036
2024-06-01,688041
2024-06-01,688065
2024-06-01,688111
2024-06-01,688126
2024-06-01,688187
2024-06-01,688223
2024-06-01,688256
2024-06-01,688271
2024-06-01,688303
2024-06-01,688363
2024-06-01,688396
2024-06-01,688561
2024-06-01,688599
2024-06-01,688981
2024-06-01,000001
2024-06-01,000002
2024-06-01,000063
2024-06-01,000069
2024-06-01,000100
2024-06-01,000157
2024-06-01,000166
2024-06-01,000301
2024-06-01,000333
2024-06-01,000338
2024-06-01,000408
2024-06-01,000425
2024-06-01,000538
2024-06-01,000568
2024-06-01,000596
2024-06-01,000617
2024-06-01,000625
2024-06-01,000651
2024-06-01,000661
2024-06-01,000708
2024-06-01,000725
2024-06-01,000733
2024-06-01,000768
2024-06-01,000776
2024-06-01,000786
2024-06-01,000792
2024-06-01,000800
2024-06-01,000858
2024-06-01,000876
2024-06-01,000877
2024-06-01,000895
2024-06-01,000938
2024-06-01,000963
2024-06-01,000977
2024-06-01,000983
2024-06-01,000999
2024-06-01,001289
2024-06-01,001979
2024-06-01,002001
2024-06-01,002007
2024-06-01,002027
2024-06-01,002049
2024-06-01,002050
2024-06-01,002074
2024-06-01,002129
2024-06-01,002142
2024-06-01,002179
2024-06-01,002180
2024-06-01,002202
2024-06-01,002230
2024-06-01,002236
2024-06-01,002241
2024-06-01,002252
2024-06-01,002271
2024-06-01,002304
2024-06-01,002311
2024-06-01,002352
2024-06-01,002371
2024-06-01,002410
2024-06-01,002415
2024-06-01,002459
2024-06-01,002460
2024-06-01,002466
2024-06-01,002475
2024-06-01,002493
2024-06-01,002555
2024-06-01,002594
2024-06-01,002601
2024-06-01,002603
2024-06-01,002648
2024-06-01,002709
2024-06-01,002714
2024-06-01,002736
2024-06-01,002812
2024-06-01,002821
2024-06-01,002841
2024-06-01,002916
2024-06-01,002920
2024-06-01,002938
2024-06-01,003816
2024-06-01,300014
2024-06-01,300015
2024-06-01,300033
2024-06-01,300059
2024-06-01,300122
2024-06-01,300124
2024-06-01,300142
2024-06-01,300223
2024-06-01,300274
2024-06-01,300308
2024-06-01,300316
2024-06-01,300347
2024-06-01,300408
2024-06-01,300413
2024-06-01,300433
2024-06-01,300450
2024-06-01,300454
2024-06-01,300496
2024-06-01,300498
2024-06-01,300628
2024-06-01,300661
2024-06-01,300750
2024-06-01,300751
2024-06-01,300759
2024-06-01,300760
2024-06-01,300763
2024-06-01,300782
2024-06-01,300896
2024-06-01,300919
2024-06-01,300957
2024-06-01,300979
2024-06-01,300999
2024-06-01,301269
2024-07-01,600000
2024-07-01,600009
2024-07-01,600010
2024-07-01,600011
2024-07-01,600015
2024-07-01,600016
2024-07-01,600018
2024-07-01,600019
2024-07-01,600023
2024-07-01,600025
2024-07-01,600026
2024-07-01,600027
2024-07-01,600028
2024-07-01,600029
2024-07-01,600030
2024-07-01,600031
2024-07-01,600036
2024-07-01,600039
2024-07-01,600048
2024-07-01,600050
2024-07-01,600061
2024-07-01,600085
2024-07-01,600089
2024-07-01,600104
2024-07-01,600111
2024-07-01,600115
2024-07-01,600132
2024-07-01,600150
2024-07-01,600161
2024-07-01,600176
2024-07-01,600183
2024-07-01,600188
2024-07-01,600196
2024-07-01,600219
2024-07-01,600233
2024-07-01,600276
2024-07-01,600309
2024-07-01,600332
2024-07-01,600346
2024-07-01,600362
2024-07-01,600372
2024-07-01,600406
2024-07-01,600415
2024-07-01,600426
2024-07-01,600436
2024-07-01,600438
2024-07-01,600460
2024-07-01,600489
2024-07-01,600515
2024-07-01,600519
2024-07-01,600547
2024-07-01,600570
2024-07-01,600584
2024-07-01,600585
2024-07-01,600588
2024-07-01,600600
2024-07-01,600660
2024-07-01,600674
2024-07-01,600690
2024-07-01,600732
2024-07-01,600741
2024-07-01,600745
2024-07-01,600760
2024-07-01,600795
2024-07-01,600803
2024-07-01,600809
2024-07-01,600837
2024-07-01,600845
2024-07-01,600875
2024-07-01,600886
2024-07-01,600887
2024-07-01,600893
2024-07-01,600900
2024-07-01,600905
2024-07-01,600918
2024-07-01,600919
2024-07-01,600926
2024-07-01,600938
2024-07-01,600941
2024-07-01,600958
2024-07-01,600989
2024-07-01,600999
2024-07-01,601006
2024-07-01,601009
2024-07-01,601012
2024-07-01,601021
2024-07-01,601059
2024-07-01,601066
2024-07-01,601088
2024-07-01,601100
2024-07-01,601111
2024-07-01,601117
2024-07-01,601138
2024-07-01,601166
2024-07-01,601169
2024-07-01,601186
2024-07-01,601211
2024-07-01,601225
2024-07-01,601229
2024-07-01,601236
2024-07-01,601238
2024-07-01,601288
2024-07-01,601318
2024-07-01,601319
2024-07-01,601328
2024-07-01,601336
2024-07-01,601360
2024-07-01,601377
2024-07-01,601390
2024-07-01,601398
2024-07-01,601600
2024-07-01,601601
2024-07-01,601607
2024-07-01,601618
2024-07-01,601628
2024-07-01,601633
2024-07-01,601658
2024-07-01,601668
2024-07-01,601669
2024-07-01,601688
2024-07-01,601689
2024-07-01,601698
2024-07-01,601699
2024-07-01,601728
2024-07-01,601766
2024-07-01,601788
2024-07-01,601799
2024-07-01,601800
2024-07-01,601808
2024-07-01,601816
2024-07-01,601818
2024-07-01,601838
2024-07-01,601857
2024-07-01,601865
2024-07-01,601868
2024-07-01,601872
2024-07-01,601877
2024-07-01,601878
2024-07-01,601881
2024-07-01,601888
2024-07-01,601898
2024-07-01,601899
2024-07-01,601901
2024-07-01,601916
2024-07-01,601919
2024-07-01,601939
2024-07-01,601985
2024-07-01,601988
2024-07-01,601989
2024-07-01,601995
2024-07-01,601998
2024-07-01,603019
2024-07-01,603195
2024-07-01,603259
2024-07-01,603260
2024-07-01,603288
2024-07-01,603296
2024-07-01,603369
2024-07-01,603392
2024-07-01,603501
2024-07-01,603659
2024-07-01,603799
2024-07-01,603806
2024-07-01,603833
2024-07-01,603899
2024-07-01,603986
2024-07-01,603993
2024-07-01,605117
2024-07-01,605499
2024-07-01,688008
2024-07-01,688009
2024-07-01,688012
2024-07-01,688036
2024-07-01,688041
2024-07-01,688082
2024-07-01,688111
2024-07-01,688126
2024-07-01,688187
2024-07-01,688223
2024-07-01,688256
2024-07-01,688271
2024-07-01,688303
2024-07-01,688363
2024-07-01,688396
2024-07-01,688599
2024-07-01,688981
2024-07-01,000001
2024-07-01,000002
2024-07-01,000063
2024-07-01,000100
2024-07-01,000157
2024-07-01,000166
2024-07-01,000301
2024-07-01,000333
2024-07-01,000338
2024-07-01,000408
2024-07-01,000425
2024-07-01,000538
2024-07-01,000568
2024-07-01,000596
2024-07-01,000617
2024-07-01,000625
2024-07-01,000651
2024-07-01,000661
2024-07-01,000708
2024-07-01,000725
2024-07-01,000733
2024-07-01,000768
2024-07-01,000776
2024-07-01,000786
2024-07-01,000792
2024-07-01,000800
2024-07-01,000807
2024-07-01,000858
2024-07-01,000876
2024-07-01,000895
2024-07-01,000938
2024-07-01,000963
2024-07-01,000977
2024-07-01,000983
2024-07-01,000999
2024-07-01,001289
2024-07-01,001965
2024-07-01,001979
2024-07-01,002001
2024-07-01,002007
2024-07-01,002027
2024-07-01,002049
2024-07-01,002050
2024-07-01,002074
2024-07-01,002129
2024-07-01,002142
2024-07-01,002179
2024-07-01,002180
2024-07-01,002230
2024-07-01,002236
2024-07-01,002241
2024-07-01,002252
2024-07-01,002271
2024-07-01,002304
2024-07-01,002311
2024-07-01,002352
2024-07-01,002371
2024-07-01,002410
2024-07-01,002415
2024-07-01,002459
2024-07-01,002460
2024-07-01,002466
2024-07-01,002475
2024-07-01,002493
2024-07-01,002555
2024-07-01,002594
2024-07-01,002601
2024-07-01,002603
2024-07-01,002648
2024-07-01,002709
2024-07-01,002714
2024-07-01,002736
2024-07-01,002812
2024-07-01,002821
2024-07-01,002841
2024-07-01,002916
2024-07-01,002920
2024-07-01,002938
2024-07-01,003816
2024-07-01,300014
2024-07-01,300015
2024-07-01,300033
2024-07-01,300059
2024-07-01,300122
2024-07-01,300124
2024-07-01,300142
2024-07-01,300223
2024-07-01,300274
2024-07-01,300308
2024-07-01,300316
2024-07-01,300347
2024-07-01,300408
2024-07-01,300413
2024-07-01,300418
2024-07-01,300433
2024-07-01,300442
2024-07-01,300450
2024-07-01,300454
2024-07-01,300496
2024-07-01,300498
2024-07-01,300628
2024-07-01,300661
2024-07-01,300750
2024-07-01,300751
2024-07-01,300759
2024-07-01,300760
2024-07-01,300782
2024-07-01,300832
2024-07-01,300896
2024-07-01,300919
2024-07-01,300957
2024-07-01,300979
2024-07-01,300999
2024-07-01,301269
2024-08-01,600000
2024-08-01,600009
2024-08-01,600010
2024-08-01,600011
2024-08-01,600015
2024-08-01,600016
2024-08-01,600018
2024-08-01,600019
2024-08-01,600023
2024-08-01,600025
2024-08-01,600026
2024-08-01,600027
2024-08-01,600028
2024-08-01,600029
2024-08-01,600030
2024-08-01,600031
2024-08-01,600036
2024-08-01,600039
2024-08-01,600048
2024-08-01,600050
2024-08-01,600061
2024-08-01,600085
2024-08-01,600089
2024-08-01,600104
2024-08-01,600111
2024-08-01,600115
2024-08-01,600132
2024-08-01,600150
2024-08-01,600161
2024-08-01,600176
2024-08-01,600183
2024-08-01,600188
2024-08-01,600196
2024-08-01,600219
2024-08-01,600233
2024-08-01,600276
2024-08-01,600309
2024-08-01,600332
2024-08-01,600346
2024-08-01,600362
2024-08-01,600372
2024-08-01,600406
2024-08-01,600415
2024-08-01,600426
2024-08-01,600436
2024-08-01,600438
2024-08-01,600460
2024-08-01,600489
2024-08-01,600515
2024-08-01,600519
2024-08-01,600547
2024-08-01,600570
2024-08-01,600584
2024-08-01,600585
2024-08-01,600588
2024-08-01,600600
2024-08-01,600660
2024-08-01,600674
2024-08-01,600690
2024-08-01,600732
2024-08-01,600741
2024-08-01,600745
2024-08-01,600760
2024-08-01,600795
2024-08-01,600803
2024-08-01,600809
2024-08-01,600837
2024-08-01,600845
2024-08-01,600875
2024-08-01,600886
2024-08-01,600887
2024-08-01,600893
2024-08-01,600900
2024-08-01,600905
2024-08-01,600918
2024-08-01,600919
2024-08-01,600926
2024-08-01,600938
2024-08-01,600941
2024-08-01,600958
2024-08-01,600989
2024-08-01,600999
2024-08-01,601006
2024-08-01,601009
2024-08-01,601012
2024-08-01,601021
2024-08-01,601059
2024-08-01,601066
2024-08-01,601088
2024-08-01,601100
2024-08-01,601111
2024-08-01,601117
2024-08-01,601138
2024-08-01,601166
2024-08-01,601169
2024-08-01,601186
2024-08-01,601211
2024-08-01,601225
2024-08-01,601229
2024-08-01,601236
2024-08-01,601238
2024-08-01,601288
2024-08-01,601318
2024-08-01,601319
2024-08-01,601328
2024-08-01,601336
2024-08-01,601360
2024-08-01,601377
2024-08-01,601390
2024-08-01,601398
2024-08-01,601600
2024-08-01,601601
2024-08-01,601607
2024-08-01,601618
2024-08-01,601628
2024-08-01,601633
2024-08-01,601658
2024-08-01,601668
2024-08-01,601669
2024-08-01,601688
2024-08-01,601689
2024-08-01,601698
2024-08-01,601699
2024-08-01,601728
2024-08-01,601766
2024-08-01,601788
2024-08-01,601799
2024-08-01,601800
2024-08-01,601808
2024-08-01,601816
2024-08-01,601818
2024-08-01,601838
2024-08-01,601857
2024-08-01,601865
2024-08-01,601868
2024-08-01,601872
2024-08-01,601877
2024-08-01,601878
2024-08-01,601881
2024-08-01,601888
2024-08-01,601898
2024-08-01,601899
2024-08-01,601901
2024-08-01,601916
2024-08-01,601919
2024-08-01,601939
2024-08-01,601985
2024-08-01,601988
2024-08-01,601989
2024-08-01,601995
2024-08-01,601998
2024-08-01,603019
2024-08-01,603195
2024-08-01,603259
2024-08-01,603260
2024-08-01,603288
2024-08-01,603296
2024-08-01,603369
2024-08-01,603392
2024-08-01,603501
2024-08-01,603659
2024-08-01,603799
2024-08-01,603806
2024-08-01,603833
2024-08-01,603899
2024-08-01,603986
2024-08-01,603993
2024-08-01,605117
2024-08-01,605499
2024-08-01,688008
2024-08-01,688009
2024-08-01,688012
2024-08-01,688036
2024-08-01,688041
2024-08-01,688082
2024-08-01,688111
2024-08-01,688126
2024-08-01,688187
2024-08-01,688223
2024-08-01,688256
2024-08-01,688271
2024-08-01,688303
2024-08-01,688363
2024-08-01,688396
2024-08-01,688599
2024-08-01,688981
2024-08-01,000001
2024-08-01,000002
2024-08-01,000063
2024-08-01,000100
2024-08-01,000157
2024-08-01,000166
2024-08-01,000301
2024-08-01,000333
2024-08-01,000338
2024-08-01,000408
2024-08-01,000425
2024-08-01,000538
2024-08-01,000568
2024-08-01,000596
2024-08-01,000617
2024-08-01,000625
2024-08-01,000651
2024-08-01,000661
2024-08-01,000708
2024-08-01,000725
2024-08-01,000733
2024-08-01,000768
2024-08-01,000776
2024-08-01,000786
2024-08-01,000792
2024-08-01,000800
2024-08-01,000807
2024-08-01,000858
2024-08-01,000876
2024-08-01,000895
2024-08-01,000938
2024-08-01,000963
2024-08-01,000977
2024-08-01,000983
2024-08-01,000999
2024-08-01,001289
2024-08-01,001965
2024-08-01,001979
2024-08-01,002001
2024-08-01,002007
2024-08-01,002027
2024-08-01,002049
2024-08-01,002050
2024-08-01,002074
2024-08-01,002129
2024-08-01,002142
2024-08-01,002179
2024-08-01,002180
2024-08-01,002230
2024-08-01,002236
2024-08-01,002241
2024-08-01,002252
2024-08-01,002271
2024-08-01,002304
2024-08-01,002311
2024-08-01,002352
2024-08-01,002371
2024-08-01,002410
2024-08-01,002415
2024-08-01,002459
2024-08-01,002460
2024-08-01,002466
2024-08-01,002475
2024-08-01,002493
2024-08-01,002555
2024-08-01,002594
2024-08-01,002601
2024-08-01,002603
2024-08-01,002648
2024-08-01,002709
2024-08-01,002714
2024-08-01,002736
2024-08-01,002812
2024-08-01,002821
2024-08-01,002841
2024-08-01,002916
2024-08-01,002920
2024-08-01,002938
2024-08-01,003816
2024-08-01,300014
2024-08-01,300015
2024-08-01,300033
2024-08-01,300059
2024-08-01,300122
2024-08-01,300124
2024-08-01,300142
2024-08-01,300223
2024-08-01,300274
2024-08-01,300308
2024-08-01,300316
2024-08-01,300347
2024-08-01,300408
2024-08-01,300413
2024-08-01,300418
2024-08-01,300433
2024-08-01,300442
2024-08-01,300450
2024-08-01,300454
2024-08-01,300496
2024-08-01,300498
2024-08-01,300628
2024-08-01,300661
2024-08-01,300750
2024-08-01,300751
2024-08-01,300759
2024-08-01,300760
2024-08-01,300782
2024-08-01,300832
2024-08-01,300896
2024-08-01,300919
2024-08-01,300957
2024-08-01,300979
2024-08-01,300999
2024-08-01,301269
2024-09-01,600000
2024-09-01,600009
2024-09-01,600010
2024-09-01,600011
2024-09-01,600015
2024-09-01,600016
2024-09-01,600018
2024-09-01,600019
2024-09-01,600023
2024-09-01,600025
2024-09-01,600026
2024-09-01,600027
2024-09-01,600028
2024-09-01,600029
2024-09-01,600030
2024-09-01,600031
2024-09-01,600036
2024-09-01,600039
2024-09-01,600048
2024-09-01,600050
2024-09-01,600061
2024-09-01,600085
2024-09-01,600089
2024-09-01,600104
2024-09-01,600111
2024-09-01,600115
2024-09-01,600132
2024-09-01,600150
2024-09-01,600161
2024-09-01,600176
2024-09-01,600183
2024-09-01,600188
2024-09-01,600196
2024-09-01,600219
2024-09-01,600233
2024-09-01,600276
2024-09-01,600309
2024-09-01,600332
2024-09-01,600346
2024-09-01,600362
2024-09-01,600372
2024-09-01,600406
2024-09-01,600415
2024-09-01,600426
2024-09-01,600436
2024-09-01,600438
2024-09-01,600460
2024-09-01,600489
2024-09-01,600515
2024-09-01,600519
2024-09-01,600547
2024-09-01,600570
2024-09-01,600584
2024-09-01,600585
2024-09-01,600588
2024-09-01,600600
2024-09-01,600660
2024-09-01,600674
2024-09-01,600690
2024-09-01,600732
2024-09-01,600741
2024-09-01,600745
2024-09-01,600760
2024-09-01,600795
2024-09-01,600803
2024-09-01,600809
2024-09-01,600837
2024-09-01,600845
2024-09-01,600875
2024-09-01,600886
2024-09-01,600887
2024-09-01,600893
2024-09-01,600900
2024-09-01,600905
2024-09-01,600918
2024-09-01,600919
2024-09-01,600926
2024-09-01,600938
2024-09-01,600941
2024-09-01,600958
2024-09-01,600989
2024-09-01,600999
2024-09-01,601006
2024-09-01,601009
2024-09-01,601012
2024-09-01,601021
2024-09-01,601059
2024-09-01,601066
2024-09-01,601088
2024-09-01,601100
2024-09-01,601111
2024-09-01,601117
2024-09-01,601138
2024-09-01,601166
2024-09-01,601169
2024-09-01,601186
2024-09-01,601211
2024-09-01,601225
2024-09-01,601229
2024-09-01,601236
2024-09-01,601238
2024-09-01,601288
2024-09-01,601318
2024-09-01,601319
2024-09-01,601328
2024-09-01,601336
2024-09-01,601360
2024-09-01,601377
2024-09-01,601390
2024-09-01,601398
2024-09-01,601600
2024-09-01,601601
2024-09-01,601607
2024-09-01,601618
2024-09-01,601628
2024-09-01,601633
2024-09-01,601658
2024-09-01,601668
2024-09-01,601669
2024-09-01,601688
2024-09-01,601689
2024-09-01,601698
2024-09-01,601699
2024-09-01,601728
2024-09-01,601766
2024-09-01,601788
2024-09-01,601799
2024-09-01,601800
2024-09-01,601808
2024-09-01,601816
2024-09-01,601818
2024-09-01,601838
2024-09-01,601857
2024-09-01,601865
2024-09-01,601868
2024-09-01,601872
2024-09-01,601877
2024-09-01,601878
2024-09-01,601881
2024-09-01,601888
2024-09-01,601898
2024-09-01,601899
2024-09-01,601901
2024-09-01,601916
2024-09-01,601919
2024-09-01,601939
2024-09-01,601985
2024-09-01,601988
2024-09-01,601989
2024-09-01,601995
2024-09-01,601998
2024-09-01,603019
2024-09-01,603195
2024-09-01,603259
2024-09-01,603260
2024-09-01,603288
2024-09-01,603296
2024-09-01,603369
2024-09-01,603392
2024-09-01,603501
2024-09-01,603659
2024-09-01,603799
2024-09-01,603806
2024-09-01,603833
2024-09-01,603899
2024-09-01,603986
2024-09-01,603993
2024-09-01,605117
2024-09-01,605499
2024-09-01,688008
2024-09-01,688009
2024-09-01,688012
2024-09-01,688036
2024-09-01,688041
2024-09-01,688082
2024-09-01,688111
2024-09-01,688126
2024-09-01,688187
2024-09-01,688223
2024-09-01,688256
2024-09-01,688271
2024-09-01,688303
2024-09-01,688363
2024-09-01,688396
2024-09-01,688599
2024-09-01,688981
2024-09-01,000001
2024-09-01,000002
2024-09-01,000063
2024-09-01,000100
2024-09-01,000157
2024-09-01,000166
2024-09-01,000301
2024-09-01,000333
2024-09-01,000338
2024-09-01,000408
2024-09-01,000425
2024-09-01,000538
2024-09-01,000568
2024-09-01,000596
2024-09-01,000617
2024-09-01,000625
2024-09-01,000651
2024-09-01,000661
2024-09-01,000708
2024-09-01,000725
2024-09-01,000733
2024-09-01,000768
2024-09-01,000776
2024-09-01,000786
2024-09-01,000792
2024-09-01,000800
2024-09-01,000807
2024-09-01,000858
2024-09-01,000876
2024-09-01,000895
2024-09-01,000938
2024-09-01,000963
2024-09-01,000977
2024-09-01,000983
2024-09-01,000999
2024-09-01,001289
2024-09-01,001965
2024-09-01,001979
2024-09-01,002001
2024-09-01,002007
2024-09-01,002027
2024-09-01,002049
2024-09-01,002050
2024-09-01,002074
2024-09-01,002129
2024-09-01,002142
2024-09-01,002179
2024-09-01,002180
2024-09-01,002230
2024-09-01,002236
2024-09-01,002241
2024-09-01,002252
2024-09-01,002271
2024-09-01,002304
2024-09-01,002311
2024-09-01,002352
2024-09-01,002371
2024-09-01,002410
2024-09-01,002415
2024-09-01,002459
2024-09-01,002460
2024-09-01,002466
2024-09-01,002475
2024-09-01,002493
2024-09-01,002555
2024-09-01,002594
2024-09-01,002601
2024-09-01,002603
2024-09-01,002648
2024-09-01,002709
2024-09-01,002714
2024-09-01,002736
2024-09-01,002812
2024-09-01,002821
2024-09-01,002841
2024-09-01,002916
2024-09-01,002920
2024-09-01,002938
2024-09-01,003816
2024-09-01,300014
2024-09-01,300015
2024-09-01,300033
2024-09-01,300059
2024-09-01,300122
2024-09-01,300124
2024-09-01,300142
2024-09-01,300223
2024-09-01,300274
2024-09-01,300308
2024-09-01,300316
2024-09-01,300347
2024-09-01,300408
2024-09-01,300413
2024-09-01,300418
2024-09-01,300433
2024-09-01,300442
2024-09-01,300450
2024-09-01,300454
2024-09-01,300496
2024-09-01,300498
2024-09-01,300628
2024-09-01,300661
2024-09-01,300750
2024-09-01,300751
2024-09-01,300759
2024-09-01,300760
2024-09-01,300782
2024-09-01,300832
2024-09-01,300896
2024-09-01,300919
2024-09-01,300957
2024-09-01,300979
2024-09-01,300999
2024-09-01,301269
2024-10-01,600000
2024-10-01,600009
2024-10-01,600010
2024-10-01,600011
2024-10-01,600015
2024-10-01,600016
2024-10-01,600018
2024-10-01,600019
2024-10-01,600023
2024-10-01,600025
2024-10-01,600026
2024-10-01,600027
2024-10-01,600028
2024-10-01,600029
2024-10-01,600030
2024-10-01,600031
2024-10-01,600036
2024-10-01,600039
2024-10-01,600048
2024-10-01,600050
2024-10-01,600061
2024-10-01,600085
2024-10-01,600089
2024-10-01,600104
2024-10-01,600111
2024-10-01,600115
2024-10-01,600132
2024-10-01,600150
2024-10-01,600161
2024-10-01,600176
2024-10-01,600183
2024-10-01,600188
2024-10-01,600196
2024-10-01,600219
2024-10-01,600233
2024-10-01,600276
2024-10-01,600309
2024-10-01,600332
2024-10-01,600346
2024-10-01,600362
2024-10-01,600372
2024-10-01,600406
2024-10-01,600415
2024-10-01,600426
2024-10-01,600436
2024-10-01,600438
2024-10-01,600460
2024-10-01,600489
2024-10-01,600515
2024-10-01,600519
2024-10-01,600547
2024-10-01,600570
2024-10-01,600584
2024-10-01,600585
2024-10-01,600588
2024-10-01,600600
2024-10-01,600660
2024-10-01,600674
2024-10-01,600690
2024-10-01,600732
2024-10-01,600741
2024-10-01,600745
2024-10-01,600760
2024-10-01,600795
2024-10-01,600803
2024-10-01,600809
2024-10-01,600837
2024-10-01,600845
2024-10-01,600875
2024-10-01,600886
2024-10-01,600887
2024-10-01,600893
2024-10-01,600900
2024-10-01,600905
2024-10-01,600918
2024-10-01,600919
2024-10-01,600926
2024-10-01,600938
2024-10-01,600941
2024-10-01,600958
2024-10-01,600989
2024-10-01,600999
2024-10-01,601006
2024-10-01,601009
2024-10-01,601012
2024-10-01,601021
2024-10-01,601059
2024-10-01,601066
2024-10-01,601088
2024-10-01,601100
2024-10-01,601111
2024-10-01,601117
2024-10-01,601138
2024-10-01,601166
2024-10-01,601169
2024-10-01,601186
2024-10-01,601211
2024-10-01,601225
2024-10-01,601229
2024-10-01,601236
2024-10-01,601238
2024-10-01,601288
2024-10-01,601318
2024-10-01,601319
2024-10-01,601328
2024-10-01,601336
2024-10-01,601360
2024-10-01,601377
2024-10-01,601390
2024-10-01,601398
2024-10-01,601600
2024-10-01,601601
2024-10-01,601607
2024-10-01,601618
2024-10-01,601628
2024-10-01,601633
2024-10-01,601658
2024-10-01,601668
2024-10-01,601669
2024-10-01,601688
2024-10-01,601689
2024-10-01,601698
2024-10-01,601699
2024-10-01,601728
2024-10-01,601766
2024-10-01,601788
2024-10-01,601799
2024-10-01,601800
2024-10-01,601808
2024-10-01,601816
2024-10-01,601818
2024-10-01,601838
2024-10-01,601857
2024-10-01,601865
2024-10-01,601868
2024-10-01,601872
2024-10-01,601877
2024-10-01,601878
2024-10-01,601881
2024-10-01,601888
2024-10-01,601898
2024-10-01,601899
2024-10-01,601901
2024-10-01,601916
2024-10-01,601919
2024-10-01,601939
2024-10-01,601985
2024-10-01,601988
2024-10-01,601989
2024-10-01,601995
2024-10-01,601998
2024-10-01,603019
2024-10-01,603195
2024-10-01,603259
2024-10-01,603260
2024-10-01,603288
2024-10-01,603296
2024-10-01,603369
2024-10-01,603392
2024-10-01,603501
2024-10-01,603659
2024-10-01,603799
2024-10-01,603806
2024-10-01,603833
2024-10-01,603899
2024-10-01,603986
2024-10-01,603993
2024-10-01,605117
2024-10-01,605499
2024-10-01,688008
2024-10-01,688009
2024-10-01,688012
2024-10-01,688036
2024-10-01,688041
2024-10-01,688082
2024-10-01,688111
2024-10-01,688126
2024-10-01,688187
2024-10-01,688223
2024-10-01,688256
2024-10-01,688271
2024-10-01,688303
2024-10-01,688363
2024-10-01,688396
2024-10-01,688599
2024-10-01,688981
2024-10-01,000001
2024-10-01,000002
2024-10-01,000063
2024-10-01,000100
2024-10-01,000157
2024-10-01,000166
2024-10-01,000301
2024-10-01,000333
2024-10-01,000338
2024-10-01,000408
2024-10-01,000425
2024-10-01,000538
2024-10-01,000568
2024-10-01,000596
2024-10-01,000617
2024-10-01,000625
2024-10-01,000651
2024-10-01,000661
2024-10-01,000708
2024-10-01,000725
2024-10-01,000733
2024-10-01,000768
2024-10-01,000776
2024-10-01,000786
2024-10-01,000792
2024-10-01,000800
2024-10-01,000807
2024-10-01,000858
2024-10-01,000876
2024-10-01,000895
2024-10-01,000938
2024-10-01,000963
2024-10-01,000977
2024-10-01,000983
2024-10-01,000999
2024-10-01,001289
2024-10-01,001965
2024-10-01,001979
2024-10-01,002001
2024-10-01,002007
2024-10-01,002027
2024-10-01,002049
2024-10-01,002050
2024-10-01,002074
2024-10-01,002129
2024-10-01,002142
2024-10-01,002179
2024-10-01,002180
2024-10-01,002230
2024-10-01,002236
2024-10-01,002241
2024-10-01,002252
2024-10-01,002271
2024-10-01,002304
2024-10-01,002311
2024-10-01,002352
2024-10-01,002371
2024-10-01,002410
2024-10-01,002415
2024-10-01,002459
2024-10-01,002460
2024-10-01,002466
2024-10-01,002475
2024-10-01,002493
2024-10-01,002555
2024-10-01,002594
2024-10-01,002601
2024-10-01,002603
2024-10-01,002648
2024-10-01,002709
2024-10-01,002714
2024-10-01,002736
2024-10-01,002812
2024-10-01,002821
2024-10-01,002841
2024-10-01,002916
2024-10-01,002920
2024-10-01,002938
2024-10-01,003816
2024-10-01,300014
2024-10-01,300015
2024-10-01,300033
2024-10-01,300059
2024-10-01,300122
2024-10-01,300124
2024-10-01,300142
2024-10-01,300223
2024-10-01,300274
2024-10-01,300308
2024-10-01,300316
2024-10-01,300347
2024-10-01,300408
2024-10-01,300413
2024-10-01,300418
2024-10-01,300433
2024-10-01,300442
2024-10-01,300450
2024-10-01,300454
2024-10-01,300496
2024-10-01,300498
2024-10-01,300628
2024-10-01,300661
2024-10-01,300750
2024-10-01,300751
2024-10-01,300759
2024-10-01,300760
2024-10-01,300782
2024-10-01,300832
2024-10-01,300896
2024-10-01,300919
2024-10-01,300957
2024-10-01,300979
2024-10-01,300999
2024-10-01,301269
2024-11-01,600000
2024-11-01,600009
2024-11-01,600010
2024-11-01,600011
2024-11-01,600015
2024-11-01,600016
2024-11-01,600018
2024-11-01,600019
2024-11-01,600023
2024-11-01,600025
2024-11-01,600026
2024-11-01,600027
2024-11-01,600028
2024-11-01,600029
2024-11-01,600030
2024-11-01,600031
2024-11-01,600036
2024-11-01,600039
2024-11-01,600048
2024-11-01,600050
2024-11-01,600061
2024-11-01,600085
2024-11-01,600089
2024-11-01,600104
2024-11-01,600111
2024-11-01,600115
2024-11-01,600132
2024-11-01,600150
2024-11-01,600161
2024-11-01,600176
2024-11-01,600183
2024-11-01,600188
2024-11-01,600196
2024-11-01,600219
2024-11-01,600233
2024-11-01,600276
2024-11-01,600309
2024-11-01,600332
2024-11-01,600346
2024-11-01,600362
2024-11-01,600372
2024-11-01,600406
2024-11-01,600415
2024-11-01,600426
2024-11-01,600436
2024-11-01,600438
2024-11-01,600460
2024-11-01,600489
2024-11-01,600515
2024-11-01,600519
2024-11-01,600547
2024-11-01,600570
2024-11-01,600584
2024-11-01,600585
2024-11-01,600588
2024-11-01,600600
2024-11-01,600660
2024-11-01,600674
2024-11-01,600690
2024-11-01,600732
2024-11-01,600741
2024-11-01,600745
2024-11-01,600760
2024-11-01,600795
2024-11-01,600803
2024-11-01,600809
2024-11-01,600837
2024-11-01,600845
2024-11-01,600875
2024-11-01,600886
2024-11-01,600887
2024-11-01,600893
2024-11-01,600900
2024-11-01,600905
2024-11-01,600918
2024-11-01,600919
2024-11-01,600926
2024-11-01,600938
2024-11-01,600941
2024-11-01,600958
2024-11-01,600989
2024-11-01,600999
2024-11-01,601006
2024-11-01,601009
2024-11-01,601012
2024-11-01,601021
2024-11-01,601059
2024-11-01,601066
2024-11-01,601088
2024-11-01,601100
2024-11-01,601111
2024-11-01,601117
2024-11-01,601138
2024-11-01,601166
2024-11-01,601169
2024-11-01,601186
2024-11-01,601211
2024-11-01,601225
2024-11-01,601229
2024-11-01,601236
2024-11-01,601238
2024-11-01,601288
2024-11-01,601318
2024-11-01,601319
2024-11-01,601328
2024-11-01,601336
2024-11-01,601360
2024-11-01,601377
2024-11-01,601390
2024-11-01,601398
2024-11-01,601600
2024-11-01,601601
2024-11-01,601607
2024-11-01,601618
2024-11-01,601628
2024-11-01,601633
2024-11-01,601658
2024-11-01,601668
2024-11-01,601669
2024-11-01,601688
2024-11-01,601689
2024-11-01,601698
2024-11-01,601699
2024-11-01,601728
2024-11-01,601766
2024-11-01,601788
2024-11-01,601799
2024-11-01,601800
2024-11-01,601808
2024-11-01,601816
2024-11-01,601818
2024-11-01,601838
2024-11-01,601857
2024-11-01,601865
2024-11-01,601868
2024-11-01,601872
2024-11-01,601877
2024-11-01,601878
2024-11-01,601881
2024-11-01,601888
2024-11-01,601898
2024-11-01,601899
2024-11-01,601901
2024-11-01,601916
2024-11-01,601919
2024-11-01,601939
2024-11-01,601985
2024-11-01,601988
2024-11-01,601989
2024-11-01,601995
2024-11-01,601998
2024-11-01,603019
2024-11-01,603195
2024-11-01,603259
2024-11-01,603260
2024-11-01,603288
2024-11-01,603296
2024-11-01,603369
2024-11-01,603392
2024-11-01,603501
2024-11-01,603659
2024-11-01,603799
2024-11-01,603806
2024-11-01,603833
2024-11-01,603899
2024-11-01,603986
2024-11-01,603993
2024-11-01,605117
2024-11-01,605499
2024-11-01,688008
2024-11-01,688009
2024-11-01,688012
2024-11-01,688036
2024-11-01,688041
2024-11-01,688082
2024-11-01,688111
2024-11-01,688126
2024-11-01,688187
2024-11-01,688223
2024-11-01,688256
2024-11-01,688271
2024-11-01,688303
2024-11-01,688363
2024-11-01,688396
2024-11-01,688599
2024-11-01,688981
2024-11-01,000001
2024-11-01,000002
2024-11-01,000063
2024-11-01,000100
2024-11-01,000157
2024-11-01,000166
2024-11-01,000301
2024-11-01,000333
2024-11-01,000338
2024-11-01,000408
2024-11-01,000425
2024-11-01,000538
2024-11-01,000568
2024-11-01,000596
2024-11-01,000617
2024-11-01,000625
2024-11-01,000651
2024-11-01,000661
2024-11-01,000708
2024-11-01,000725
2024-11-01,000733
2024-11-01,000768
2024-11-01,000776
2024-11-01,000786
2024-11-01,000792
2024-11-01,000800
2024-11-01,000807
2024-11-01,000858
2024-11-01,000876
2024-11-01,000895
2024-11-01,000938
2024-11-01,000963
2024-11-01,000977
2024-11-01,000983
2024-11-01,000999
2024-11-01,001289
2024-11-01,001965
2024-11-01,001979
2024-11-01,002001
2024-11-01,002007
2024-11-01,002027
2024-11-01,002049
2024-11-01,002050
2024-11-01,002074
2024-11-01,002129
2024-11-01,002142
2024-11-01,002179
2024-11-01,002180
2024-11-01,002230
2024-11-01,002236
2024-11-01,002241
2024-11-01,002252
2024-11-01,002271
2024-11-01,002304
2024-11-01,002311
2024-11-01,002352
2024-11-01,002371
2024-11-01,002410
2024-11-01,002415
2024-11-01,002459
2024-11-01,002460
2024-11-01,002466
2024-11-01,002475
2024-11-01,002493
2024-11-01,002555
2024-11-01,002594
2024-11-01,002601
2024-11-01,002603
2024-11-01,002648
2024-11-01,002709
2024-11-01,002714
2024-11-01,002736
2024-11-01,002812
2024-11-01,002821
2024-11-01,002841
2024-11-01,002916
2024-11-01,002920
2024-11-01,002938
2024-11-01,003816
2024-11-01,300014
2024-11-01,300015
2024-11-01,300033
2024-11-01,300059
2024-11-01,300122
2024-11-01,300124
2024-11-01,300142
2024-11-01,300223
2024-11-01,300274
2024-11-01,300308
2024-11-01,300316
2024-11-01,300347
2024-11-01,300408
2024-11-01,300413
2024-11-01,300418
2024-11-01,300433
2024-11-01,300442
2024-11-01,300450
2024-11-01,300454
2024-11-01,300496
2024-11-01,300498
2024-11-01,300628
2024-11-01,300661
2024-11-01,300750
2024-11-01,300751
2024-11-01,300759
2024-11-01,300760
2024-11-01,300782
2024-11-01,300832
2024-11-01,300896
2024-11-01,300919
2024-11-01,300957
2024-11-01,300979
2024-11-01,300999
2024-11-01,301269
2024-12-01,600000
2024-12-01,600009
2024-12-01,600010
2024-12-01,600011
2024-12-01,600015
2024-12-01,600016
2024-12-01,600018
2024-12-01,600019
2024-12-01,600023
2024-12-01,600025
2024-12-01,600026
2024-12-01,600027
2024-12-01,600028
2024-12-01,600029
2024-12-01,600030
2024-12-01,600031
2024-12-01,600036
2024-12-01,600039
2024-12-01,600048
2024-12-01,600050
2024-12-01,600061
2024-12-01,600085
2024-12-01,600089
2024-12-01,600104
2024-12-01,600111
2024-12-01,600115
2024-12-01,600132
2024-12-01,600150
2024-12-01,600161
2024-12-01,600176
2024-12-01,600183
2024-12-01,600188
2024-12-01,600196
2024-12-01,600219
2024-12-01,600233
2024-12-01,600276
2024-12-01,600309
2024-12-01,600332
2024-12-01,600346
2024-12-01,600362
2024-12-01,600372
2024-12-01,600406
2024-12-01,600415
2024-12-01,600426
2024-12-01,600436
2024-12-01,600438
2024-12-01,600460
2024-12-01,600489
2024-12-01,600515
2024-12-01,600519
2024-12-01,600547
2024-12-01,600570
2024-12-01,600584
2024-12-01,600585
2024-12-01,600588
2024-12-01,600600
2024-12-01,600660
2024-12-01,600674
2024-12-01,600690
2024-12-01,600732
2024-12-01,600741
2024-12-01,600745
2024-12-01,600760
2024-12-01,600795
2024-12-01,600803
2024-12-01,600809
2024-12-01,600837
2024-12-01,600845
2024-12-01,600875
2024-12-01,600886
2024-12-01,600887
2024-12-01,600893
2024-12-01,600900
2024-12-01,600905
2024-12-01,600918
2024-12-01,600919
2024-12-01,600926
2024-12-01,600938
2024-12-01,600941
2024-12-01,600958
2024-12-01,600989
2024-12-01,600999
2024-12-01,601006
2024-12-01,601009
2024-12-01,601012
2024-12-01,601021
2024-12-01,601059
2024-12-01,601066
2024-12-01,601088
2024-12-01,601100
2024-12-01,601111
2024-12-01,601117
2024-12-01,601138
2024-12-01,601166
2024-12-01,601169
2024-12-01,601186
2024-12-01,601211
2024-12-01,601225
2024-12-01,601229
2024-12-01,601236
2024-12-01,601238
2024-12-01,601288
2024-12-01,601318
2024-12-01,601319
2024-12-01,601328
2024-12-01,601336
2024-12-01,601360
2024-12-01,601377
2024-12-01,601390
2024-12-01,601398
2024-12-01,601600
2024-12-01,601601
2024-12-01,601607
2024-12-01,601618
2024-12-01,601628
2024-12-01,601633
2024-12-01,601658
2024-12-01,601668
2024-12-01,601669
2024-12-01,601688
2024-12-01,601689
2024-12-01,601698
2024-12-01,601699
2024-12-01,601728
2024-12-01,601766
2024-12-01,601788
2024-12-01,601799
2024-12-01,601800
2024-12-01,601808
2024-12-01,601816
2024-12-01,601818
2024-12-01,601838
2024-12-01,601857
2024-12-01,601865
2024-12-01,601868
2024-12-01,601872
2024-12-01,601877
2024-12-01,601878
2024-12-01,601881
2024-12-01,601888
2024-12-01,601898
2024-12-01,601899
2024-12-01,601901
2024-12-01,601916
2024-12-01,601919
2024-12-01,601939
2024-12-01,601985
2024-12-01,601988
2024-12-01,601989
2024-12-01,601995
2024-12-01,601998
2024-12-01,603019
2024-12-01,603195
2024-12-01,603259
2024-12-01,603260
2024-12-01,603288
2024-12-01,603296
2024-12-01,603369
2024-12-01,603392
2024-12-01,603501
2024-12-01,603659
2024-12-01,603799
2024-12-01,603806
2024-12-01,603833
2024-12-01,603899
2024-12-01,603986
2024-12-01,603993
2024-12-01,605117
2024-12-01,605499
2024-12-01,688008
2024-12-01,688009
2024-12-01,688012
2024-12-01,688036
2024-12-01,688041
2024-12-01,688082
2024-12-01,688111
2024-12-01,688126
2024-12-01,688187
2024-12-01,688223
2024-12-01,688256
2024-12-01,688271
2024-12-01,688303
2024-12-01,688363
2024-12-01,688396
2024-12-01,688599
2024-12-01,688981
2024-12-01,000001
2024-12-01,000002
2024-12-01,000063
2024-12-01,000100
2024-12-01,000157
2024-12-01,000166
2024-12-01,000301
2024-12-01,000333
2024-12-01,000338
2024-12-01,000408
2024-12-01,000425
2024-12-01,000538
2024-12-01,000568
2024-12-01,000596
2024-12-01,000617
2024-12-01,000625
2024-12-01,000651
2024-12-01,000661
2024-12-01,000708
2024-12-01,000725
2024-12-01,000733
2024-12-01,000768
2024-12-01,000776
2024-12-01,000786
2024-12-01,000792
2024-12-01,000800
2024-12-01,000807
2024-12-01,000858
2024-12-01,000876
2024-12-01,000895
2024-12-01,000938
2024-12-01,000963
2024-12-01,000977
2024-12-01,000983
2024-12-01,000999
2024-12-01,001289
2024-12-01,001965
2024-12-01,001979
2024-12-01,002001
2024-12-01,002007
2024-12-01,002027
2024-12-01,002049
2024-12-01,002050
2024-12-01,002074
2024-12-01,002129
2024-12-01,002142
2024-12-01,002179
2024-12-01,002180
2024-12-01,002230
2024-12-01,002236
2024-12-01,002241
2024-12-01,002252
2024-12-01,002271
2024-12-01,002304
2024-12-01,002311
2024-12-01,002352
2024-12-01,002371
2024-12-01,002410
2024-12-01,002415
2024-12-01,002459
2024-12-01,002460
2024-12-01,002466
2024-12-01,002475
2024-12-01,002493
2024-12-01,002555
2024-12-01,002594
2024-12-01,002601
2024-12-01,002603
2024-12-01,002648
2024-12-01,002709
2024-12-01,002714
2024-12-01,002736
2024-12-01,002812
2024-12-01,002821
2024-12-01,002841
2024-12-01,002916
2024-12-01,002920
2024-12-01,002938
2024-12-01,003816
2024-12-01,300014
2024-12-01,300015
2024-12-01,300033
2024-12-01,300059
2024-12-01,300122
2024-12-01,300124
2024-12-01,300142
2024-12-01,300223
2024-12-01,300274
2024-12-01,300308
2024-12-01,300316
2024-12-01,300347
2024-12-01,300408
2024-12-01,300413
2024-12-01,300418
2024-12-01,300433
2024-12-01,300442
2024-12-01,300450
2024-12-01,300454
2024-12-01,300496
2024-12-01,300498
2024-12-01,300628
2024-12-01,300661
2024-12-01,300750
2024-12-01,300751
2024-12-01,300759
2024-12-01,300760
2024-12-01,300782
2024-12-01,300832
2024-12-01,300896
2024-12-01,300919
2024-12-01,300957
2024-12-01,300979
2024-12-01,300999
2024-12-01,301269
2025-01-01,600000
2025-01-01,600009
2025-01-01,600010
2025-01-01,600011
2025-01-01,600015
2025-01-01,600016
2025-01-01,600018
2025-01-01,600019
2025-01-01,600023
2025-01-01,600025
2025-01-01,600026
2025-01-01,600027
2025-01-01,600028
2025-01-01,600029
2025-01-01,600030
2025-01-01,600031
2025-01-01,600036
2025-01-01,600039
2025-01-01,600048
2025-01-01,600050
2025-01-01,600061
2025-01-01,600066
2025-01-01,600085
2025-01-01,600089
2025-01-01,600104
2025-01-01,600111
2025-01-01,600115
2025-01-01,600150
2025-01-01,600160
2025-01-01,600161
2025-01-01,600176
2025-01-01,600183
2025-01-01,600188
2025-01-01,600196
2025-01-01,600219
2025-01-01,600233
2025-01-01,600276
2025-01-01,600309
2025-01-01,600332
2025-01-01,600346
2025-01-01,600362
2025-01-01,600372
2025-01-01,600377
2025-01-01,600406
2025-01-01,600415
2025-01-01,600426
2025-01-01,600436
2025-01-01,600438
2025-01-01,600460
2025-01-01,600482
2025-01-01,600489
2025-01-01,600515
2025-01-01,600519
2025-01-01,600547
2025-01-01,600570
2025-01-01,600584
2025-01-01,600585
2025-01-01,600588
2025-01-01,600600
2025-01-01,600660
2025-01-01,600674
2025-01-01,600690
2025-01-01,600741
2025-01-01,600745
2025-01-01,600760
2025-01-01,600795
2025-01-01,600803
2025-01-01,600809
2025-01-01,600837
2025-01-01,600845
2025-01-01,600875
2025-01-01,600886
2025-01-01,600887
2025-01-01,600893
2025-01-01,600900
2025-01-01,600905
2025-01-01,600918
2025-01-01,600919
2025-01-01,600926
2025-01-01,600938
2025-01-01,600941
2025-01-01,600958
2025-01-01,600989
2025-01-01,600999
2025-01-01,601006
2025-01-01,601009
2025-01-01,601012
2025-01-01,601021
2025-01-01,601059
2025-01-01,601066
2025-01-01,601088
2025-01-01,601100
2025-01-01,601111
2025-01-01,601117
2025-01-01,601127
2025-01-01,601136
2025-01-01,601138
2025-01-01,601166
2025-01-01,601169
2025-01-01,601186
2025-01-01,601211
2025-01-01,601225
2025-01-01,601229
2025-01-01,601236
2025-01-01,601238
2025-01-01,601288
2025-01-01,601318
2025-01-01,601319
2025-01-01,601328
2025-01-01,601336
2025-01-01,601360
2025-01-01,601377
2025-01-01,601390
2025-01-01,601398
2025-01-01,601600
2025-01-01,601601
2025-01-01,601607
2025-01-01,601618
2025-01-01,601628
2025-01-01,601633
2025-01-01,601658
2025-01-01,601668
2025-01-01,601669
2025-01-01,601688
2025-01-01,601689
2025-01-01,601698
2025-01-01,601699
2025-01-01,601728
2025-01-01,601766
2025-01-01,601788
2025-01-01,601799
2025-01-01,601800
2025-01-01,601808
2025-01-01,601816
2025-01-01,601818
2025-01-01,601838
2025-01-01,601857
2025-01-01,601865
2025-01-01,601868
2025-01-01,601872
2025-01-01,601877
2025-01-01,601878
2025-01-01,601881
2025-01-01,601888
2025-01-01,601898
2025-01-01,601899
2025-01-01,601901
2025-01-01,601916
2025-01-01,601919
2025-01-01,601939
2025-01-01,601985
2025-01-01,601988
2025-01-01,601989
2025-01-01,601995
2025-01-01,601998
2025-01-01,603019
2025-01-01,603195
2025-01-01,603259
2025-01-01,603260
2025-01-01,603288
2025-01-01,603296
2025-01-01,603369
2025-01-01,603392
2025-01-01,603501
2025-01-01,603659
2025-01-01,603799
2025-01-01,603806
2025-01-01,603833
2025-01-01,603986
2025-01-01,603993
2025-01-01,605117
2025-01-01,605499
2025-01-01,688008
2025-01-01,688009
2025-01-01,688012
2025-01-01,688036
2025-01-01,688041
2025-01-01,688082
2025-01-01,688111
2025-01-01,688126
2025-01-01,688169
2025-01-01,688187
2025-01-01,688223
2025-01-01,688256
2025-01-01,688271
2025-01-01,688303
2025-01-01,688396
2025-01-01,688472
2025-01-01,688506
2025-01-01,688599
2025-01-01,688981
2025-01-01,000001
2025-01-01,000002
2025-01-01,000063
2025-01-01,000100
2025-01-01,000157
2025-01-01,000166
2025-01-01,000301
2025-01-01,000333
2025-01-01,000338
2025-01-01,000408
2025-01-01,000425
2025-01-01,000538
2025-01-01,000568
2025-01-01,000596
2025-01-01,000617
2025-01-01,000625
2025-01-01,000630
2025-01-01,000651
2025-01-01,000661
2025-01-01,000708
2025-01-01,000725
2025-01-01,000768
2025-01-01,000776
2025-01-01,000786
2025-01-01,000792
2025-01-01,000800
2025-01-01,000807
2025-01-01,000858
2025-01-01,000876
2025-01-01,000895
2025-01-01,000938
2025-01-01,000963
2025-01-01,000975
2025-01-01,000977
2025-01-01,000983
2025-01-01,000999
2025-01-01,001289
2025-01-01,001965
2025-01-01,001979
2025-01-01,002001
2025-01-01,002007
2025-01-01,002027
2025-01-01,002028
2025-01-01,002049
2025-01-01,002050
2025-01-01,002074
2025-01-01,002129
2025-01-01,002142
2025-01-01,002179
2025-01-01,002180
2025-01-01,002230
2025-01-01,002236
2025-01-01,002241
2025-01-01,002252
2025-01-01,002271
2025-01-01,002304
2025-01-01,002311
2025-01-01,002352
2025-01-01,002371
2025-01-01,002415
2025-01-01,002422
2025-01-01,002459
2025-01-01,002460
2025-01-01,002463
2025-01-01,002466
2025-01-01,002475
2025-01-01,002493
2025-01-01,002555
2025-01-01,002594
2025-01-01,002601
2025-01-01,002648
2025-01-01,002709
2025-01-01,002714
2025-01-01,002736
2025-01-01,002812
2025-01-01,002916
2025-01-01,002920
2025-01-01,002938
2025-01-01,003816
2025-01-01,300014
2025-01-01,300015
2025-01-01,300033
2025-01-01,300059
2025-01-01,300122
2025-01-01,300124
2025-01-01,300274
2025-01-01,300308
2025-01-01,300316
2025-01-01,300347
2025-01-01,300394
2025-01-01,300408
2025-01-01,300413
2025-01-01,300418
2025-01-01,300433
2025-01-01,300442
2025-01-01,300450
2025-01-01,300498
2025-01-01,300502
2025-01-01,300628
2025-01-01,300661
2025-01-01,300750
2025-01-01,300759
2025-01-01,300760
2025-01-01,300782
2025-01-01,300832
2025-01-01,300896
2025-01-01,300979
2025-01-01,300999
2025-01-01,301269
2025-02-01,600000
2025-02-01,600009
2025-02-01,600010
2025-02-01,600011
2025-02-01,600015
2025-02-01,600016
2025-02-01,600018
2025-02-01,600019
2025-02-01,600023
2025-02-01,600025
2025-02-01,600026
2025-02-01,600027
2025-02-01,600028
2025-02-01,600029
2025-02-01,600030
2025-02-01,600031
2025-02-01,600036
2025-02-01,600039
2025-02-01,600048
2025-02-01,600050
2025-02-01,600061
2025-02-01,600066
2025-02-01,600085
2025-02-01,600089
2025-02-01,600104
2025-02-01,600111
2025-02-01,600115
2025-02-01,600150
2025-02-01,600160
2025-02-01,600161
2025-02-01,600176
2025-02-01,600183
2025-02-01,600188
2025-02-01,600196
2025-02-01,600219
2025-02-01,600233
2025-02-01,600276
2025-02-01,600309
2025-02-01,600332
2025-02-01,600346
2025-02-01,600362
2025-02-01,600372
2025-02-01,600377
2025-02-01,600406
2025-02-01,600415
2025-02-01,600426
2025-02-01,600436
2025-02-01,600438
2025-02-01,600460
2025-02-01,600482
2025-02-01,600489
2025-02-01,600515
2025-02-01,600519
2025-02-01,600547
2025-02-01,600570
2025-02-01,600584
2025-02-01,600585
2025-02-01,600588
2025-02-01,600600
2025-02-01,600660
2025-02-01,600674
2025-02-01,600690
2025-02-01,600741
2025-02-01,600745
2025-02-01,600760
2025-02-01,600795
2025-02-01,600803
2025-02-01,600809
2025-02-01,600837
2025-02-01,600845
2025-02-01,600875
2025-02-01,600886
2025-02-01,600887
2025-02-01,600893
2025-02-01,600900
2025-02-01,600905
2025-02-01,600918
2025-02-01,600919
2025-02-01,600926
2025-02-01,600938
2025-02-01,600941
2025-02-01,600958
2025-02-01,600989
2025-02-01,600999
2025-02-01,601006
2025-02-01,601009
2025-02-01,601012
2025-02-01,601021
2025-02-01,601059
2025-02-01,601066
2025-02-01,601088
2025-02-01,601100
2025-02-01,601111
2025-02-01,601117
2025-02-01,601127
2025-02-01,601136
2025-02-01,601138
2025-02-01,601166
2025-02-01,601169
2025-02-01,601186
2025-02-01,601211
2025-02-01,601225
2025-02-01,601229
2025-02-01,601236
2025-02-01,601238
2025-02-01,601288
2025-02-01,601318
2025-02-01,601319
2025-02-01,601328
2025-02-01,601336
2025-02-01,601360
2025-02-01,601377
2025-02-01,601390
2025-02-01,601398
2025-02-01,601600
2025-02-01,601601
2025-02-01,601607
2025-02-01,601618
2025-02-01,601628
2025-02-01,601633
2025-02-01,601658
2025-02-01,601668
2025-02-01,601669
2025-02-01,601688
2025-02-01,601689
2025-02-01,601698
2025-02-01,601699
2025-02-01,601728
2025-02-01,601766
2025-02-01,601788
2025-02-01,601799
2025-02-01,601800
2025-02-01,601808
2025-02-01,601816
2025-02-01,601818
2025-02-01,601838
2025-02-01,601857
2025-02-01,601865
2025-02-01,601868
2025-02-01,601872
2025-02-01,601877
2025-02-01,601878
2025-02-01,601881
2025-02-01,601888
2025-02-01,601898
2025-02-01,601899
2025-02-01,601901
2025-02-01,601916
2025-02-01,601919
2025-02-01,601939
2025-02-01,601985
2025-02-01,601988
2025-02-01,601989
2025-02-01,601995
2025-02-01,601998
2025-02-01,603019
2025-02-01,603195
2025-02-01,603259
2025-02-01,603260
2025-02-01,603288
2025-02-01,603296
2025-02-01,603369
2025-02-01,603392
2025-02-01,603501
2025-02-01,603659
2025-02-01,603799
2025-02-01,603806
2025-02-01,603833
2025-02-01,603986
2025-02-01,603993
2025-02-01,605117
2025-02-01,605499
2025-02-01,688008
2025-02-01,688009
2025-02-01,688012
2025-02-01,688036
2025-02-01,688041
2025-02-01,688082
2025-02-01,688111
2025-02-01,688126
2025-02-01,688169
2025-02-01,688187
2025-02-01,688223
2025-02-01,688256
2025-02-01,688271
2025-02-01,688303
2025-02-01,688396
2025-02-01,688472
2025-02-01,688506
2025-02-01,688599
2025-02-01,688981
2025-02-01,000001
2025-02-01,000002
2025-02-01,000063
2025-02-01,000100
2025-02-01,000157
2025-02-01,000166
2025-02-01,000301
2025-02-01,000333
2025-02-01,000338
2025-02-01,000408
2025-02-01,000425
2025-02-01,000538
2025-02-01,000568
2025-02-01,000596
2025-02-01,000617
2025-02-01,000625
2025-02-01,000630
2025-02-01,000651
2025-02-01,000661
2025-02-01,000708
2025-02-01,000725
2025-02-01,000768
2025-02-01,000776
2025-02-01,000786
2025-02-01,000792
2025-02-01,000800
2025-02-01,000807
2025-02-01,000858
2025-02-01,000876
2025-02-01,000895
2025-02-01,000938
2025-02-01,000963
2025-02-01,000975
2025-02-01,000977
2025-02-01,000983
2025-02-01,000999
2025-02-01,001289
2025-02-01,001965
2025-02-01,001979
2025-02-01,002001
2025-02-01,002007
2025-02-01,002027
2025-02-01,002028
2025-02-01,002049
2025-02-01,002050
2025-02-01,002074
2025-02-01,002129
2025-02-01,002142
2025-02-01,002179
2025-02-01,002180
2025-02-01,002230
2025-02-01,002236
2025-02-01,002241
2025-02-01,002252
2025-02-01,002271
2025-02-01,002304
2025-02-01,002311
2025-02-01,002352
2025-02-01,002371
2025-02-01,002415
2025-02-01,002422
2025-02-01,002459
2025-02-01,002460
2025-02-01,002463
2025-02-01,002466
2025-02-01,002475
2025-02-01,002493
2025-02-01,002555
2025-02-01,002594
2025-02-01,002601
2025-02-01,002648
2025-02-01,002709
2025-02-01,002714
2025-02-01,002736
2025-02-01,002812
2025-02-01,002916
2025-02-01,002920
2025-02-01,002938
2025-02-01,003816
2025-02-01,300014
2025-02-01,300015
2025-02-01,300033
2025-02-01,300059
2025-02-01,300122
2025-02-01,300124
2025-02-01,300274
2025-02-01,300308
2025-02-01,300316
2025-02-01,300347
2025-02-01,300394
2025-02-01,300408
2025-02-01,300413
2025-02-01,300418
2025-02-01,300433
2025-02-01,300442
2025-02-01,300450
2025-02-01,300498
2025-02-01,300502
2025-02-01,300628
2025-02-01,300661
2025-02-01,300750
2025-02-01,300759
2025-02-01,300760
2025-02-01,300782
2025-02-01,300832
2025-02-01,300896
2025-02-01,300979
2025-02-01,300999
2025-02-01,301269
2025-03-01,600000
2025-03-01,600009
2025-03-01,600010
2025-03-01,600011
2025-03-01,600015
2025-03-01,600016
2025-03-01,600018
2025-03-01,600019
2025-03-01,600023
2025-03-01,600025
2025-03-01,600026
2025-03-01,600027
2025-03-01,600028
2025-03-01,600029
2025-03-01,600030
2025-03-01,600031
2025-03-01,600036
2025-03-01,600039
2025-03-01,600048
2025-03-01,600050
2025-03-01,600061
2025-03-01,600066
2025-03-01,600085
2025-03-01,600089
2025-03-01,600104
2025-03-01,600111
2025-03-01,600115
2025-03-01,600150
2025-03-01,600160
2025-03-01,600161
2025-03-01,600176
2025-03-01,600183
2025-03-01,600188
2025-03-01,600196
2025-03-01,600219
2025-03-01,600233
2025-03-01,600276
2025-03-01,600309
2025-03-01,600332
2025-03-01,600346
2025-03-01,600362
2025-03-01,600372
2025-03-01,600377
2025-03-01,600406
2025-03-01,600415
2025-03-01,600426
2025-03-01,600436
2025-03-01,600438
2025-03-01,600460
2025-03-01,600482
2025-03-01,600489
2025-03-01,600515
2025-03-01,600519
2025-03-01,600547
2025-03-01,600570
2025-03-01,600584
2025-03-01,600585
2025-03-01,600588
2025-03-01,600600
2025-03-01,600660
2025-03-01,600674
2025-03-01,600690
2025-03-01,600741
2025-03-01,600745
2025-03-01,600760
2025-03-01,600795
2025-03-01,600803
2025-03-01,600809
2025-03-01,600837
2025-03-01,600845
2025-03-01,600875
2025-03-01,600886
2025-03-01,600887
2025-03-01,600893
2025-03-01,600900
2025-03-01,600905
2025-03-01,600918
2025-03-01,600919
2025-03-01,600926
2025-03-01,600938
2025-03-01,600941
2025-03-01,600958
2025-03-01,600989
2025-03-01,600999
2025-03-01,601006
2025-03-01,601009
2025-03-01,601012
2025-03-01,601021
2025-03-01,601059
2025-03-01,601066
2025-03-01,601088
2025-03-01,601100
2025-03-01,601111
2025-03-01,601117
2025-03-01,601127
2025-03-01,601136
2025-03-01,601138
2025-03-01,601166
2025-03-01,601169
2025-03-01,601186
2025-03-01,601211
2025-03-01,601225
2025-03-01,601229
2025-03-01,601236
2025-03-01,601238
2025-03-01,601288
2025-03-01,601318
2025-03-01,601319
2025-03-01,601328
2025-03-01,601336
2025-03-01,601360
2025-03-01,601377
2025-03-01,601390
2025-03-01,601398
2025-03-01,601600
2025-03-01,601601
2025-03-01,601607
2025-03-01,601618
2025-03-01,601628
2025-03-01,601633
2025-03-01,601658
2025-03-01,601668
2025-03-01,601669
2025-03-01,601688
2025-03-01,601689
2025-03-01,601698
2025-03-01,601699
2025-03-01,601728
2025-03-01,601766
2025-03-01,601788
2025-03-01,601799
2025-03-01,601800
2025-03-01,601808
2025-03-01,601816
2025-03-01,601818
2025-03-01,601838
2025-03-01,601857
2025-03-01,601865
2025-03-01,601868
2025-03-01,601872
2025-03-01,601877
2025-03-01,601878
2025-03-01,601881
2025-03-01,601888
2025-03-01,601898
2025-03-01,601899
2025-03-01,601901
2025-03-01,601916
2025-03-01,601919
2025-03-01,601939
2025-03-01,601985
2025-03-01,601988
2025-03-01,601989
2025-03-01,601995
2025-03-01,601998
2025-03-01,603019
2025-03-01,603195
2025-03-01,603259
2025-03-01,603260
2025-03-01,603288
2025-03-01,603296
2025-03-01,603369
2025-03-01,603392
2025-03-01,603501
2025-03-01,603659
2025-03-01,603799
2025-03-01,603806
2025-03-01,603833
2025-03-01,603986
2025-03-01,603993
2025-03-01,605117
2025-03-01,605499
2025-03-01,688008
2025-03-01,688009
2025-03-01,688012
2025-03-01,688036
2025-03-01,688041
2025-03-01,688082
2025-03-01,688111
2025-03-01,688126
2025-03-01,688169
2025-03-01,688187
2025-03-01,688223
2025-03-01,688256
2025-03-01,688271
2025-03-01,688303
2025-03-01,688396
2025-03-01,688472
2025-03-01,688506
2025-03-01,688599
2025-03-01,688981
2025-03-01,000001
2025-03-01,000002
2025-03-01,000063
2025-03-01,000100
2025-03-01,000157
2025-03-01,000166
2025-03-01,000301
2025-03-01,000333
2025-03-01,000338
2025-03-01,000408
2025-03-01,000425
2025-03-01,000538
2025-03-01,000568
2025-03-01,000596
2025-03-01,000617
2025-03-01,000625
2025-03-01,000630
2025-03-01,000651
2025-03-01,000661
2025-03-01,000708
2025-03-01,000725
2025-03-01,000768
2025-03-01,000776
2025-03-01,000786
2025-03-01,000792
2025-03-01,000800
2025-03-01,000807
2025-03-01,000858
2025-03-01,000876
2025-03-01,000895
2025-03-01,000938
2025-03-01,000963
2025-03-01,000975
2025-03-01,000977
2025-03-01,000983
2025-03-01,000999
2025-03-01,001289
2025-03-01,001965
2025-03-01,001979
2025-03-01,002001
2025-03-01,002007
2025-03-01,002027
2025-03-01,002028
2025-03-01,002049
2025-03-01,002050
2025-03-01,002074
2025-03-01,002129
2025-03-01,002142
2025-03-01,002179
2025-03-01,002180
2025-03-01,002230
2025-03-01,002236
2025-03-01,002241
2025-03-01,002252
2025-03-01,002271
2025-03-01,002304
2025-03-01,002311
2025-03-01,002352
2025-03-01,002371
2025-03-01,002415
2025-03-01,002422
2025-03-01,002459
2025-03-01,002460
2025-03-01,002463
2025-03-01,002466
2025-03-01,002475
2025-03-01,002493
2025-03-01,002555
2025-03-01,002594
2025-03-01,002601
2025-03-01,002648
2025-03-01,002709
2025-03-01,002714
2025-03-01,002736
2025-03-01,002812
2025-03-01,002916
2025-03-01,002920
2025-03-01,002938
2025-03-01,003816
2025-03-01,300014
2025-03-01,300015
2025-03-01,300033
2025-03-01,300059
2025-03-01,300122
2025-03-01,300124
2025-03-01,300274
2025-03-01,300308
2025-03-01,300316
2025-03-01,300347
2025-03-01,300394
2025-03-01,300408
2025-03-01,300413
2025-03-01,300418
2025-03-01,300433
2025-03-01,300442
2025-03-01,300450
2025-03-01,300498
2025-03-01,300502
2025-03-01,300628
2025-03-01,300661
2025-03-01,300750
2025-03-01,300759
2025-03-01,300760
2025-03-01,300782
2025-03-01,300832
2025-03-01,300896
2025-03-01,300979
2025-03-01,300999
2025-03-01,301269
2025-04-01,600000
2025-04-01,600009
2025-04-01,600010
2025-04-01,600011
2025-04-01,600015
2025-04-01,600016
2025-04-01,600018
2025-04-01,600019
2025-04-01,600023
2025-04-01,600025
2025-04-01,600026
2025-04-01,600027
2025-04-01,600028
2025-04-01,600029
2025-04-01,600030
2025-04-01,600031
2025-04-01,600036
2025-04-01,600039
2025-04-01,600048
2025-04-01,600050
2025-04-01,600061
2025-04-01,600066
2025-04-01,600085
2025-04-01,600089
2025-04-01,600104
2025-04-01,600111
2025-04-01,600115
2025-04-01,600150
2025-04-01,600160
2025-04-01,600161
2025-04-01,600176
2025-04-01,600183
2025-04-01,600188
2025-04-01,600196
2025-04-01,600219
2025-04-01,600233
2025-04-01,600276
2025-04-01,600309
2025-04-01,600332
2025-04-01,600346
2025-04-01,600362
2025-04-01,600372
2025-04-01,600377
2025-04-01,600406
2025-04-01,600415
2025-04-01,600426
2025-04-01,600436
2025-04-01,600438
2025-04-01,600460
2025-04-01,600482
2025-04-01,600489
2025-04-01,600515
2025-04-01,600519
2025-04-01,600547
2025-04-01,600570
2025-04-01,600584
2025-04-01,600585
2025-04-01,600588
2025-04-01,600600
2025-04-01,600660
2025-04-01,600674
2025-04-01,600690
2025-04-01,600741
2025-04-01,600745
2025-04-01,600760
2025-04-01,600795
2025-04-01,600803
2025-04-01,600809
2025-04-01,600845
2025-04-01,600875
2025-04-01,600886
2025-04-01,600887
2025-04-01,600893
2025-04-01,600900
2025-04-01,600905
2025-04-01,600918
2025-04-01,600919
2025-04-01,600926
2025-04-01,600938
2025-04-01,600941
2025-04-01,600958
2025-04-01,600989
2025-04-01,600999
2025-04-01,601006
2025-04-01,601009
2025-04-01,601012
2025-04-01,601021
2025-04-01,601058
2025-04-01,601059
2025-04-01,601066
2025-04-01,601088
2025-04-01,601100
2025-04-01,601111
2025-04-01,601117
2025-04-01,601127
2025-04-01,601136
2025-04-01,601138
2025-04-01,601166
2025-04-01,601169
2025-04-01,601186
2025-04-01,601211
2025-04-01,601225
2025-04-01,601229
2025-04-01,601236
2025-04-01,601238
2025-04-01,601288
2025-04-01,601318
2025-04-01,601319
2025-04-01,601328
2025-04-01,601336
2025-04-01,601360
2025-04-01,601377
2025-04-01,601390
2025-04-01,601398
2025-04-01,601600
2025-04-01,601601
2025-04-01,601607
2025-04-01,601618
2025-04-01,601628
2025-04-01,601633
2025-04-01,601658
2025-04-01,601668
2025-04-01,601669
2025-04-01,601688
2025-04-01,601689
2025-04-01,601698
2025-04-01,601699
2025-04-01,601728
2025-04-01,601766
2025-04-01,601788
2025-04-01,601799
2025-04-01,601800
2025-04-01,601808
2025-04-01,601816
2025-04-01,601818
2025-04-01,601838
2025-04-01,601857
2025-04-01,601865
2025-04-01,601868
2025-04-01,601872
2025-04-01,601877
2025-04-01,601878
2025-04-01,601881
2025-04-01,601888
2025-04-01,601898
2025-04-01,601899
2025-04-01,601901
2025-04-01,601916
2025-04-01,601919
2025-04-01,601939
2025-04-01,601985
2025-04-01,601988
2025-04-01,601989
2025-04-01,601995
2025-04-01,601998
2025-04-01,603019
2025-04-01,603195
2025-04-01,603259
2025-04-01,603260
2025-04-01,603288
2025-04-01,603296
2025-04-01,603369
2025-04-01,603392
2025-04-01,603501
2025-04-01,603659
2025-04-01,603799
2025-04-01,603806
2025-04-01,603833
2025-04-01,603986
2025-04-01,603993
2025-04-01,605117
2025-04-01,605499
2025-04-01,688008
2025-04-01,688009
2025-04-01,688012
2025-04-01,688036
2025-04-01,688041
2025-04-01,688082
2025-04-01,688111
2025-04-01,688126
2025-04-01,688169
2025-04-01,688187
2025-04-01,688223
2025-04-01,688256
2025-04-01,688271
2025-04-01,688303
2025-04-01,688396
2025-04-01,688472
2025-04-01,688506
2025-04-01,688599
2025-04-01,688981
2025-04-01,000001
2025-04-01,000002
2025-04-01,000063
2025-04-01,000100
2025-04-01,000157
2025-04-01,000166
2025-04-01,000301
2025-04-01,000333
2025-04-01,000338
2025-04-01,000408
2025-04-01,000425
2025-04-01,000538
2025-04-01,000568
2025-04-01,000596
2025-04-01,000617
2025-04-01,000625
2025-04-01,000630
2025-04-01,000651
2025-04-01,000661
2025-04-01,000708
2025-04-01,000725
2025-04-01,000768
2025-04-01,000776
2025-04-01,000786
2025-04-01,000792
2025-04-01,000800
2025-04-01,000807
2025-04-01,000858
2025-04-01,000876
2025-04-01,000895
2025-04-01,000938
2025-04-01,000963
2025-04-01,000975
2025-04-01,000977
2025-04-01,000983
2025-04-01,000999
2025-04-01,001289
2025-04-01,001965
2025-04-01,001979
2025-04-01,002001
2025-04-01,002007
2025-04-01,002027
2025-04-01,002028
2025-04-01,002049
2025-04-01,002050
2025-04-01,002074
2025-04-01,002129
2025-04-01,002142
2025-04-01,002179
2025-04-01,002180
2025-04-01,002230
2025-04-01,002236
2025-04-01,002241
2025-04-01,002252
2025-04-01,002271
2025-04-01,002304
2025-04-01,002311
2025-04-01,002352
2025-04-01,002371
2025-04-01,002415
2025-04-01,002422
2025-04-01,002459
2025-04-01,002460
2025-04-01,002463
2025-04-01,002466
2025-04-01,002475
2025-04-01,002493
2025-04-01,002555
2025-04-01,002594
2025-04-01,002601
2025-04-01,002648
2025-04-01,002709
2025-04-01,002714
2025-04-01,002736
2025-04-01,002812
2025-04-01,002916
2025-04-01,002920
2025-04-01,002938
2025-04-01,003816
2025-04-01,300014
2025-04-01,300015
2025-04-01,300033
2025-04-01,300059
2025-04-01,300122
2025-04-01,300124
2025-04-01,300274
2025-04-01,300308
2025-04-01,300316
2025-04-01,300347
2025-04-01,300394
2025-04-01,300408
2025-04-01,300413
2025-04-01,300418
2025-04-01,300433
2025-04-01,300442
2025-04-01,300450
2025-04-01,300498
2025-04-01,300502
2025-04-01,300628
2025-04-01,300661
2025-04-01,300750
2025-04-01,300759
2025-04-01,300760
2025-04-01,300782
2025-04-01,300832
2025-04-01,300896
2025-04-01,300979
2025-04-01,300999
2025-04-01,301269
2025-05-01,600000
2025-05-01,600009
2025-05-01,600010
2025-05-01,600011
2025-05-01,600015
2025-05-01,600016
2025-05-01,600018
2025-05-01,600019
2025-05-01,600023
2025-05-01,600025
2025-05-01,600026
2025-05-01,600027
2025-05-01,600028
2025-05-01,600029
2025-05-01,600030
2025-05-01,600031
2025-05-01,600036
2025-05-01,600039
2025-05-01,600048
2025-05-01,600050
2025-05-01,600061
2025-05-01,600066
2025-05-01,600085
2025-05-01,600089
2025-05-01,600104
2025-05-01,600111
2025-05-01,600115
2025-05-01,600150
2025-05-01,600160
2025-05-01,600161
2025-05-01,600176
2025-05-01,600183
2025-05-01,600188
2025-05-01,600196
2025-05-01,600219
2025-05-01,600233
2025-05-01,600276
2025-05-01,600309
2025-05-01,600332
2025-05-01,600346
2025-05-01,600362
2025-05-01,600372
2025-05-01,600377
2025-05-01,600406
2025-05-01,600415
2025-05-01,600426
2025-05-01,600436
2025-05-01,600438
2025-05-01,600460
2025-05-01,600482
2025-05-01,600489
2025-05-01,600515
2025-05-01,600519
2025-05-01,600547
2025-05-01,600570
2025-05-01,600584
2025-05-01,600585
2025-05-01,600588
2025-05-01,600600
2025-05-01,600660
2025-05-01,600674
2025-05-01,600690
2025-05-01,600741
2025-05-01,600745
2025-05-01,600760
2025-05-01,600795
2025-05-01,600803
2025-05-01,600809
2025-05-01,600845
2025-05-01,600875
2025-05-01,600886
2025-05-01,600887
2025-05-01,600893
2025-05-01,600900
2025-05-01,600905
2025-05-01,600918
2025-05-01,600919
2025-05-01,600926
2025-05-01,600938
2025-05-01,600941
2025-05-01,600958
2025-05-01,600989
2025-05-01,600999
2025-05-01,601006
2025-05-01,601009
2025-05-01,601012
2025-05-01,601021
2025-05-01,601058
2025-05-01,601059
2025-05-01,601066
2025-05-01,601088
2025-05-01,601100
2025-05-01,601111
2025-05-01,601117
2025-05-01,601127
2025-05-01,601136
2025-05-01,601138
2025-05-01,601166
2025-05-01,601169
2025-05-01,601186
2025-05-01,601211
2025-05-01,601225
2025-05-01,601229
2025-05-01,601236
2025-05-01,601238
2025-05-01,601288
2025-05-01,601318
2025-05-01,601319
2025-05-01,601328
2025-05-01,601336
2025-05-01,601360
2025-05-01,601377
2025-05-01,601390
2025-05-01,601398
2025-05-01,601600
2025-05-01,601601
2025-05-01,601607
2025-05-01,601618
2025-05-01,601628
2025-05-01,601633
2025-05-01,601658
2025-05-01,601668
2025-05-01,601669
2025-05-01,601688
2025-05-01,601689
2025-05-01,601698
2025-05-01,601699
2025-05-01,601728
2025-05-01,601766
2025-05-01,601788
2025-05-01,601799
2025-05-01,601800
2025-05-01,601808
2025-05-01,601816
2025-05-01,601818
2025-05-01,601838
2025-05-01,601857
2025-05-01,601865
2025-05-01,601868
2025-05-01,601872
2025-05-01,601877
2025-05-01,601878
2025-05-01,601881
2025-05-01,601888
2025-05-01,601898
2025-05-01,601899
2025-05-01,601901
2025-05-01,601916
2025-05-01,601919
2025-05-01,601939
2025-05-01,601985
2025-05-01,601988
2025-05-01,601989
2025-05-01,601995
2025-05-01,601998
2025-05-01,603019
2025-05-01,603195
2025-05-01,603259
2025-05-01,603260
2025-05-01,603288
2025-05-01,603296
2025-05-01,603369
2025-05-01,603392
2025-05-01,603501
2025-05-01,603659
2025-05-01,603799
2025-05-01,603806
2025-05-01,603833
2025-05-01,603986
2025-05-01,603993
2025-05-01,605117
2025-05-01,605499
2025-05-01,688008
2025-05-01,688009
2025-05-01,688012
2025-05-01,688036
2025-05-01,688041
2025-05-01,688082
2025-05-01,688111
2025-05-01,688126
2025-05-01,688169
2025-05-01,688187
2025-05-01,688223
2025-05-01,688256
2025-05-01,688271
2025-05-01,688303
2025-05-01,688396
2025-05-01,688472
2025-05-01,688506
2025-05-01,688599
2025-05-01,688981
2025-05-01,000001
2025-05-01,000002
2025-05-01,000063
2025-05-01,000100
2025-05-01,000157
2025-05-01,000166
2025-05-01,000301
2025-05-01,000333
2025-05-01,000338
2025-05-01,000408
2025-05-01,000425
2025-05-01,000538
2025-05-01,000568
2025-05-01,000596
2025-05-01,000617
2025-05-01,000625
2025-05-01,000630
2025-05-01,000651
2025-05-01,000661
2025-05-01,000708
2025-05-01,000725
2025-05-01,000768
2025-05-01,000776
2025-05-01,000786
2025-05-01,000792
2025-05-01,000800
2025-05-01,000807
2025-05-01,000858
2025-05-01,000876
2025-05-01,000895
2025-05-01,000938
2025-05-01,000963
2025-05-01,000975
2025-05-01,000977
2025-05-01,000983
2025-05-01,000999
2025-05-01,001289
2025-05-01,001965
2025-05-01,001979
2025-05-01,002001
2025-05-01,002007
2025-05-01,002027
2025-05-01,002028
2025-05-01,002049
2025-05-01,002050
2025-05-01,002074
2025-05-01,002129
2025-05-01,002142
2025-05-01,002179
2025-05-01,002180
2025-05-01,002230
2025-05-01,002236
2025-05-01,002241
2025-05-01,002252
2025-05-01,002271
2025-05-01,002304
2025-05-01,002311
2025-05-01,002352
2025-05-01,002371
2025-05-01,002415
2025-05-01,002422
2025-05-01,002459
2025-05-01,002460
2025-05-01,002463
2025-05-01,002466
2025-05-01,002475
2025-05-01,002493
2025-05-01,002555
2025-05-01,002594
2025-05-01,002601
2025-05-01,002648
2025-05-01,002709
2025-05-01,002714
2025-05-01,002736
2025-05-01,002812
2025-05-01,002916
2025-05-01,002920
2025-05-01,002938
2025-05-01,003816
2025-05-01,300014
2025-05-01,300015
2025-05-01,300033
2025-05-01,300059
2025-05-01,300122
2025-05-01,300124
2025-05-01,300274
2025-05-01,300308
2025-05-01,300316
2025-05-01,300347
2025-05-01,300394
2025-05-01,300408
2025-05-01,300413
2025-05-01,300418
2025-05-01,300433
2025-05-01,300442
2025-05-01,300450
2025-05-01,300498
2025-05-01,300502
2025-05-01,300628
2025-05-01,300661
2025-05-01,300750
2025-05-01,300759
2025-05-01,300760
2025-05-01,300782
2025-05-01,300832
2025-05-01,300896
2025-05-01,300979
2025-05-01,300999
2025-05-01,301269
2025-06-01,600000
2025-06-01,600009
2025-06-01,600010
2025-06-01,600011
2025-06-01,600015
2025-06-01,600016
2025-06-01,600018
2025-06-01,600019
2025-06-01,600023
2025-06-01,600025
2025-06-01,600026
2025-06-01,600027
2025-06-01,600028
2025-06-01,600029
2025-06-01,600030
2025-06-01,600031
2025-06-01,600036
2025-06-01,600039
2025-06-01,600048
2025-06-01,600050
2025-06-01,600061
2025-06-01,600066
2025-06-01,600085
2025-06-01,600089
2025-06-01,600104
2025-06-01,600111
2025-06-01,600115
2025-06-01,600150
2025-06-01,600160
2025-06-01,600161
2025-06-01,600176
2025-06-01,600183
2025-06-01,600188
2025-06-01,600196
2025-06-01,600219
2025-06-01,600233
2025-06-01,600276
2025-06-01,600309
2025-06-01,600332
2025-06-01,600346
2025-06-01,600362
2025-06-01,600372
2025-06-01,600377
2025-06-01,600406
2025-06-01,600415
2025-06-01,600426
2025-06-01,600436
2025-06-01,600438
2025-06-01,600460
2025-06-01,600482
2025-06-01,600489
2025-06-01,600515
2025-06-01,600519
2025-06-01,600547
2025-06-01,600570
2025-06-01,600584
2025-06-01,600585
2025-06-01,600588
2025-06-01,600600
2025-06-01,600660
2025-06-01,600674
2025-06-01,600690
2025-06-01,600741
2025-06-01,600745
2025-06-01,600760
2025-06-01,600795
2025-06-01,600803
2025-06-01,600809
2025-06-01,600845
2025-06-01,600875
2025-06-01,600886
2025-06-01,600887
2025-06-01,600893
2025-06-01,600900
2025-06-01,600905
2025-06-01,600918
2025-06-01,600919
2025-06-01,600926
2025-06-01,600938
2025-06-01,600941
2025-06-01,600958
2025-06-01,600989
2025-06-01,600999
2025-06-01,601006
2025-06-01,601009
2025-06-01,601012
2025-06-01,601021
2025-06-01,601058
2025-06-01,601059
2025-06-01,601066
2025-06-01,601088
2025-06-01,601100
2025-06-01,601111
2025-06-01,601117
2025-06-01,601127
2025-06-01,601136
2025-06-01,601138
2025-06-01,601166
2025-06-01,601169
2025-06-01,601186
2025-06-01,601211
2025-06-01,601225
2025-06-01,601229
2025-06-01,601236
2025-06-01,601238
2025-06-01,601288
2025-06-01,601318
2025-06-01,601319
2025-06-01,601328
2025-06-01,601336
2025-06-01,601360
2025-06-01,601377
2025-06-01,601390
2025-06-01,601398
2025-06-01,601600
2025-06-01,601601
2025-06-01,601607
2025-06-01,601618
2025-06-01,601628
2025-06-01,601633
2025-06-01,601658
2025-06-01,601668
2025-06-01,601669
2025-06-01,601688
2025-06-01,601689
2025-06-01,601698
2025-06-01,601699
2025-06-01,601728
2025-06-01,601766
2025-06-01,601788
2025-06-01,601799
2025-06-01,601800
2025-06-01,601808
2025-06-01,601816
2025-06-01,601818
2025-06-01,601838
2025-06-01,601857
2025-06-01,601865
2025-06-01,601868
2025-06-01,601872
2025-06-01,601877
2025-06-01,601878
2025-06-01,601881
2025-06-01,601888
2025-06-01,601898
2025-06-01,601899
2025-06-01,601901
2025-06-01,601916
2025-06-01,601919
2025-06-01,601939
2025-06-01,601985
2025-06-01,601988
2025-06-01,601989
2025-06-01,601995
2025-06-01,601998
2025-06-01,603019
2025-06-01,603195
2025-06-01,603259
2025-06-01,603260
2025-06-01,603288
2025-06-01,603296
2025-06-01,603369
2025-06-01,603392
2025-06-01,603501
2025-06-01,603659
2025-06-01,603799
2025-06-01,603806
2025-06-01,603833
2025-06-01,603986
2025-06-01,603993
2025-06-01,605117
2025-06-01,605499
2025-06-01,688008
2025-06-01,688009
2025-06-01,688012
2025-06-01,688036
2025-06-01,688041
2025-06-01,688082
2025-06-01,688111
2025-06-01,688126
2025-06-01,688169
2025-06-01,688187
2025-06-01,688223
2025-06-01,688256
2025-06-01,688271
2025-06-01,688303
2025-06-01,688396
2025-06-01,688472
2025-06-01,688506
2025-06-01,688599
2025-06-01,688981
2025-06-01,000001
2025-06-01,000002
2025-06-01,000063
2025-06-01,000100
2025-06-01,000157
2025-06-01,000166
2025-06-01,000301
2025-06-01,000333
2025-06-01,000338
2025-06-01,000408
2025-06-01,000425
2025-06-01,000538
2025-06-01,000568
2025-06-01,000596
2025-06-01,000617
2025-06-01,000625
2025-06-01,000630
2025-06-01,000651
2025-06-01,000661
2025-06-01,000708
2025-06-01,000725
2025-06-01,000768
2025-06-01,000776
2025-06-01,000786
2025-06-01,000792
2025-06-01,000800
2025-06-01,000807
2025-06-01,000858
2025-06-01,000876
2025-06-01,000895
2025-06-01,000938
2025-06-01,000963
2025-06-01,000975
2025-06-01,000977
2025-06-01,000983
2025-06-01,000999
2025-06-01,001289
2025-06-01,001965
2025-06-01,001979
2025-06-01,002001
2025-06-01,002007
2025-06-01,002027
2025-06-01,002028
2025-06-01,002049
2025-06-01,002050
2025-06-01,002074
2025-06-01,002129
2025-06-01,002142
2025-06-01,002179
2025-06-01,002180
2025-06-01,002230
2025-06-01,002236
2025-06-01,002241
2025-06-01,002252
2025-06-01,002271
2025-06-01,002304
2025-06-01,002311
2025-06-01,002352
2025-06-01,002371
2025-06-01,002415
2025-06-01,002422
2025-06-01,002459
2025-06-01,002460
2025-06-01,002463
2025-06-01,002466
2025-06-01,002475
2025-06-01,002493
2025-06-01,002555
2025-06-01,002594
2025-06-01,002601
2025-06-01,002648
2025-06-01,002709
2025-06-01,002714
2025-06-01,002736
2025-06-01,002812
2025-06-01,002916
2025-06-01,002920
2025-06-01,002938
2025-06-01,003816
2025-06-01,300014
2025-06-01,300015
2025-06-01,300033
2025-06-01,300059
2025-06-01,300122
2025-06-01,300124
2025-06-01,300274
2025-06-01,300308
2025-06-01,300316
2025-06-01,300347
2025-06-01,300394
2025-06-01,300408
2025-06-01,300413
2025-06-01,300418
2025-06-01,300433
2025-06-01,300442
2025-06-01,300450
2025-06-01,300498
2025-06-01,300502
2025-06-01,300628
2025-06-01,300661
2025-06-01,300750
2025-06-01,300759
2025-06-01,300760
2025-06-01,300782
2025-06-01,300832
2025-06-01,300896
2025-06-01,300979
2025-06-01,300999
2025-06-01,301269
2025-07-01,600000
2025-07-01,600009
2025-07-01,600010
2025-07-01,600011
2025-07-01,600015
2025-07-01,600016
2025-07-01,600018
2025-07-01,600019
2025-07-01,600023
2025-07-01,600025
2025-07-01,600026
2025-07-01,600027
2025-07-01,600028
2025-07-01,600029
2025-07-01,600030
2025-07-01,600031
2025-07-01,600036
2025-07-01,600039
2025-07-01,600048
2025-07-01,600050
2025-07-01,600061
2025-07-01,600066
2025-07-01,600085
2025-07-01,600089
2025-07-01,600104
2025-07-01,600111
2025-07-01,600115
2025-07-01,600150
2025-07-01,600160
2025-07-01,600161
2025-07-01,600176
2025-07-01,600183
2025-07-01,600188
2025-07-01,600196
2025-07-01,600219
2025-07-01,600233
2025-07-01,600276
2025-07-01,600309
2025-07-01,600332
2025-07-01,600346
2025-07-01,600362
2025-07-01,600372
2025-07-01,600377
2025-07-01,600406
2025-07-01,600415
2025-07-01,600426
2025-07-01,600436
2025-07-01,600438
2025-07-01,600460
2025-07-01,600482
2025-07-01,600489
2025-07-01,600515
2025-07-01,600519
2025-07-01,600547
2025-07-01,600570
2025-07-01,600584
2025-07-01,600585
2025-07-01,600588
2025-07-01,600600
2025-07-01,600660
2025-07-01,600674
2025-07-01,600690
2025-07-01,600741
2025-07-01,600760
2025-07-01,600795
2025-07-01,600803
2025-07-01,600809
2025-07-01,600845
2025-07-01,600875
2025-07-01,600886
2025-07-01,600887
2025-07-01,600893
2025-07-01,600900
2025-07-01,600905
2025-07-01,600918
2025-07-01,600919
2025-07-01,600926
2025-07-01,600938
2025-07-01,600941
2025-07-01,600958
2025-07-01,600989
2025-07-01,600999
2025-07-01,601006
2025-07-01,601009
2025-07-01,601012
2025-07-01,601021
2025-07-01,601058
2025-07-01,601059
2025-07-01,601066
2025-07-01,601077
2025-07-01,601088
2025-07-01,601100
2025-07-01,601111
2025-07-01,601117
2025-07-01,601127
2025-07-01,601136
2025-07-01,601138
2025-07-01,601166
2025-07-01,601169
2025-07-01,601186
2025-07-01,601211
2025-07-01,601225
2025-07-01,601229
2025-07-01,601236
2025-07-01,601238
2025-07-01,601288
2025-07-01,601318
2025-07-01,601319
2025-07-01,601328
2025-07-01,601336
2025-07-01,601360
2025-07-01,601377
2025-07-01,601390
2025-07-01,601398
2025-07-01,601600
2025-07-01,601601
2025-07-01,601607
2025-07-01,601618
2025-07-01,601628
2025-07-01,601633
2025-07-01,601658
2025-07-01,601668
2025-07-01,601669
2025-07-01,601688
2025-07-01,601689
2025-07-01,601698
2025-07-01,601699
2025-07-01,601728
2025-07-01,601766
2025-07-01,601788
2025-07-01,601799
2025-07-01,601800
2025-07-01,601808
2025-07-01,601816
2025-07-01,601818
2025-07-01,601825
2025-07-01,601838
2025-07-01,601857
2025-07-01,601865
2025-07-01,601868
2025-07-01,601872
2025-07-01,601877
2025-07-01,601878
2025-07-01,601881
2025-07-01,601888
2025-07-01,601898
2025-07-01,601899
2025-07-01,601901
2025-07-01,601916
2025-07-01,601919
2025-07-01,601939
2025-07-01,601985
2025-07-01,601988
2025-07-01,601989
2025-07-01,601995
2025-07-01,601998
2025-07-01,603019
2025-07-01,603195
2025-07-01,603259
2025-07-01,603260
2025-07-01,603288
2025-07-01,603296
2025-07-01,603369
2025-07-01,603392
2025-07-01,603501
2025-07-01,603799
2025-07-01,603806
2025-07-01,603833
2025-07-01,603986
2025-07-01,603993
2025-07-01,605117
2025-07-01,605499
2025-07-01,688008
2025-07-01,688009
2025-07-01,688012
2025-07-01,688036
2025-07-01,688041
2025-07-01,688047
2025-07-01,688082
2025-07-01,688111
2025-07-01,688126
2025-07-01,688169
2025-07-01,688187
2025-07-01,688223
2025-07-01,688256
2025-07-01,688271
2025-07-01,688303
2025-07-01,688396
2025-07-01,688472
2025-07-01,688506
2025-07-01,688599
2025-07-01,688981
2025-07-01,000001
2025-07-01,000002
2025-07-01,000063
2025-07-01,000100
2025-07-01,000157
2025-07-01,000166
2025-07-01,000301
2025-07-01,000333
2025-07-01,000338
2025-07-01,000408
2025-07-01,000425
2025-07-01,000538
2025-07-01,000568
2025-07-01,000596
2025-07-01,000617
2025-07-01,000625
2025-07-01,000630
2025-07-01,000651
2025-07-01,000661
2025-07-01,000708
2025-07-01,000725
2025-07-01,000768
2025-07-01,000776
2025-07-01,000786
2025-07-01,000792
2025-07-01,000800
2025-07-01,000807
2025-07-01,000858
2025-07-01,000876
2025-07-01,000895
2025-07-01,000938
2025-07-01,000963
2025-07-01,000975
2025-07-01,000977
2025-07-01,000983
2025-07-01,000999
2025-07-01,001289
2025-07-01,001391
2025-07-01,001965
2025-07-01,001979
2025-07-01,002001
2025-07-01,002027
2025-07-01,002028
2025-07-01,002049
2025-07-01,002050
2025-07-01,002074
2025-07-01,002129
2025-07-01,002142
2025-07-01,002179
2025-07-01,002180
2025-07-01,002230
2025-07-01,002236
2025-07-01,002241
2025-07-01,002252
2025-07-01,002304
2025-07-01,002311
2025-07-01,002352
2025-07-01,002371
2025-07-01,002415
2025-07-01,002422
2025-07-01,002459
2025-07-01,002460
2025-07-01,002463
2025-07-01,002466
2025-07-01,002475
2025-07-01,002493
2025-07-01,002594
2025-07-01,002600
2025-07-01,002601
2025-07-01,002648
2025-07-01,002709
2025-07-01,002714
2025-07-01,002736
2025-07-01,002916
2025-07-01,002920
2025-07-01,002938
2025-07-01,003816
2025-07-01,300014
2025-07-01,300015
2025-07-01,300033
2025-07-01,300059
2025-07-01,300122
2025-07-01,300124
2025-07-01,300274
2025-07-01,300308
2025-07-01,300316
2025-07-01,300347
2025-07-01,300394
2025-07-01,300408
2025-07-01,300413
2025-07-01,300418
2025-07-01,300433
2025-07-01,300442
2025-07-01,300498
2025-07-01,300502
2025-07-01,300628
2025-07-01,300661
2025-07-01,300750
2025-07-01,300759
2025-07-01,300760
2025-07-01,300782
2025-07-01,300832
2025-07-01,300896
2025-07-01,300979
2025-07-01,300999
2025-07-01,301236
2025-07-01,301269
2025-07-01,302132
2025-08-01,600000
2025-08-01,600009
2025-08-01,600010
2025-08-01,600011
2025-08-01,600015
2025-08-01,600016
2025-08-01,600018
2025-08-01,600019
2025-08-01,600023
2025-08-01,600025
2025-08-01,600026
2025-08-01,600027
2025-08-01,600028
2025-08-01,600029
2025-08-01,600030
2025-08-01,600031
2025-08-01,600036
2025-08-01,600039
2025-08-01,600048
2025-08-01,600050
2025-08-01,600061
2025-08-01,600066
2025-08-01,600085
2025-08-01,600089
2025-08-01,600104
2025-08-01,600111
2025-08-01,600115
2025-08-01,600150
2025-08-01,600160
2025-08-01,600161
2025-08-01,600176
2025-08-01,600183
2025-08-01,600188
2025-08-01,600196
2025-08-01,600219
2025-08-01,600233
2025-08-01,600276
2025-08-01,600309
2025-08-01,600332
2025-08-01,600346
2025-08-01,600362
2025-08-01,600372
2025-08-01,600377
2025-08-01,600406
2025-08-01,600415
2025-08-01,600426
2025-08-01,600436
2025-08-01,600438
2025-08-01,600460
2025-08-01,600482
2025-08-01,600489
2025-08-01,600515
2025-08-01,600519
2025-08-01,600547
2025-08-01,600570
2025-08-01,600584
2025-08-01,600585
2025-08-01,600588
2025-08-01,600600
2025-08-01,600660
2025-08-01,600674
2025-08-01,600690
2025-08-01,600741
2025-08-01,600760
2025-08-01,600795
2025-08-01,600803
2025-08-01,600809
2025-08-01,600845
2025-08-01,600875
2025-08-01,600886
2025-08-01,600887
2025-08-01,600893
2025-08-01,600900
2025-08-01,600905
2025-08-01,600918
2025-08-01,600919
2025-08-01,600926
2025-08-01,600938
2025-08-01,600941
2025-08-01,600958
2025-08-01,600989
2025-08-01,600999
2025-08-01,601006
2025-08-01,601009
2025-08-01,601012
2025-08-01,601021
2025-08-01,601058
2025-08-01,601059
2025-08-01,601066
2025-08-01,601077
2025-08-01,601088
2025-08-01,601100
2025-08-01,601111
2025-08-01,601117
2025-08-01,601127
2025-08-01,601136
2025-08-01,601138
2025-08-01,601166
2025-08-01,601169
2025-08-01,601186
2025-08-01,601211
2025-08-01,601225
2025-08-01,601229
2025-08-01,601236
2025-08-01,601238
2025-08-01,601288
2025-08-01,601318
2025-08-01,601319
2025-08-01,601328
2025-08-01,601336
2025-08-01,601360
2025-08-01,601377
2025-08-01,601390
2025-08-01,601398
2025-08-01,601600
2025-08-01,601601
2025-08-01,601607
2025-08-01,601618
2025-08-01,601628
2025-08-01,601633
2025-08-01,601658
2025-08-01,601668
2025-08-01,601669
2025-08-01,601688
2025-08-01,601689
2025-08-01,601698
2025-08-01,601699
2025-08-01,601728
2025-08-01,601766
2025-08-01,601788
2025-08-01,601799
2025-08-01,601800
2025-08-01,601808
2025-08-01,601816
2025-08-01,601818
2025-08-01,601825
2025-08-01,601838
2025-08-01,601857
2025-08-01,601865
2025-08-01,601868
2025-08-01,601872
2025-08-01,601877
2025-08-01,601878
2025-08-01,601881
2025-08-01,601888
2025-08-01,601898
2025-08-01,601899
2025-08-01,601901
2025-08-01,601916
2025-08-01,601919
2025-08-01,601939
2025-08-01,601985
2025-08-01,601988
2025-08-01,601989
2025-08-01,601995
2025-08-01,601998
2025-08-01,603019
2025-08-01,603195
2025-08-01,603259
2025-08-01,603260
2025-08-01,603288
2025-08-01,603296
2025-08-01,603369
2025-08-01,603392
2025-08-01,603501
2025-08-01,603799
2025-08-01,603806
2025-08-01,603833
2025-08-01,603986
2025-08-01,603993
2025-08-01,605117
2025-08-01,605499
2025-08-01,688008
2025-08-01,688009
2025-08-01,688012
2025-08-01,688036
2025-08-01,688041
2025-08-01,688047
2025-08-01,688082
2025-08-01,688111
2025-08-01,688126
2025-08-01,688169
2025-08-01,688187
2025-08-01,688223
2025-08-01,688256
2025-08-01,688271
2025-08-01,688303
2025-08-01,688396
2025-08-01,688472
2025-08-01,688506
2025-08-01,688599
2025-08-01,688981
2025-08-01,000001
2025-08-01,000002
2025-08-01,000063
2025-08-01,000100
2025-08-01,000157
2025-08-01,000166
2025-08-01,000301
2025-08-01,000333
2025-08-01,000338
2025-08-01,000408
2025-08-01,000425
2025-08-01,000538
2025-08-01,000568
2025-08-01,000596
2025-08-01,000617
2025-08-01,000625
2025-08-01,000630
2025-08-01,000651
2025-08-01,000661
2025-08-01,000708
2025-08-01,000725
2025-08-01,000768
2025-08-01,000776
2025-08-01,000786
2025-08-01,000792
2025-08-01,000800
2025-08-01,000807
2025-08-01,000858
2025-08-01,000876
2025-08-01,000895
2025-08-01,000938
2025-08-01,000963
2025-08-01,000975
2025-08-01,000977
2025-08-01,000983
2025-08-01,000999
2025-08-01,001289
2025-08-01,001391
2025-08-01,001965
2025-08-01,001979
2025-08-01,002001
2025-08-01,002027
2025-08-01,002028
2025-08-01,002049
2025-08-01,002050
2025-08-01,002074
2025-08-01,002129
2025-08-01,002142
2025-08-01,002179
2025-08-01,002180
2025-08-01,002230
2025-08-01,002236
2025-08-01,002241
2025-08-01,002252
2025-08-01,002304
2025-08-01,002311
2025-08-01,002352
2025-08-01,002371
2025-08-01,002415
2025-08-01,002422
2025-08-01,002459
2025-08-01,002460
2025-08-01,002463
2025-08-01,002466
2025-08-01,002475
2025-08-01,002493
2025-08-01,002594
2025-08-01,002600
2025-08-01,002601
2025-08-01,002648
2025-08-01,002709
2025-08-01,002714
2025-08-01,002736
2025-08-01,002916
2025-08-01,002920
2025-08-01,002938
2025-08-01,003816
2025-08-01,300014
2025-08-01,300015
2025-08-01,300033
2025-08-01,300059
2025-08-01,300122
2025-08-01,300124
2025-08-01,300274
2025-08-01,300308
2025-08-01,300316
2025-08-01,300347
2025-08-01,300394
2025-08-01,300408
2025-08-01,300413
2025-08-01,300418
2025-08-01,300433
2025-08-01,300442
2025-08-01,300498
2025-08-01,300502
2025-08-01,300628
2025-08-01,300661
2025-08-01,300750
2025-08-01,300759
2025-08-01,300760
2025-08-01,300782
2025-08-01,300832
2025-08-01,300896
2025-08-01,300979
2025-08-01,300999
2025-08-01,301236
2025-08-01,301269
2025-08-01,302132
2025-09-01,600000
2025-09-01,600009
2025-09-01,600010
2025-09-01,600011
2025-09-01,600015
2025-09-01,600016
2025-09-01,600018
2025-09-01,600019
2025-09-01,600023
2025-09-01,600025
2025-09-01,600026
2025-09-01,600027
2025-09-01,600028
2025-09-01,600029
2025-09-01,600030
2025-09-01,600031
2025-09-01,600036
2025-09-01,600039
2025-09-01,600048
2025-09-01,600050
2025-09-01,600061
2025-09-01,600066
2025-09-01,600085
2025-09-01,600089
2025-09-01,600104
2025-09-01,600111
2025-09-01,600115
2025-09-01,600150
2025-09-01,600160
2025-09-01,600161
2025-09-01,600176
2025-09-01,600183
2025-09-01,600188
2025-09-01,600196
2025-09-01,600219
2025-09-01,600233
2025-09-01,600276
2025-09-01,600309
2025-09-01,600332
2025-09-01,600346
2025-09-01,600362
2025-09-01,600372
2025-09-01,600377
2025-09-01,600406
2025-09-01,600415
2025-09-01,600426
2025-09-01,600436
2025-09-01,600438
2025-09-01,600460
2025-09-01,600482
2025-09-01,600489
2025-09-01,600515
2025-09-01,600519
2025-09-01,600547
2025-09-01,600570
2025-09-01,600584
2025-09-01,600585
2025-09-01,600588
2025-09-01,600600
2025-09-01,600660
2025-09-01,600674
2025-09-01,600690
2025-09-01,600741
2025-09-01,600760
2025-09-01,600795
2025-09-01,600803
2025-09-01,600809
2025-09-01,600845
2025-09-01,600875
2025-09-01,600886
2025-09-01,600887
2025-09-01,600893
2025-09-01,600900
2025-09-01,600905
2025-09-01,600918
2025-09-01,600919
2025-09-01,600926
2025-09-01,600938
2025-09-01,600941
2025-09-01,600958
2025-09-01,600989
2025-09-01,600999
2025-09-01,601006
2025-09-01,601009
2025-09-01,601012
2025-09-01,601021
2025-09-01,601058
2025-09-01,601059
2025-09-01,601066
2025-09-01,601077
2025-09-01,601088
2025-09-01,601100
2025-09-01,601111
2025-09-01,601117
2025-09-01,601127
2025-09-01,601136
2025-09-01,601138
2025-09-01,601166
2025-09-01,601169
2025-09-01,601186
2025-09-01,601211
2025-09-01,601225
2025-09-01,601229
2025-09-01,601236
2025-09-01,601238
2025-09-01,601288
2025-09-01,601318
2025-09-01,601319
2025-09-01,601328
2025-09-01,601336
2025-09-01,601360
2025-09-01,601377
2025-09-01,601390
2025-09-01,601398
2025-09-01,601600
2025-09-01,601601
2025-09-01,601607
2025-09-01,601618
2025-09-01,601628
2025-09-01,601633
2025-09-01,601658
2025-09-01,601668
2025-09-01,601669
2025-09-01,601688
2025-09-01,601689
2025-09-01,601698
2025-09-01,601699
2025-09-01,601728
2025-09-01,601766
2025-09-01,601788
2025-09-01,601799
2025-09-01,601800
2025-09-01,601808
2025-09-01,601816
2025-09-01,601818
2025-09-01,601825
2025-09-01,601838
2025-09-01,601857
2025-09-01,601865
2025-09-01,601868
2025-09-01,601872
2025-09-01,601877
2025-09-01,601878
2025-09-01,601881
2025-09-01,601888
2025-09-01,601898
2025-09-01,601899
2025-09-01,601901
2025-09-01,601916
2025-09-01,601919
2025-09-01,601939
2025-09-01,601985
2025-09-01,601988
2025-09-01,601989
2025-09-01,601995
2025-09-01,601998
2025-09-01,603019
2025-09-01,603195
2025-09-01,603259
2025-09-01,603260
2025-09-01,603288
2025-09-01,603296
2025-09-01,603369
2025-09-01,603392
2025-09-01,603501
2025-09-01,603799
2025-09-01,603806
2025-09-01,603833
2025-09-01,603986
2025-09-01,603993
2025-09-01,605117
2025-09-01,605499
2025-09-01,688008
2025-09-01,688009
2025-09-01,688012
2025-09-01,688036
2025-09-01,688041
2025-09-01,688047
2025-09-01,688082
2025-09-01,688111
2025-09-01,688126
2025-09-01,688169
2025-09-01,688187
2025-09-01,688223
2025-09-01,688256
2025-09-01,688271
2025-09-01,688303
2025-09-01,688396
2025-09-01,688472
2025-09-01,688506
2025-09-01,688599
2025-09-01,688981
2025-09-01,000001
2025-09-01,000002
2025-09-01,000063
2025-09-01,000100
2025-09-01,000157
2025-09-01,000166
2025-09-01,000301
2025-09-01,000333
2025-09-01,000338
2025-09-01,000408
2025-09-01,000425
2025-09-01,000538
2025-09-01,000568
2025-09-01,000596
2025-09-01,000617
2025-09-01,000625
2025-09-01,000630
2025-09-01,000651
2025-09-01,000661
2025-09-01,000708
2025-09-01,000725
2025-09-01,000768
2025-09-01,000776
2025-09-01,000786
2025-09-01,000792
2025-09-01,000800
2025-09-01,000807
2025-09-01,000858
2025-09-01,000876
2025-09-01,000895
2025-09-01,000938
2025-09-01,000963
2025-09-01,000975
2025-09-01,000977
2025-09-01,000983
2025-09-01,000999
2025-09-01,001289
2025-09-01,001391
2025-09-01,001965
2025-09-01,001979
2025-09-01,002001
2025-09-01,002027
2025-09-01,002028
2025-09-01,002049
2025-09-01,002050
2025-09-01,002074
2025-09-01,002129
2025-09-01,002142
2025-09-01,002179
2025-09-01,002180
2025-09-01,002230
2025-09-01,002236
2025-09-01,002241
2025-09-01,002252
2025-09-01,002304
2025-09-01,002311
2025-09-01,002352
2025-09-01,002371
2025-09-01,002415
2025-09-01,002422
2025-09-01,002459
2025-09-01,002460
2025-09-01,002463
2025-09-01,002466
2025-09-01,002475
2025-09-01,002493
2025-09-01,002594
2025-09-01,002600
2025-09-01,002601
2025-09-01,002648
2025-09-01,002709
2025-09-01,002714
2025-09-01,002736
2025-09-01,002916
2025-09-01,002920
2025-09-01,002938
2025-09-01,003816
2025-09-01,300014
2025-09-01,300015
2025-09-01,300033
2025-09-01,300059
2025-09-01,300122
2025-09-01,300124
2025-09-01,300274
2025-09-01,300308
2025-09-01,300316
2025-09-01,300347
2025-09-01,300394
2025-09-01,300408
2025-09-01,300413
2025-09-01,300418
2025-09-01,300433
2025-09-01,300442
2025-09-01,300498
2025-09-01,300502
2025-09-01,300628
2025-09-01,300661
2025-09-01,300750
2025-09-01,300759
2025-09-01,300760
2025-09-01,300782
2025-09-01,300832
2025-09-01,300896
2025-09-01,300979
2025-09-01,300999
2025-09-01,301236
2025-09-01,301269
2025-09-01,302132
2025-10-01,600000
2025-10-01,600009
2025-10-01,600010
2025-10-01,600011
2025-10-01,600015
2025-10-01,600016
2025-10-01,600018
2025-10-01,600019
2025-10-01,600023
2025-10-01,600025
2025-10-01,600026
2025-10-01,600027
2025-10-01,600028
2025-10-01,600029
2025-10-01,600030
2025-10-01,600031
2025-10-01,600036
2025-10-01,600039
2025-10-01,600048
2025-10-01,600050
2025-10-01,600061
2025-10-01,600066
2025-10-01,600085
2025-10-01,600089
2025-10-01,600104
2025-10-01,600111
2025-10-01,600115
2025-10-01,600150
2025-10-01,600160
2025-10-01,600161
2025-10-01,600176
2025-10-01,600183
2025-10-01,600188
2025-10-01,600196
2025-10-01,600219
2025-10-01,600233
2025-10-01,600276
2025-10-01,600309
2025-10-01,600332
2025-10-01,600346
2025-10-01,600362
2025-10-01,600372
2025-10-01,600377
2025-10-01,600406
2025-10-01,600415
2025-10-01,600426
2025-10-01,600436
2025-10-01,600438
2025-10-01,600460
2025-10-01,600482
2025-10-01,600489
2025-10-01,600515
2025-10-01,600519
2025-10-01,600547
2025-10-01,600570
2025-10-01,600584
2025-10-01,600585
2025-10-01,600588
2025-10-01,600600
2025-10-01,600660
2025-10-01,600674
2025-10-01,600690
2025-10-01,600741
2025-10-01,600760
2025-10-01,600795
2025-10-01,600803
2025-10-01,600809
2025-10-01,600845
2025-10-01,600875
2025-10-01,600886
2025-10-01,600887
2025-10-01,600893
2025-10-01,600900
2025-10-01,600905
2025-10-01,600918
2025-10-01,600919
2025-10-01,600926
2025-10-01,600938
2025-10-01,600941
2025-10-01,600958
2025-10-01,600989
2025-10-01,600999
2025-10-01,601006
2025-10-01,601009
2025-10-01,601012
2025-10-01,601021
2025-10-01,601058
2025-10-01,601059
2025-10-01,601066
2025-10-01,601077
2025-10-01,601088
2025-10-01,601100
2025-10-01,601111
2025-10-01,601117
2025-10-01,601127
2025-10-01,601136
2025-10-01,601138
2025-10-01,601166
2025-10-01,601169
2025-10-01,601186
2025-10-01,601211
2025-10-01,601225
2025-10-01,601229
2025-10-01,601236
2025-10-01,601238
2025-10-01,601288
2025-10-01,601298
2025-10-01,601318
2025-10-01,601319
2025-10-01,601328
2025-10-01,601336
2025-10-01,601360
2025-10-01,601377
2025-10-01,601390
2025-10-01,601398
2025-10-01,601600
2025-10-01,601601
2025-10-01,601607
2025-10-01,601618
2025-10-01,601628
2025-10-01,601633
2025-10-01,601658
2025-10-01,601668
2025-10-01,601669
2025-10-01,601688
2025-10-01,601689
2025-10-01,601698
2025-10-01,601699
2025-10-01,601728
2025-10-01,601766
2025-10-01,601788
2025-10-01,601799
2025-10-01,601800
2025-10-01,601808
2025-10-01,601816
2025-10-01,601818
2025-10-01,601825
2025-10-01,601838
2025-10-01,601857
2025-10-01,601865
2025-10-01,601868
2025-10-01,601872
2025-10-01,601877
2025-10-01,601878
2025-10-01,601881
2025-10-01,601888
2025-10-01,601898
2025-10-01,601899
2025-10-01,601901
2025-10-01,601916
2025-10-01,601919
2025-10-01,601939
2025-10-01,601985
2025-10-01,601988
2025-10-01,601995
2025-10-01,601998
2025-10-01,603019
2025-10-01,603195
2025-10-01,603259
2025-10-01,603260
2025-10-01,603288
2025-10-01,603296
2025-10-01,603369
2025-10-01,603392
2025-10-01,603501
2025-10-01,603799
2025-10-01,603806
2025-10-01,603833
2025-10-01,603986
2025-10-01,603993
2025-10-01,605117
2025-10-01,605499
2025-10-01,688008
2025-10-01,688009
2025-10-01,688012
2025-10-01,688036
2025-10-01,688041
2025-10-01,688047
2025-10-01,688082
2025-10-01,688111
2025-10-01,688126
2025-10-01,688169
2025-10-01,688187
2025-10-01,688223
2025-10-01,688256
2025-10-01,688271
2025-10-01,688303
2025-10-01,688396
2025-10-01,688472
2025-10-01,688506
2025-10-01,688599
2025-10-01,688981
2025-10-01,000001
2025-10-01,000002
2025-10-01,000063
2025-10-01,000100
2025-10-01,000157
2025-10-01,000166
2025-10-01,000301
2025-10-01,000333
2025-10-01,000338
2025-10-01,000408
2025-10-01,000425
2025-10-01,000538
2025-10-01,000568
2025-10-01,000596
2025-10-01,000617
2025-10-01,000625
2025-10-01,000630
2025-10-01,000651
2025-10-01,000661
2025-10-01,000708
2025-10-01,000725
2025-10-01,000768
2025-10-01,000776
2025-10-01,000786
2025-10-01,000792
2025-10-01,000800
2025-10-01,000807
2025-10-01,000858
2025-10-01,000876
2025-10-01,000895
2025-10-01,000938
2025-10-01,000963
2025-10-01,000975
2025-10-01,000977
2025-10-01,000983
2025-10-01,000999
2025-10-01,001289
2025-10-01,001391
2025-10-01,001965
2025-10-01,001979
2025-10-01,002001
2025-10-01,002027
2025-10-01,002028
2025-10-01,002049
2025-10-01,002050
2025-10-01,002074
2025-10-01,002129
2025-10-01,002142
2025-10-01,002179
2025-10-01,002180
2025-10-01,002230
2025-10-01,002236
2025-10-01,002241
2025-10-01,002252
2025-10-01,002304
2025-10-01,002311
2025-10-01,002352
2025-10-01,002371
2025-10-01,002415
2025-10-01,002422
2025-10-01,002459
2025-10-01,002460
2025-10-01,002463
2025-10-01,002466
2025-10-01,002475
2025-10-01,002493
2025-10-01,002594
2025-10-01,002600
2025-10-01,002601
2025-10-01,002648
2025-10-01,002709
2025-10-01,002714
2025-10-01,002736
2025-10-01,002916
2025-10-01,002920
2025-10-01,002938
2025-10-01,003816
2025-10-01,300014
2025-10-01,300015
2025-10-01,300033
2025-10-01,300059
2025-10-01,300122
2025-10-01,300124
2025-10-01,300274
2025-10-01,300308
2025-10-01,300316
2025-10-01,300347
2025-10-01,300394
2025-10-01,300408
2025-10-01,300413
2025-10-01,300418
2025-10-01,300433
2025-10-01,300442
2025-10-01,300498
2025-10-01,300502
2025-10-01,300628
2025-10-01,300661
2025-10-01,300750
2025-10-01,300759
2025-10-01,300760
2025-10-01,300782
2025-10-01,300832
2025-10-01,300896
2025-10-01,300979
2025-10-01,300999
2025-10-01,301236
2025-10-01,301269
2025-10-01,302132
2025-11-01,600000
2025-11-01,600009
2025-11-01,600010
2025-11-01,600011
2025-11-01,600015
2025-11-01,600016
2025-11-01,600018
2025-11-01,600019
2025-11-01,600023
2025-11-01,600025
2025-11-01,600026
2025-11-01,600027
2025-11-01,600028
2025-11-01,600029
2025-11-01,600030
2025-11-01,600031
2025-11-01,600036
2025-11-01,600039
2025-11-01,600048
2025-11-01,600050
2025-11-01,600061
2025-11-01,600066
2025-11-01,600085
2025-11-01,600089
2025-11-01,600104
2025-11-01,600111
2025-11-01,600115
2025-11-01,600150
2025-11-01,600160
2025-11-01,600161
2025-11-01,600176
2025-11-01,600183
2025-11-01,600188
2025-11-01,600196
2025-11-01,600219
2025-11-01,600233
2025-11-01,600276
2025-11-01,600309
2025-11-01,600332
2025-11-01,600346
2025-11-01,600362
2025-11-01,600372
2025-11-01,600377
2025-11-01,600406
2025-11-01,600415
2025-11-01,600426
2025-11-01,600436
2025-11-01,600438
2025-11-01,600460
2025-11-01,600482
2025-11-01,600489
2025-11-01,600515
2025-11-01,600519
2025-11-01,600547
2025-11-01,600570
2025-11-01,600584
2025-11-01,600585
2025-11-01,600588
2025-11-01,600600
2025-11-01,600660
2025-11-01,600674
2025-11-01,600690
2025-11-01,600741
2025-11-01,600760
2025-11-01,600795
2025-11-01,600803
2025-11-01,600809
2025-11-01,600845
2025-11-01,600875
2025-11-01,600886
2025-11-01,600887
2025-11-01,600893
2025-11-01,600900
2025-11-01,600905
2025-11-01,600918
2025-11-01,600919
2025-11-01,600926
2025-11-01,600938
2025-11-01,600941
2025-11-01,600958
2025-11-01,600989
2025-11-01,600999
2025-11-01,601006
2025-11-01,601009
2025-11-01,601012
2025-11-01,601021
2025-11-01,601058
2025-11-01,601059
2025-11-01,601066
2025-11-01,601077
2025-11-01,601088
2025-11-01,601100
2025-11-01,601111
2025-11-01,601117
2025-11-01,601127
2025-11-01,601136
2025-11-01,601138
2025-11-01,601166
2025-11-01,601169
2025-11-01,601186
2025-11-01,601211
2025-11-01,601225
2025-11-01,601229
2025-11-01,601236
2025-11-01,601238
2025-11-01,601288
2025-11-01,601298
2025-11-01,601318
2025-11-01,601319
2025-11-01,601328
2025-11-01,601336
2025-11-01,601360
2025-11-01,601377
2025-11-01,601390
2025-11-01,601398
2025-11-01,601600
2025-11-01,601601
2025-11-01,601607
2025-11-01,601618
2025-11-01,601628
2025-11-01,601633
2025-11-01,601658
2025-11-01,601668
2025-11-01,601669
2025-11-01,601688
2025-11-01,601689
2025-11-01,601698
2025-11-01,601699
2025-11-01,601728
2025-11-01,601766
2025-11-01,601788
2025-11-01,601799
2025-11-01,601800
2025-11-01,601808
2025-11-01,601816
2025-11-01,601818
2025-11-01,601825
2025-11-01,601838
2025-11-01,601857
2025-11-01,601865
2025-11-01,601868
2025-11-01,601872
2025-11-01,601877
2025-11-01,601878
2025-11-01,601881
2025-11-01,601888
2025-11-01,601898
2025-11-01,601899
2025-11-01,601901
2025-11-01,601916
2025-11-01,601919
2025-11-01,601939
2025-11-01,601985
2025-11-01,601988
2025-11-01,601995
2025-11-01,601998
2025-11-01,603019
2025-11-01,603195
2025-11-01,603259
2025-11-01,603260
2025-11-01,603288
2025-11-01,603296
2025-11-01,603369
2025-11-01,603392
2025-11-01,603501
2025-11-01,603799
2025-11-01,603806
2025-11-01,603833
2025-11-01,603986
2025-11-01,603993
2025-11-01,605117
2025-11-01,605499
2025-11-01,688008
2025-11-01,688009
2025-11-01,688012
2025-11-01,688036
2025-11-01,688041
2025-11-01,688047
2025-11-01,688082
2025-11-01,688111
2025-11-01,688126
2025-11-01,688169
2025-11-01,688187
2025-11-01,688223
2025-11-01,688256
2025-11-01,688271
2025-11-01,688303
2025-11-01,688396
2025-11-01,688472
2025-11-01,688506
2025-11-01,688599
2025-11-01,688981
2025-11-01,000001
2025-11-01,000002
2025-11-01,000063
2025-11-01,000100
2025-11-01,000157
2025-11-01,000166
2025-11-01,000301
2025-11-01,000333
2025-11-01,000338
2025-11-01,000408
2025-11-01,000425
2025-11-01,000538
2025-11-01,000568
2025-11-01,000596
2025-11-01,000617
2025-11-01,000625
2025-11-01,000630
2025-11-01,000651
2025-11-01,000661
2025-11-01,000708
2025-11-01,000725
2025-11-01,000768
2025-11-01,000776
2025-11-01,000786
2025-11-01,000792
2025-11-01,000800
2025-11-01,000807
2025-11-01,000858
2025-11-01,000876
2025-11-01,000895
2025-11-01,000938
2025-11-01,000963
2025-11-01,000975
2025-11-01,000977
2025-11-01,000983
2025-11-01,000999
2025-11-01,001289
2025-11-01,001391
2025-11-01,001965
2025-11-01,001979
2025-11-01,002001
2025-11-01,002027
2025-11-01,002028
2025-11-01,002049
2025-11-01,002050
2025-11-01,002074
2025-11-01,002129
2025-11-01,002142
2025-11-01,002179
2025-11-01,002180
2025-11-01,002230
2025-11-01,002236
2025-11-01,002241
2025-11-01,002252
2025-11-01,002304
2025-11-01,002311
2025-11-01,002352
2025-11-01,002371
2025-11-01,002415
2025-11-01,002422
2025-11-01,002459
2025-11-01,002460
2025-11-01,002463
2025-11-01,002466
2025-11-01,002475
2025-11-01,002493
2025-11-01,002594
2025-11-01,002600
2025-11-01,002601
2025-11-01,002648
2025-11-01,002709
2025-11-01,002714
2025-11-01,002736
2025-11-01,002916
2025-11-01,002920
2025-11-01,002938
2025-11-01,003816
2025-11-01,300014
2025-11-01,300015
2025-11-01,300033
2025-11-01,300059
2025-11-01,300122
2025-11-01,300124
2025-11-01,300274
2025-11-01,300308
2025-11-01,300316
2025-11-01,300347
2025-11-01,300394
2025-11-01,300408
2025-11-01,300413
2025-11-01,300418
2025-11-01,300433
2025-11-01,300442
2025-11-01,300498
2025-11-01,300502
2025-11-01,300628
2025-11-01,300661
2025-11-01,300750
2025-11-01,300759
2025-11-01,300760
2025-11-01,300782
2025-11-01,300832
2025-11-01,300896
2025-11-01,300979
2025-11-01,300999
2025-11-01,301236
2025-11-01,301269
2025-11-01,302132
2025-12-01,600000
2025-12-01,600009
2025-12-01,600010
2025-12-01,600011
2025-12-01,600015
2025-12-01,600016
2025-12-01,600018
2025-12-01,600019
2025-12-01,600023
2025-12-01,600025
2025-12-01,600026
2025-12-01,600027
2025-12-01,600028
2025-12-01,600029
2025-12-01,600030
2025-12-01,600031
2025-12-01,600036
2025-12-01,600039
2025-12-01,600048
2025-12-01,600050
2025-12-01,600061
2025-12-01,600066
2025-12-01,600085
2025-12-01,600089
2025-12-01,600104
2025-12-01,600111
2025-12-01,600115
2025-12-01,600150
2025-12-01,600160
2025-12-01,600161
2025-12-01,600176
2025-12-01,600183
2025-12-01,600188
2025-12-01,600196
2025-12-01,600219
2025-12-01,600233
2025-12-01,600276
2025-12-01,600309
2025-12-01,600332
2025-12-01,600346
2025-12-01,600362
2025-12-01,600372
2025-12-01,600377
2025-12-01,600406
2025-12-01,600415
2025-12-01,600426
2025-12-01,600436
2025-12-01,600438
2025-12-01,600460
2025-12-01,600482
2025-12-01,600489
2025-12-01,600515
2025-12-01,600519
2025-12-01,600547
2025-12-01,600570
2025-12-01,600584
2025-12-01,600585
2025-12-01,600588
2025-12-01,600600
2025-12-01,600660
2025-12-01,600674
2025-12-01,600690
2025-12-01,600741
2025-12-01,600760
2025-12-01,600795
2025-12-01,600803
2025-12-01,600809
2025-12-01,600845
2025-12-01,600875
2025-12-01,600886
2025-12-01,600887
2025-12-01,600893
2025-12-01,600900
2025-12-01,600905
2025-12-01,600918
2025-12-01,600919
2025-12-01,600926
2025-12-01,600938
2025-12-01,600941
2025-12-01,600958
2025-12-01,600989
2025-12-01,600999
2025-12-01,601006
2025-12-01,601009
2025-12-01,601012
2025-12-01,601021
2025-12-01,601058
2025-12-01,601059
2025-12-01,601066
2025-12-01,601077
2025-12-01,601088
2025-12-01,601100
2025-12-01,601111
2025-12-01,601117
2025-12-01,601127
2025-12-01,601136
2025-12-01,601138
2025-12-01,601166
2025-12-01,601169
2025-12-01,601186
2025-12-01,601211
2025-12-01,601225
2025-12-01,601229
2025-12-01,601236
2025-12-01,601238
2025-12-01,601288
2025-12-01,601298
2025-12-01,601318
2025-12-01,601319
2025-12-01,601328
2025-12-01,601336
2025-12-01,601360
2025-12-01,601377
2025-12-01,601390
2025-12-01,601398
2025-12-01,601600
2025-12-01,601601
2025-12-01,601607
2025-12-01,601618
2025-12-01,601628
2025-12-01,601633
2025-12-01,601658
2025-12-01,601668
2025-12-01,601669
2025-12-01,601688
2025-12-01,601689
2025-12-01,601698
2025-12-01,601699
2025-12-01,601728
2025-12-01,601766
2025-12-01,601788
2025-12-01,601799
2025-12-01,601800
2025-12-01,601808
2025-12-01,601816
2025-12-01,601818
2025-12-01,601825
2025-12-01,601838
2025-12-01,601857
2025-12-01,601865
2025-12-01,601868
2025-12-01,601872
2025-12-01,601877
2025-12-01,601878
2025-12-01,601881
2025-12-01,601888
2025-12-01,601898
2025-12-01,601899
2025-12-01,601901
2025-12-01,601916
2025-12-01,601919
2025-12-01,601939
2025-12-01,601985
2025-12-01,601988
2025-12-01,601995
2025-12-01,601998
2025-12-01,603019
2025-12-01,603195
2025-12-01,603259
2025-12-01,603260
2025-12-01,603288
2025-12-01,603296
2025-12-01,603369
2025-12-01,603392
2025-12-01,603501
2025-12-01,603799
2025-12-01,603806
2025-12-01,603833
2025-12-01,603986
2025-12-01,603993
2025-12-01,605117
2025-12-01,605499
2025-12-01,688008
2025-12-01,688009
2025-12-01,688012
2025-12-01,688036
2025-12-01,688041
2025-12-01,688047
2025-12-01,688082
2025-12-01,688111
2025-12-01,688126
2025-12-01,688169
2025-12-01,688187
2025-12-01,688223
2025-12-01,688256
2025-12-01,688271
2025-12-01,688303
2025-12-01,688396
2025-12-01,688472
2025-12-01,688506
2025-12-01,688599
2025-12-01,688981
2025-12-01,000001
2025-12-01,000002
2025-12-01,000063
2025-12-01,000100
2025-12-01,000157
2025-12-01,000166
2025-12-01,000301
2025-12-01,000333
2025-12-01,000338
2025-12-01,000408
2025-12-01,000425
2025-12-01,000538
2025-12-01,000568
2025-12-01,000596
2025-12-01,000617
2025-12-01,000625
2025-12-01,000630
2025-12-01,000651
2025-12-01,000661
2025-12-01,000708
2025-12-01,000725
2025-12-01,000768
2025-12-01,000776
2025-12-01,000786
2025-12-01,000792
2025-12-01,000800
2025-12-01,000807
2025-12-01,000858
2025-12-01,000876
2025-12-01,000895
2025-12-01,000938
2025-12-01,000963
2025-12-01,000975
2025-12-01,000977
2025-12-01,000983
2025-12-01,000999
2025-12-01,001289
2025-12-01,001391
2025-12-01,001965
2025-12-01,001979
2025-12-01,002001
2025-12-01,002027
2025-12-01,002028
2025-12-01,002049
2025-12-01,002050
2025-12-01,002074
2025-12-01,002129
2025-12-01,002142
2025-12-01,002179
2025-12-01,002180
2025-12-01,002230
2025-12-01,002236
2025-12-01,002241
2025-12-01,002252
2025-12-01,002304
2025-12-01,002311
2025-12-01,002352
2025-12-01,002371
2025-12-01,002415
2025-12-01,002422
2025-12-01,002459
2025-12-01,002460
2025-12-01,002463
2025-12-01,002466
2025-12-01,002475
2025-12-01,002493
2025-12-01,002594
2025-12-01,002600
2025-12-01,002601
2025-12-01,002648
2025-12-01,002709
2025-12-01,002714
2025-12-01,002736
2025-12-01,002916
2025-12-01,002920
2025-12-01,002938
2025-12-01,003816
2025-12-01,300014
2025-12-01,300015
2025-12-01,300033
2025-12-01,300059
2025-12-01,300122
2025-12-01,300124
2025-12-01,300274
2025-12-01,300308
2025-12-01,300316
2025-12-01,300347
2025-12-01,300394
2025-12-01,300408
2025-12-01,300413
2025-12-01,300418
2025-12-01,300433
2025-12-01,300442
2025-12-01,300498
2025-12-01,300502
2025-12-01,300628
2025-12-01,300661
2025-12-01,300750
2025-12-01,300759
2025-12-01,300760
2025-12-01,300782
2025-12-01,300832
2025-12-01,300896
2025-12-01,300979
2025-12-01,300999
2025-12-01,301236
2025-12-01,301269
2025-12-01,302132
2026-01-01,600000
2026-01-01,600009
2026-01-01,600010
2026-01-01,600011
2026-01-01,600015
2026-01-01,600016
2026-01-01,600018
2026-01-01,600019
2026-01-01,600023
2026-01-01,600025
2026-01-01,600026
2026-01-01,600027
2026-01-01,600028
2026-01-01,600029
2026-01-01,600030
2026-01-01,600031
2026-01-01,600036
2026-01-01,600039
2026-01-01,600048
2026-01-01,600050
2026-01-01,600061
2026-01-01,600066
2026-01-01,600085
2026-01-01,600089
2026-01-01,600104
2026-01-01,600111
2026-01-01,600115
2026-01-01,600150
2026-01-01,600160
2026-01-01,600161
2026-01-01,600176
2026-01-01,600183
2026-01-01,600188
2026-01-01,600196
2026-01-01,600219
2026-01-01,600233
2026-01-01,600276
2026-01-01,600309
2026-01-01,600346
2026-01-01,600362
2026-01-01,600372
2026-01-01,600377
2026-01-01,600406
2026-01-01,600415
2026-01-01,600426
2026-01-01,600436
2026-01-01,600438
2026-01-01,600460
2026-01-01,600482
2026-01-01,600489
2026-01-01,600515
2026-01-01,600519
2026-01-01,600522
2026-01-01,600547
2026-01-01,600570
2026-01-01,600584
2026-01-01,600585
2026-01-01,600588
2026-01-01,600600
2026-01-01,600660
2026-01-01,600674
2026-01-01,600690
2026-01-01,600741
2026-01-01,600760
2026-01-01,600795
2026-01-01,600803
2026-01-01,600809
2026-01-01,600845
2026-01-01,600875
2026-01-01,600886
2026-01-01,600887
2026-01-01,600893
2026-01-01,600900
2026-01-01,600905
2026-01-01,600918
2026-01-01,600919
2026-01-01,600926
2026-01-01,600930
2026-01-01,600938
2026-01-01,600941
2026-01-01,600958
2026-01-01,600989
2026-01-01,600999
2026-01-01,601006
2026-01-01,601009
2026-01-01,601012
2026-01-01,601018
2026-01-01,601021
2026-01-01,601058
2026-01-01,601059
2026-01-01,601066
2026-01-01,601077
2026-01-01,601088
2026-01-01,601100
2026-01-01,601111
2026-01-01,601117
2026-01-01,601127
2026-01-01,601136
2026-01-01,601138
2026-01-01,601166
2026-01-01,601169
2026-01-01,601186
2026-01-01,601211
2026-01-01,601225
2026-01-01,601229
2026-01-01,601236
2026-01-01,601238
2026-01-01,601288
2026-01-01,601298
2026-01-01,601318
2026-01-01,601319
2026-01-01,601328
2026-01-01,601336
2026-01-01,601360
2026-01-01,601377
2026-01-01,601390
2026-01-01,601398
2026-01-01,601456
2026-01-01,601600
2026-01-01,601601
2026-01-01,601607
2026-01-01,601618
2026-01-01,601628
2026-01-01,601633
2026-01-01,601658
2026-01-01,601668
2026-01-01,601669
2026-01-01,601688
2026-01-01,601689
2026-01-01,601698
2026-01-01,601728
2026-01-01,601766
2026-01-01,601788
2026-01-01,601800
2026-01-01,601808
2026-01-01,601816
2026-01-01,601818
2026-01-01,601825
2026-01-01,601838
2026-01-01,601857
2026-01-01,601868
2026-01-01,601872
2026-01-01,601877
2026-01-01,601878
2026-01-01,601881
2026-01-01,601888
2026-01-01,601898
2026-01-01,601899
2026-01-01,601901
2026-01-01,601916
2026-01-01,601919
2026-01-01,601939
2026-01-01,601985
2026-01-01,601988
2026-01-01,601995
2026-01-01,601998
2026-01-01,603019
2026-01-01,603195
2026-01-01,603259
2026-01-01,603260
2026-01-01,603288
2026-01-01,603296
2026-01-01,603369
2026-01-01,603392
2026-01-01,603501
2026-01-01,603799
2026-01-01,603893
2026-01-01,603986
2026-01-01,603993
2026-01-01,605117
2026-01-01,605499
2026-01-01,688008
2026-01-01,688009
2026-01-01,688012
2026-01-01,688036
2026-01-01,688041
2026-01-01,688047
2026-01-01,688082
2026-01-01,688111
2026-01-01,688126
2026-01-01,688169
2026-01-01,688187
2026-01-01,688223
2026-01-01,688256
2026-01-01,688271
2026-01-01,688303
2026-01-01,688396
2026-01-01,688472
2026-01-01,688506
2026-01-01,688981
2026-01-01,000001
2026-01-01,000002
2026-01-01,000063
2026-01-01,000100
2026-01-01,000157
2026-01-01,000166
2026-01-01,000301
2026-01-01,000333
2026-01-01,000338
2026-01-01,000408
2026-01-01,000425
2026-01-01,000538
2026-01-01,000568
2026-01-01,000596
2026-01-01,000617
2026-01-01,000625
2026-01-01,000630
2026-01-01,000651
2026-01-01,000661
2026-01-01,000708
2026-01-01,000725
2026-01-01,000768
2026-01-01,000776
2026-01-01,000786
2026-01-01,000792
2026-01-01,000807
2026-01-01,000858
2026-01-01,000876
2026-01-01,000895
2026-01-01,000938
2026-01-01,000963
2026-01-01,000975
2026-01-01,000977
2026-01-01,000983
2026-01-01,000999
2026-01-01,001391
2026-01-01,001965
2026-01-01,001979
2026-01-01,002001
2026-01-01,002027
2026-01-01,002028
2026-01-01,002049
2026-01-01,002050
2026-01-01,002074
2026-01-01,002142
2026-01-01,002179
2026-01-01,002230
2026-01-01,002236
2026-01-01,002241
2026-01-01,002252
2026-01-01,002304
2026-01-01,002311
2026-01-01,002352
2026-01-01,002371
2026-01-01,002384
2026-01-01,002415
2026-01-01,002422
2026-01-01,002459
2026-01-01,002460
2026-01-01,002463
2026-01-01,002466
2026-01-01,002475
2026-01-01,002493
2026-01-01,002594
2026-01-01,002600
2026-01-01,002601
2026-01-01,002625
2026-01-01,002648
2026-01-01,002709
2026-01-01,002714
2026-01-01,002736
2026-01-01,002916
2026-01-01,002920
2026-01-01,002938
2026-01-01,003816
2026-01-01,300014
2026-01-01,300015
2026-01-01,300033
2026-01-01,300059
2026-01-01,300122
2026-01-01,300124
2026-01-01,300251
2026-01-01,300274
2026-01-01,300308
2026-01-01,300316
2026-01-01,300347
2026-01-01,300394
2026-01-01,300408
2026-01-01,300413
2026-01-01,300418
2026-01-01,300433
2026-01-01,300442
2026-01-01,300476
2026-01-01,300498
2026-01-01,300502
2026-01-01,300628
2026-01-01,300661
2026-01-01,300750
2026-01-01,300759
2026-01-01,300760
2026-01-01,300782
2026-01-01,300803
2026-01-01,300832
2026-01-01,300866
2026-01-01,300896
2026-01-01,300979
2026-01-01,300999
2026-01-01,301236
2026-01-01,301269
2026-01-01,302132
2026-02-01,600000
2026-02-01,600009
2026-02-01,600010
2026-02-01,600011
2026-02-01,600015
2026-02-01,600016
2026-02-01,600018
2026-02-01,600019
2026-02-01,600023
2026-02-01,600025
2026-02-01,600026
2026-02-01,600027
2026-02-01,600028
2026-02-01,600029
2026-02-01,600030
2026-02-01,600031
2026-02-01,600036
2026-02-01,600039
2026-02-01,600048
2026-02-01,600050
2026-02-01,600061
2026-02-01,600066
2026-02-01,600085
2026-02-01,600089
2026-02-01,600104
2026-02-01,600111
2026-02-01,600115
2026-02-01,600150
2026-02-01,600160
2026-02-01,600161
2026-02-01,600176
2026-02-01,600183
2026-02-01,600188
2026-02-01,600196
2026-02-01,600219
2026-02-01,600233
2026-02-01,600276
2026-02-01,600309
2026-02-01,600346
2026-02-01,600362
2026-02-01,600372
2026-02-01,600377
2026-02-01,600406
2026-02-01,600415
2026-02-01,600426
2026-02-01,600436
2026-02-01,600438
2026-02-01,600460
2026-02-01,600482
2026-02-01,600489
2026-02-01,600515
2026-02-01,600519
2026-02-01,600522
2026-02-01,600547
2026-02-01,600570
2026-02-01,600584
2026-02-01,600585
2026-02-01,600588
2026-02-01,600600
2026-02-01,600660
2026-02-01,600674
2026-02-01,600690
2026-02-01,600741
2026-02-01,600760
2026-02-01,600795
2026-02-01,600803
2026-02-01,600809
2026-02-01,600845
2026-02-01,600875
2026-02-01,600886
2026-02-01,600887
2026-02-01,600893
2026-02-01,600900
2026-02-01,600905
2026-02-01,600918
2026-02-01,600919
2026-02-01,600926
2026-02-01,600930
2026-02-01,600938
2026-02-01,600941
2026-02-01,600958
2026-02-01,600989
2026-02-01,600999
2026-02-01,601006
2026-02-01,601009
2026-02-01,601012
2026-02-01,601018
2026-02-01,601021
2026-02-01,601058
2026-02-01,601059
2026-02-01,601066
2026-02-01,601077
2026-02-01,601088
2026-02-01,601100
2026-02-01,601111
2026-02-01,601117
2026-02-01,601127
2026-02-01,601136
2026-02-01,601138
2026-02-01,601166
2026-02-01,601169
2026-02-01,601186
2026-02-01,601211
2026-02-01,601225
2026-02-01,601229
2026-02-01,601236
2026-02-01,601238
2026-02-01,601288
2026-02-01,601298
2026-02-01,601318
2026-02-01,601319
2026-02-01,601328
2026-02-01,601336
2026-02-01,601360
2026-02-01,601377
2026-02-01,601390
2026-02-01,601398
2026-02-01,601456
2026-02-01,601600
2026-02-01,601601
2026-02-01,601607
2026-02-01,601618
2026-02-01,601628
2026-02-01,601633
2026-02-01,601658
2026-02-01,601668
2026-02-01,601669
2026-02-01,601688
2026-02-01,601689
2026-02-01,601698
2026-02-01,601728
2026-02-01,601766
2026-02-01,601788
2026-02-01,601800
2026-02-01,601808
2026-02-01,601816
2026-02-01,601818
2026-02-01,601825
2026-02-01,601838
2026-02-01,601857
2026-02-01,601868
2026-02-01,601872
2026-02-01,601877
2026-02-01,601878
2026-02-01,601881
2026-02-01,601888
2026-02-01,601898
2026-02-01,601899
2026-02-01,601901
2026-02-01,601916
2026-02-01,601919
2026-02-01,601939
2026-02-01,601985
2026-02-01,601988
2026-02-01,601995
2026-02-01,601998
2026-02-01,603019
2026-02-01,603195
2026-02-01,603259
2026-02-01,603260
2026-02-01,603288
2026-02-01,603296
2026-02-01,603369
2026-02-01,603392
2026-02-01,603501
2026-02-01,603799
2026-02-01,603893
2026-02-01,603986
2026-02-01,603993
2026-02-01,605117
2026-02-01,605499
2026-02-01,688008
2026-02-01,688009
2026-02-01,688012
2026-02-01,688036
2026-02-01,688041
2026-02-01,688047
2026-02-01,688082
2026-02-01,688111
2026-02-01,688126
2026-02-01,688169
2026-02-01,688187
2026-02-01,688223
2026-02-01,688256
2026-02-01,688271
2026-02-01,688303
2026-02-01,688396
2026-02-01,688472
2026-02-01,688506
2026-02-01,688981
2026-02-01,000001
2026-02-01,000002
2026-02-01,000063
2026-02-01,000100
2026-02-01,000157
2026-02-01,000166
2026-02-01,000301
2026-02-01,000333
2026-02-01,000338
2026-02-01,000408
2026-02-01,000425
2026-02-01,000538
2026-02-01,000568
2026-02-01,000596
2026-02-01,000617
2026-02-01,000625
2026-02-01,000630
2026-02-01,000651
2026-02-01,000661
2026-02-01,000708
2026-02-01,000725
2026-02-01,000768
2026-02-01,000776
2026-02-01,000786
2026-02-01,000792
2026-02-01,000807
2026-02-01,000858
2026-02-01,000876
2026-02-01,000895
2026-02-01,000938
2026-02-01,000963
2026-02-01,000975
2026-02-01,000977
2026-02-01,000983
2026-02-01,000999
2026-02-01,001391
2026-02-01,001965
2026-02-01,001979
2026-02-01,002001
2026-02-01,002027
2026-02-01,002028
2026-02-01,002049
2026-02-01,002050
2026-02-01,002074
2026-02-01,002142
2026-02-01,002179
2026-02-01,002230
2026-02-01,002236
2026-02-01,002241
2026-02-01,002252
2026-02-01,002304
2026-02-01,002311
2026-02-01,002352
2026-02-01,002371
2026-02-01,002384
2026-02-01,002415
2026-02-01,002422
2026-02-01,002459
2026-02-01,002460
2026-02-01,002463
2026-02-01,002466
2026-02-01,002475
2026-02-01,002493
2026-02-01,002594
2026-02-01,002600
2026-02-01,002601
2026-02-01,002625
2026-02-01,002648
2026-02-01,002709
2026-02-01,002714
2026-02-01,002736
2026-02-01,002916
2026-02-01,002920
2026-02-01,002938
2026-02-01,003816
2026-02-01,300014
2026-02-01,300015
2026-02-01,300033
2026-02-01,300059
2026-02-01,300122
2026-02-01,300124
2026-02-01,300251
2026-02-01,300274
2026-02-01,300308
2026-02-01,300316
2026-02-01,300347
2026-02-01,300394
2026-02-01,300408
2026-02-01,300413
2026-02-01,300418
2026-02-01,300433
2026-02-01,300442
2026-02-01,300476
2026-02-01,300498
2026-02-01,300502
2026-02-01,300628
2026-02-01,300661
2026-02-01,300750
2026-02-01,300759
2026-02-01,300760
2026-02-01,300782
2026-02-01,300803
2026-02-01,300832
2026-02-01,300866
2026-02-01,300896
2026-02-01,300979
2026-02-01,300999
2026-02-01,301236
2026-02-01,301269
2026-02-01,302132
2026-03-01,600000
2026-03-01,600009
2026-03-01,600010
2026-03-01,600011
2026-03-01,600015
2026-03-01,600016
2026-03-01,600018
2026-03-01,600019
2026-03-01,600023
2026-03-01,600025
2026-03-01,600026
2026-03-01,600027
2026-03-01,600028
2026-03-01,600029
2026-03-01,600030
2026-03-01,600031
2026-03-01,600036
2026-03-01,600039
2026-03-01,600048
2026-03-01,600050
2026-03-01,600061
2026-03-01,600066
2026-03-01,600085
2026-03-01,600089
2026-03-01,600104
2026-03-01,600111
2026-03-01,600115
2026-03-01,600150
2026-03-01,600160
2026-03-01,600161
2026-03-01,600176
2026-03-01,600183
2026-03-01,600188
2026-03-01,600196
2026-03-01,600219
2026-03-01,600233
2026-03-01,600276
2026-03-01,600309
2026-03-01,600346
2026-03-01,600362
2026-03-01,600372
2026-03-01,600377
2026-03-01,600406
2026-03-01,600415
2026-03-01,600426
2026-03-01,600436
2026-03-01,600438
2026-03-01,600460
2026-03-01,600482
2026-03-01,600489
2026-03-01,600515
2026-03-01,600519
2026-03-01,600522
2026-03-01,600547
2026-03-01,600570
2026-03-01,600584
2026-03-01,600585
2026-03-01,600588
2026-03-01,600600
2026-03-01,600660
2026-03-01,600674
2026-03-01,600690
2026-03-01,600741
2026-03-01,600760
2026-03-01,600795
2026-03-01,600803
2026-03-01,600809
2026-03-01,600845
2026-03-01,600875
2026-03-01,600886
2026-03-01,600887
2026-03-01,600893
2026-03-01,600900
2026-03-01,600905
2026-03-01,600918
2026-03-01,600919
2026-03-01,600926
2026-03-01,600930
2026-03-01,600938
2026-03-01,600941
2026-03-01,600958
2026-03-01,600989
2026-03-01,600999
2026-03-01,601006
2026-03-01,601009
2026-03-01,601012
2026-03-01,601018
2026-03-01,601021
2026-03-01,601058
2026-03-01,601059
2026-03-01,601066
2026-03-01,601077
2026-03-01,601088
2026-03-01,601100
2026-03-01,601111
2026-03-01,601117
2026-03-01,601127
2026-03-01,601136
2026-03-01,601138
2026-03-01,601166
2026-03-01,601169
2026-03-01,601186
2026-03-01,601211
2026-03-01,601225
2026-03-01,601229
2026-03-01,601236
2026-03-01,601238
2026-03-01,601288
2026-03-01,601298
2026-03-01,601318
2026-03-01,601319
2026-03-01,601328
2026-03-01,601336
2026-03-01,601360
2026-03-01,601377
2026-03-01,601390
2026-03-01,601398
2026-03-01,601456
2026-03-01,601600
2026-03-01,601601
2026-03-01,601607
2026-03-01,601618
2026-03-01,601628
2026-03-01,601633
2026-03-01,601658
2026-03-01,601668
2026-03-01,601669
2026-03-01,601688
2026-03-01,601689
2026-03-01,601698
2026-03-01,601728
2026-03-01,601766
2026-03-01,601788
2026-03-01,601800
2026-03-01,601808
2026-03-01,601816
2026-03-01,601818
2026-03-01,601825
2026-03-01,601838
2026-03-01,601857
2026-03-01,601868
2026-03-01,601872
2026-03-01,601877
2026-03-01,601878
2026-03-01,601881
2026-03-01,601888
2026-03-01,601898
2026-03-01,601899
2026-03-01,601901
2026-03-01,601916
2026-03-01,601919
2026-03-01,601939
2026-03-01,601985
2026-03-01,601988
2026-03-01,601995
2026-03-01,601998
2026-03-01,603019
2026-03-01,603195
2026-03-01,603259
2026-03-01,603260
2026-03-01,603288
2026-03-01,603296
2026-03-01,603369
2026-03-01,603392
2026-03-01,603501
2026-03-01,603799
2026-03-01,603893
2026-03-01,603986
2026-03-01,603993
2026-03-01,605117
2026-03-01,605499
2026-03-01,688008
2026-03-01,688009
2026-03-01,688012
2026-03-01,688036
2026-03-01,688041
2026-03-01,688047
2026-03-01,688082
2026-03-01,688111
2026-03-01,688126
2026-03-01,688169
2026-03-01,688187
2026-03-01,688223
2026-03-01,688256
2026-03-01,688271
2026-03-01,688303
2026-03-01,688396
2026-03-01,688472
2026-03-01,688506
2026-03-01,688981
2026-03-01,000001
2026-03-01,000002
2026-03-01,000063
2026-03-01,000100
2026-03-01,000157
2026-03-01,000166
2026-03-01,000301
2026-03-01,000333
2026-03-01,000338
2026-03-01,000408
2026-03-01,000425
2026-03-01,000538
2026-03-01,000568
2026-03-01,000596
2026-03-01,000617
2026-03-01,000625
2026-03-01,000630
2026-03-01,000651
2026-03-01,000661
2026-03-01,000708
2026-03-01,000725
2026-03-01,000768
2026-03-01,000776
2026-03-01,000786
2026-03-01,000792
2026-03-01,000807
2026-03-01,000858
2026-03-01,000876
2026-03-01,000895
2026-03-01,000938
2026-03-01,000963
2026-03-01,000975
2026-03-01,000977
2026-03-01,000983
2026-03-01,000999
2026-03-01,001391
2026-03-01,001965
2026-03-01,001979
2026-03-01,002001
2026-03-01,002027
2026-03-01,002028
2026-03-01,002049
2026-03-01,002050
2026-03-01,002074
2026-03-01,002142
2026-03-01,002179
2026-03-01,002230
2026-03-01,002236
2026-03-01,002241
2026-03-01,002252
2026-03-01,002304
2026-03-01,002311
2026-03-01,002352
2026-03-01,002371
2026-03-01,002384
2026-03-01,002415
2026-03-01,002422
2026-03-01,002459
2026-03-01,002460
2026-03-01,002463
2026-03-01,002466
2026-03-01,002475
2026-03-01,002493
2026-03-01,002594
2026-03-01,002600
2026-03-01,002601
2026-03-01,002625
2026-03-01,002648
2026-03-01,002709
2026-03-01,002714
2026-03-01,002736
2026-03-01,002916
2026-03-01,002920
2026-03-01,002938
2026-03-01,003816
2026-03-01,300014
2026-03-01,300015
2026-03-01,300033
2026-03-01,300059
2026-03-01,300122
2026-03-01,300124
2026-03-01,300251
2026-03-01,300274
2026-03-01,300308
2026-03-01,300316
2026-03-01,300347
2026-03-01,300394
2026-03-01,300408
2026-03-01,300413
2026-03-01,300418
2026-03-01,300433
2026-03-01,300442
2026-03-01,300476
2026-03-01,300498
2026-03-01,300502
2026-03-01,300628
2026-03-01,300661
2026-03-01,300750
2026-03-01,300759
2026-03-01,300760
2026-03-01,300782
2026-03-01,300803
2026-03-01,300832
2026-03-01,300866
2026-03-01,300896
2026-03-01,300979
2026-03-01,300999
2026-03-01,301236
2026-03-01,301269
2026-03-01,302132
2026-04-01,600000
2026-04-01,600009
2026-04-01,600010
2026-04-01,600011
2026-04-01,600015
2026-04-01,600016
2026-04-01,600018
2026-04-01,600019
2026-04-01,600023
2026-04-01,600025
2026-04-01,600026
2026-04-01,600027
2026-04-01,600028
2026-04-01,600029
2026-04-01,600030
2026-04-01,600031
2026-04-01,600036
2026-04-01,600039
2026-04-01,600048
2026-04-01,600050
2026-04-01,600061
2026-04-01,600066
2026-04-01,600085
2026-04-01,600089
2026-04-01,600104
2026-04-01,600111
2026-04-01,600115
2026-04-01,600150
2026-04-01,600160
2026-04-01,600161
2026-04-01,600176
2026-04-01,600183
2026-04-01,600188
2026-04-01,600196
2026-04-01,600219
2026-04-01,600233
2026-04-01,600276
2026-04-01,600309
2026-04-01,600346
2026-04-01,600362
2026-04-01,600372
2026-04-01,600377
2026-04-01,600406
2026-04-01,600415
2026-04-01,600426
2026-04-01,600436
2026-04-01,600438
2026-04-01,600460
2026-04-01,600482
2026-04-01,600489
2026-04-01,600515
2026-04-01,600519
2026-04-01,600522
2026-04-01,600547
2026-04-01,600570
2026-04-01,600584
2026-04-01,600585
2026-04-01,600588
2026-04-01,600600
2026-04-01,600660
2026-04-01,600674
2026-04-01,600690
2026-04-01,600741
2026-04-01,600760
2026-04-01,600795
2026-04-01,600803
2026-04-01,600809
2026-04-01,600845
2026-04-01,600875
2026-04-01,600886
2026-04-01,600887
2026-04-01,600893
2026-04-01,600900
2026-04-01,600905
2026-04-01,600918
2026-04-01,600919
2026-04-01,600926
2026-04-01,600930
2026-04-01,600938
2026-04-01,600941
2026-04-01,600958
2026-04-01,600989
2026-04-01,600999
2026-04-01,601006
2026-04-01,601009
2026-04-01,601012
2026-04-01,601018
2026-04-01,601021
2026-04-01,601058
2026-04-01,601059
2026-04-01,601066
2026-04-01,601077
2026-04-01,601088
2026-04-01,601100
2026-04-01,601111
2026-04-01,601117
2026-04-01,601127
2026-04-01,601136
2026-04-01,601138
2026-04-01,601166
2026-04-01,601169
2026-04-01,601186
2026-04-01,601211
2026-04-01,601225
2026-04-01,601229
2026-04-01,601236
2026-04-01,601238
2026-04-01,601288
2026-04-01,601298
2026-04-01,601318
2026-04-01,601319
2026-04-01,601328
2026-04-01,601336
2026-04-01,601360
2026-04-01,601377
2026-04-01,601390
2026-04-01,601398
2026-04-01,601456
2026-04-01,601600
2026-04-01,601601
2026-04-01,601607
2026-04-01,601618
2026-04-01,601628
2026-04-01,601633
2026-04-01,601658
2026-04-01,601668
2026-04-01,601669
2026-04-01,601688
2026-04-01,601689
2026-04-01,601698
2026-04-01,601728
2026-04-01,601766
2026-04-01,601788
2026-04-01,601800
2026-04-01,601808
2026-04-01,601816
2026-04-01,601818
2026-04-01,601825
2026-04-01,601838
2026-04-01,601857
2026-04-01,601868
2026-04-01,601872
2026-04-01,601877
2026-04-01,601878
2026-04-01,601881
2026-04-01,601888
2026-04-01,601898
2026-04-01,601899
2026-04-01,601901
2026-04-01,601916
2026-04-01,601919
2026-04-01,601939
2026-04-01,601985
2026-04-01,601988
2026-04-01,601995
2026-04-01,601998
2026-04-01,603019
2026-04-01,603195
2026-04-01,603259
2026-04-01,603260
2026-04-01,603288
2026-04-01,603296
2026-04-01,603369
2026-04-01,603392
2026-04-01,603501
2026-04-01,603799
2026-04-01,603893
2026-04-01,603986
2026-04-01,603993
2026-04-01,605117
2026-04-01,605499
2026-04-01,688008
2026-04-01,688009
2026-04-01,688012
2026-04-01,688036
2026-04-01,688041
2026-04-01,688047
2026-04-01,688082
2026-04-01,688111
2026-04-01,688126
2026-04-01,688169
2026-04-01,688187
2026-04-01,688223
2026-04-01,688256
2026-04-01,688271
2026-04-01,688303
2026-04-01,688396
2026-04-01,688472
2026-04-01,688506
2026-04-01,688981
2026-04-01,000001
2026-04-01,000002
2026-04-01,000063
2026-04-01,000100
2026-04-01,000157
2026-04-01,000166
2026-04-01,000301
2026-04-01,000333
2026-04-01,000338
2026-04-01,000408
2026-04-01,000425
2026-04-01,000538
2026-04-01,000568
2026-04-01,000596
2026-04-01,000617
2026-04-01,000625
2026-04-01,000630
2026-04-01,000651
2026-04-01,000661
2026-04-01,000708
2026-04-01,000725
2026-04-01,000768
2026-04-01,000776
2026-04-01,000786
2026-04-01,000792
2026-04-01,000807
2026-04-01,000858
2026-04-01,000876
2026-04-01,000895
2026-04-01,000938
2026-04-01,000963
2026-04-01,000975
2026-04-01,000977
2026-04-01,000983
2026-04-01,000999
2026-04-01,001391
2026-04-01,001965
2026-04-01,001979
2026-04-01,002001
2026-04-01,002027
2026-04-01,002028
2026-04-01,002049
2026-04-01,002050
2026-04-01,002074
2026-04-01,002142
2026-04-01,002179
2026-04-01,002230
2026-04-01,002236
2026-04-01,002241
2026-04-01,002252
2026-04-01,002304
2026-04-01,002311
2026-04-01,002352
2026-04-01,002371
2026-04-01,002384
2026-04-01,002415
2026-04-01,002422
2026-04-01,002459
2026-04-01,002460
2026-04-01,002463
2026-04-01,002466
2026-04-01,002475
2026-04-01,002493
2026-04-01,002594
2026-04-01,002600
2026-04-01,002601
2026-04-01,002625
2026-04-01,002648
2026-04-01,002709
2026-04-01,002714
2026-04-01,002736
2026-04-01,002916
2026-04-01,002920
2026-04-01,002938
2026-04-01,003816
2026-04-01,300014
2026-04-01,300015
2026-04-01,300033
2026-04-01,300059
2026-04-01,300122
2026-04-01,300124
2026-04-01,300251
2026-04-01,300274
2026-04-01,300308
2026-04-01,300316
2026-04-01,300347
2026-04-01,300394
2026-04-01,300408
2026-04-01,300413
2026-04-01,300418
2026-04-01,300433
2026-04-01,300442
2026-04-01,300476
2026-04-01,300498
2026-04-01,300502
2026-04-01,300628
2026-04-01,300661
2026-04-01,300750
2026-04-01,300759
2026-04-01,300760
2026-04-01,300782
2026-04-01,300803
2026-04-01,300832
2026-04-01,300866
2026-04-01,300896
2026-04-01,300979
2026-04-01,300999
2026-04-01,301236
2026-04-01,301269
2026-04-01,302132
