stock_id,sw_industry,industryClassification
600000,J66货币金融服务,证监会行业分类
600001,,证监会行业分类
600002,,证监会行业分类
600003,,证监会行业分类
600004,G56航空运输业,证监会行业分类
600005,,证监会行业分类
600006,C36汽车制造业,证监会行业分类
600007,K70房地产业,证监会行业分类
600008,D46水的生产和供应业,证监会行业分类
600009,G56航空运输业,证监会行业分类
600010,C31黑色金属冶炼和压延加工业,证监会行业分类
600011,D44电力、热力生产和供应业,证监会行业分类
600012,G54道路运输业,证监会行业分类
600015,J66货币金融服务,证监会行业分类
600016,J66货币金融服务,证监会行业分类
600017,G55水上运输业,证监会行业分类
600018,G55水上运输业,证监会行业分类
600019,C31黑色金属冶炼和压延加工业,证监会行业分类
600020,G54道路运输业,证监会行业分类
600021,D44电力、热力生产和供应业,证监会行业分类
600022,C31黑色金属冶炼和压延加工业,证监会行业分类
600023,D44电力、热力生产和供应业,证监会行业分类
600025,D44电力、热力生产和供应业,证监会行业分类
600026,G55水上运输业,证监会行业分类
600027,D44电力、热力生产和供应业,证监会行业分类
600028,B07石油和天然气开采业,证监会行业分类
600029,G56航空运输业,证监会行业分类
600030,J67资本市场服务,证监会行业分类
600031,C35专用设备制造业,证监会行业分类
600032,D44电力、热力生产和供应业,证监会行业分类
600033,G54道路运输业,证监会行业分类
600035,G54道路运输业,证监会行业分类
600036,J66货币金融服务,证监会行业分类
600037,I63电信、广播电视和卫星传输服务,证监会行业分类
600038,C37铁路、船舶、航空航天和其他运输设备制造业,证监会行业分类
600039,E48土木工程建筑业,证监会行业分类
600048,K70房地产业,证监会行业分类
600050,I63电信、广播电视和卫星传输服务,证监会行业分类
600051,F51批发业,证监会行业分类
600052,L72商务服务业,证监会行业分类
600053,J67资本市场服务,证监会行业分类
600054,N78公共设施管理业,证监会行业分类
600055,C35专用设备制造业,证监会行业分类
600056,F51批发业,证监会行业分类
600057,L72商务服务业,证监会行业分类
600058,F51批发业,证监会行业分类
600059,C15酒、饮料和精制茶制造业,证监会行业分类
600060,C39计算机、通信和其他电子设备制造业,证监会行业分类
600061,J67资本市场服务,证监会行业分类
600062,C27医药制造业,证监会行业分类
600063,C26化学原料和化学制品制造业,证监会行业分类
600064,K70房地产业,证监会行业分类
600065,,证监会行业分类
600066,C36汽车制造业,证监会行业分类
600067,C38电气机械和器材制造业,证监会行业分类
600068,,证监会行业分类
600069,,证监会行业分类
600070,,证监会行业分类
600071,C40仪器仪表制造业,证监会行业分类
600072,E48土木工程建筑业,证监会行业分类
600073,C13农副食品加工业,证监会行业分类
600074,,证监会行业分类
600075,C26化学原料和化学制品制造业,证监会行业分类
600076,C20木材加工和木、竹、藤、棕、草制品业,证监会行业分类
600077,,证监会行业分类
600078,C26化学原料和化学制品制造业,证监会行业分类
600079,C27医药制造业,证监会行业分类
600080,C27医药制造业,证监会行业分类
600081,C36汽车制造业,证监会行业分类
600082,F51批发业,证监会行业分类
600083,,证监会行业分类
600084,C15酒、饮料和精制茶制造业,证监会行业分类
600085,C27医药制造业,证监会行业分类
600086,,证监会行业分类
600087,,证监会行业分类
600088,R87广播、电视、电影和录音制作业,证监会行业分类
600089,C38电气机械和器材制造业,证监会行业分类
600090,,证监会行业分类
600091,,证监会行业分类
600092,,证监会行业分类
600093,,证监会行业分类
600094,K70房地产业,证监会行业分类
600095,J67资本市场服务,证监会行业分类
600096,C26化学原料和化学制品制造业,证监会行业分类
600097,A04渔业,证监会行业分类
600098,D44电力、热力生产和供应业,证监会行业分类
600099,C37铁路、船舶、航空航天和其他运输设备制造业,证监会行业分类
600100,C39计算机、通信和其他电子设备制造业,证监会行业分类
600101,D44电力、热力生产和供应业,证监会行业分类
600102,,证监会行业分类
600103,C22造纸和纸制品业,证监会行业分类
600104,C36汽车制造业,证监会行业分类
600105,C38电气机械和器材制造业,证监会行业分类
600106,G54道路运输业,证监会行业分类
600107,C18纺织服装、服饰业,证监会行业分类
600108,A01农业,证监会行业分类
600109,J67资本市场服务,证监会行业分类
600110,C39计算机、通信和其他电子设备制造业,证监会行业分类
600111,C32有色金属冶炼和压延加工业,证监会行业分类
600112,,证监会行业分类
600113,L72商务服务业,证监会行业分类
600114,C33金属制品业,证监会行业分类
600115,G56航空运输业,证监会行业分类
600116,D44电力、热力生产和供应业,证监会行业分类
600117,C31黑色金属冶炼和压延加工业,证监会行业分类
600118,C39计算机、通信和其他电子设备制造业,证监会行业分类
600119,G54道路运输业,证监会行业分类
600120,J69其他金融业,证监会行业分类
600121,B06煤炭开采和洗选业,证监会行业分类
600122,,证监会行业分类
600123,B06煤炭开采和洗选业,证监会行业分类
600125,G53铁路运输业,证监会行业分类
600126,C31黑色金属冶炼和压延加工业,证监会行业分类
600127,C13农副食品加工业,证监会行业分类
600128,F51批发业,证监会行业分类
600129,C27医药制造业,证监会行业分类
600130,C39计算机、通信和其他电子设备制造业,证监会行业分类
600131,I65软件和信息技术服务业,证监会行业分类
600132,C15酒、饮料和精制茶制造业,证监会行业分类
600133,N77生态保护和环境治理业,证监会行业分类
600135,C26化学原料和化学制品制造业,证监会行业分类
600136,R87广播、电视、电影和录音制作业,证监会行业分类
600137,C18纺织服装、服饰业,证监会行业分类
600138,L72商务服务业,证监会行业分类
600139,,证监会行业分类
600141,C26化学原料和化学制品制造业,证监会行业分类
600143,C29橡胶和塑料制品业,证监会行业分类
600145,,证监会行业分类
600146,,证监会行业分类
600148,C36汽车制造业,证监会行业分类
600149,D44电力、热力生产和供应业,证监会行业分类
600150,C37铁路、船舶、航空航天和其他运输设备制造业,证监会行业分类
600151,C38电气机械和器材制造业,证监会行业分类
600152,C38电气机械和器材制造业,证监会行业分类
600153,L72商务服务业,证监会行业分类
600155,J67资本市场服务,证监会行业分类
600156,C17纺织业,证监会行业分类
600157,D44电力、热力生产和供应业,证监会行业分类
600158,R89体育,证监会行业分类
600159,E47房屋建筑业,证监会行业分类
600160,C26化学原料和化学制品制造业,证监会行业分类
600161,C27医药制造业,证监会行业分类
600162,K70房地产业,证监会行业分类
600163,D44电力、热力生产和供应业,证监会行业分类
600165,C26化学原料和化学制品制造业,证监会行业分类
600166,C36汽车制造业,证监会行业分类
600167,D44电力、热力生产和供应业,证监会行业分类
600168,D46水的生产和供应业,证监会行业分类
600169,C35专用设备制造业,证监会行业分类
600170,E48土木工程建筑业,证监会行业分类
600171,C39计算机、通信和其他电子设备制造业,证监会行业分类
600172,C30非金属矿物制品业,证监会行业分类
600173,K70房地产业,证监会行业分类
600175,,证监会行业分类
600176,C30非金属矿物制品业,证监会行业分类
600177,C18纺织服装、服饰业,证监会行业分类
600178,C36汽车制造业,证监会行业分类
600179,G58多式联运和运输代理业,证监会行业分类
600180,F51批发业,证监会行业分类
600181,,证监会行业分类
600182,C29橡胶和塑料制品业,证监会行业分类
600183,C39计算机、通信和其他电子设备制造业,证监会行业分类
600184,C35专用设备制造业,证监会行业分类
600185,L72商务服务业,证监会行业分类
600186,C14食品制造业,证监会行业分类
600187,D46水的生产和供应业,证监会行业分类
600188,B06煤炭开采和洗选业,证监会行业分类
600189,C15酒、饮料和精制茶制造业,证监会行业分类
600190,,证监会行业分类
600191,C13农副食品加工业,证监会行业分类
600192,C38电气机械和器材制造业,证监会行业分类
600193,E50建筑装饰、装修和其他建筑业,证监会行业分类
600195,C27医药制造业,证监会行业分类
600196,C27医药制造业,证监会行业分类
600197,C15酒、饮料和精制茶制造业,证监会行业分类
600198,C39计算机、通信和其他电子设备制造业,证监会行业分类
600199,C15酒、饮料和精制茶制造业,证监会行业分类
600200,,证监会行业分类
600201,C27医药制造业,证监会行业分类
600202,C34通用设备制造业,证监会行业分类
600203,C39计算机、通信和其他电子设备制造业,证监会行业分类
600205,,证监会行业分类
600206,C32有色金属冶炼和压延加工业,证监会行业分类
600207,C30非金属矿物制品业,证监会行业分类
600208,K70房地产业,证监会行业分类
600209,,证监会行业分类
600210,C29橡胶和塑料制品业,证监会行业分类
600211,C27医药制造业,证监会行业分类
600212,C38电气机械和器材制造业,证监会行业分类
600213,,证监会行业分类
600215,C34通用设备制造业,证监会行业分类
600216,C27医药制造业,证监会行业分类
600217,C42废弃资源综合利用业,证监会行业分类
600218,C34通用设备制造业,证监会行业分类
600219,C32有色金属冶炼和压延加工业,证监会行业分类
600220,,证监会行业分类
600221,G56航空运输业,证监会行业分类
600222,C27医药制造业,证监会行业分类
600223,C26化学原料和化学制品制造业,证监会行业分类
600225,,证监会行业分类
600226,D44电力、热力生产和供应业,证监会行业分类
600227,C26化学原料和化学制品制造业,证监会行业分类
600228,I64互联网和相关服务,证监会行业分类
600229,R86新闻和出版业,证监会行业分类
600230,C26化学原料和化学制品制造业,证监会行业分类
600231,C31黑色金属冶炼和压延加工业,证监会行业分类
600232,C17纺织业,证监会行业分类
600233,G60邮政业,证监会行业分类
600234,E50建筑装饰、装修和其他建筑业,证监会行业分类
600235,C22造纸和纸制品业,证监会行业分类
600236,D44电力、热力生产和供应业,证监会行业分类
600237,C39计算机、通信和其他电子设备制造业,证监会行业分类
600238,C15酒、饮料和精制茶制造业,证监会行业分类
600239,K70房地产业,证监会行业分类
600240,,证监会行业分类
600241,C38电气机械和器材制造业,证监会行业分类
600242,,证监会行业分类
600243,C34通用设备制造业,证监会行业分类
600246,K70房地产业,证监会行业分类
600247,,证监会行业分类
600248,E48土木工程建筑业,证监会行业分类
600249,C26化学原料和化学制品制造业,证监会行业分类
600250,N78公共设施管理业,证监会行业分类
600251,C13农副食品加工业,证监会行业分类
600252,C27医药制造业,证监会行业分类
600253,,证监会行业分类
600255,C32有色金属冶炼和压延加工业,证监会行业分类
600256,B07石油和天然气开采业,证监会行业分类
600257,A04渔业,证监会行业分类
600258,H61住宿业,证监会行业分类
600259,B09有色金属矿采选业,证监会行业分类
600260,,证监会行业分类
600261,C38电气机械和器材制造业,证监会行业分类
600262,C35专用设备制造业,证监会行业分类
600263,,证监会行业分类
600265,C20木材加工和木、竹、藤、棕、草制品业,证监会行业分类
600266,K70房地产业,证监会行业分类
600267,C27医药制造业,证监会行业分类
600268,C38电气机械和器材制造业,证监会行业分类
600269,G54道路运输业,证监会行业分类
600270,,证监会行业分类
600271,I65软件和信息技术服务业,证监会行业分类
600272,F51批发业,证监会行业分类
600273,C26化学原料和化学制品制造业,证监会行业分类
600275,,证监会行业分类
600276,C27医药制造业,证监会行业分类
600277,,证监会行业分类
600278,F51批发业,证监会行业分类
600279,G55水上运输业,证监会行业分类
600280,F52零售业,证监会行业分类
600281,C32有色金属冶炼和压延加工业,证监会行业分类
600282,C31黑色金属冶炼和压延加工业,证监会行业分类
600283,D46水的生产和供应业,证监会行业分类
600284,E48土木工程建筑业,证监会行业分类
600285,C27医药制造业,证监会行业分类
600286,,证监会行业分类
600287,F51批发业,证监会行业分类
600288,C39计算机、通信和其他电子设备制造业,证监会行业分类
600289,I65软件和信息技术服务业,证监会行业分类
600290,,证监会行业分类
600291,,证监会行业分类
600292,N77生态保护和环境治理业,证监会行业分类
600293,C30非金属矿物制品业,证监会行业分类
600295,C31黑色金属冶炼和压延加工业,证监会行业分类
600296,,证监会行业分类
600297,,证监会行业分类
600298,C14食品制造业,证监会行业分类
600299,C14食品制造业,证监会行业分类
600300,C15酒、饮料和精制茶制造业,证监会行业分类
600301,B09有色金属矿采选业,证监会行业分类
600302,C35专用设备制造业,证监会行业分类
600303,C36汽车制造业,证监会行业分类
600305,C14食品制造业,证监会行业分类
600306,,证监会行业分类
600307,C31黑色金属冶炼和压延加工业,证监会行业分类
600308,C22造纸和纸制品业,证监会行业分类
600309,C26化学原料和化学制品制造业,证监会行业分类
600310,D44电力、热力生产和供应业,证监会行业分类
600311,,证监会行业分类
600312,C38电气机械和器材制造业,证监会行业分类
600313,F51批发业,证监会行业分类
600315,C26化学原料和化学制品制造业,证监会行业分类
600316,C37铁路、船舶、航空航天和其他运输设备制造业,证监会行业分类
600317,,证监会行业分类
600318,J66货币金融服务,证监会行业分类
600319,C26化学原料和化学制品制造业,证监会行业分类
600320,C34通用设备制造业,证监会行业分类
600321,,证监会行业分类
600322,K70房地产业,证监会行业分类
600323,N77生态保护和环境治理业,证监会行业分类
600325,K70房地产业,证监会行业分类
600326,C30非金属矿物制品业,证监会行业分类
600327,Q84卫生,证监会行业分类
600328,C26化学原料和化学制品制造业,证监会行业分类
600329,C27医药制造业,证监会行业分类
600330,C39计算机、通信和其他电子设备制造业,证监会行业分类
600331,C26化学原料和化学制品制造业,证监会行业分类
600332,C27医药制造业,证监会行业分类
600333,D45燃气生产和供应业,证监会行业分类
600335,F51批发业,证监会行业分类
600336,C38电气机械和器材制造业,证监会行业分类
600337,F52零售业,证监会行业分类
600338,B09有色金属矿采选业,证监会行业分类
600339,B11开采专业及辅助性活动,证监会行业分类
600340,K70房地产业,证监会行业分类
600343,C34通用设备制造业,证监会行业分类
600345,C39计算机、通信和其他电子设备制造业,证监会行业分类
600346,C26化学原料和化学制品制造业,证监会行业分类
600348,B06煤炭开采和洗选业,证监会行业分类
600350,G54道路运输业,证监会行业分类
600351,C27医药制造业,证监会行业分类
600352,C26化学原料和化学制品制造业,证监会行业分类
600353,C39计算机、通信和其他电子设备制造业,证监会行业分类
600354,A05农、林、牧、渔专业及辅助性活动,证监会行业分类
600355,C39计算机、通信和其他电子设备制造业,证监会行业分类
600356,C22造纸和纸制品业,证监会行业分类
600357,,证监会行业分类
600358,L72商务服务业,证监会行业分类
600359,A01农业,证监会行业分类
600360,C39计算机、通信和其他电子设备制造业,证监会行业分类
600361,C32有色金属冶炼和压延加工业,证监会行业分类
600362,C32有色金属冶炼和压延加工业,证监会行业分类
600363,C39计算机、通信和其他电子设备制造业,证监会行业分类
600365,F52零售业,证监会行业分类
600366,C30非金属矿物制品业,证监会行业分类
600367,C26化学原料和化学制品制造业,证监会行业分类
600368,G54道路运输业,证监会行业分类
600369,J67资本市场服务,证监会行业分类
600370,C26化学原料和化学制品制造业,证监会行业分类
600371,A05农、林、牧、渔专业及辅助性活动,证监会行业分类
600372,C37铁路、船舶、航空航天和其他运输设备制造业,证监会行业分类
600373,R86新闻和出版业,证监会行业分类
600375,C36汽车制造业,证监会行业分类
600376,K70房地产业,证监会行业分类
600377,G54道路运输业,证监会行业分类
600378,C26化学原料和化学制品制造业,证监会行业分类
600379,C38电气机械和器材制造业,证监会行业分类
600380,C27医药制造业,证监会行业分类
600381,C14食品制造业,证监会行业分类
600382,B08黑色金属矿采选业,证监会行业分类
600383,K70房地产业,证监会行业分类
600385,,证监会行业分类
600386,F52零售业,证监会行业分类
600387,,证监会行业分类
600388,C35专用设备制造业,证监会行业分类
600389,C26化学原料和化学制品制造业,证监会行业分类
600390,J69其他金融业,证监会行业分类
600391,C37铁路、船舶、航空航天和其他运输设备制造业,证监会行业分类
600392,C32有色金属冶炼和压延加工业,证监会行业分类
600393,,证监会行业分类
600395,B06煤炭开采和洗选业,证监会行业分类
600396,D44电力、热力生产和供应业,证监会行业分类
600397,F51批发业,证监会行业分类
600398,C18纺织服装、服饰业,证监会行业分类
600399,C31黑色金属冶炼和压延加工业,证监会行业分类
600400,C18纺织服装、服饰业,证监会行业分类
600401,,证监会行业分类
600403,B06煤炭开采和洗选业,证监会行业分类
600405,C39计算机、通信和其他电子设备制造业,证监会行业分类
600406,I65软件和信息技术服务业,证监会行业分类
600408,C31黑色金属冶炼和压延加工业,证监会行业分类
600409,C26化学原料和化学制品制造业,证监会行业分类
600410,I65软件和信息技术服务业,证监会行业分类
600415,L72商务服务业,证监会行业分类
600416,C38电气机械和器材制造业,证监会行业分类
600418,C36汽车制造业,证监会行业分类
600419,C14食品制造业,证监会行业分类
600420,C27医药制造业,证监会行业分类
600421,C34通用设备制造业,证监会行业分类
600422,C27医药制造业,证监会行业分类
600423,C26化学原料和化学制品制造业,证监会行业分类
600425,C30非金属矿物制品业,证监会行业分类
600426,C26化学原料和化学制品制造业,证监会行业分类
600428,G55水上运输业,证监会行业分类
600429,C14食品制造业,证监会行业分类
600432,,证监会行业分类
600433,C22造纸和纸制品业,证监会行业分类
600435,C39计算机、通信和其他电子设备制造业,证监会行业分类
600436,C27医药制造业,证监会行业分类
600438,C38电气机械和器材制造业,证监会行业分类
600439,C19皮革、毛皮、羽毛及其制品和制鞋业,证监会行业分类
600444,C35专用设备制造业,证监会行业分类
600446,I65软件和信息技术服务业,证监会行业分类
600448,C17纺织业,证监会行业分类
600449,C30非金属矿物制品业,证监会行业分类
600452,D44电力、热力生产和供应业,证监会行业分类
600455,P83教育,证监会行业分类
600456,C32有色金属冶炼和压延加工业,证监会行业分类
600458,C29橡胶和塑料制品业,证监会行业分类
600459,C32有色金属冶炼和压延加工业,证监会行业分类
600460,C39计算机、通信和其他电子设备制造业,证监会行业分类
600461,D46水的生产和供应业,证监会行业分类
600462,,证监会行业分类
600463,E48土木工程建筑业,证监会行业分类
600466,,证监会行业分类
600467,A04渔业,证监会行业分类
600468,C38电气机械和器材制造业,证监会行业分类
600469,C29橡胶和塑料制品业,证监会行业分类
600470,C26化学原料和化学制品制造业,证监会行业分类
600472,,证监会行业分类
600475,N77生态保护和环境治理业,证监会行业分类
600476,I65软件和信息技术服务业,证监会行业分类
600477,C33金属制品业,证监会行业分类
600478,C38电气机械和器材制造业,证监会行业分类
600479,C27医药制造业,证监会行业分类
600480,C36汽车制造业,证监会行业分类
600481,C34通用设备制造业,证监会行业分类
600482,C37铁路、船舶、航空航天和其他运输设备制造业,证监会行业分类
600483,D44电力、热力生产和供应业,证监会行业分类
600485,,证监会行业分类
600486,C26化学原料和化学制品制造业,证监会行业分类
600487,C38电气机械和器材制造业,证监会行业分类
600488,C27医药制造业,证监会行业分类
600489,B09有色金属矿采选业,证监会行业分类
600490,C32有色金属冶炼和压延加工业,证监会行业分类
600491,E48土木工程建筑业,证监会行业分类
600493,C17纺织业,证监会行业分类
600495,C37铁路、船舶、航空航天和其他运输设备制造业,证监会行业分类
600496,C33金属制品业,证监会行业分类
600497,C32有色金属冶炼和压延加工业,证监会行业分类
600498,C39计算机、通信和其他电子设备制造业,证监会行业分类
600499,C35专用设备制造业,证监会行业分类
600500,C26化学原料和化学制品制造业,证监会行业分类
600501,C35专用设备制造业,证监会行业分类
600502,E48土木工程建筑业,证监会行业分类
600503,K70房地产业,证监会行业分类
600505,D44电力、热力生产和供应业,证监会行业分类
600506,C25石油、煤炭及其他燃料加工业,证监会行业分类
600507,C31黑色金属冶炼和压延加工业,证监会行业分类
600508,B06煤炭开采和洗选业,证监会行业分类
600509,D44电力、热力生产和供应业,证监会行业分类
600510,K70房地产业,证监会行业分类
600511,F51批发业,证监会行业分类
600512,E48土木工程建筑业,证监会行业分类
600513,C27医药制造业,证监会行业分类
600515,K70房地产业,证监会行业分类
600516,C30非金属矿物制品业,证监会行业分类
600517,J69其他金融业,证监会行业分类
600518,C27医药制造业,证监会行业分类
600519,C15酒、饮料和精制茶制造业,证监会行业分类
600520,C35专用设备制造业,证监会行业分类
600521,C27医药制造业,证监会行业分类
600522,C38电气机械和器材制造业,证监会行业分类
600523,C36汽车制造业,证监会行业分类
600525,C38电气机械和器材制造业,证监会行业分类
600526,C35专用设备制造业,证监会行业分类
600527,C28化学纤维制造业,证监会行业分类
600528,C35专用设备制造业,证监会行业分类
600529,C30非金属矿物制品业,证监会行业分类
600530,C14食品制造业,证监会行业分类
600531,C32有色金属冶炼和压延加工业,证监会行业分类
600532,,证监会行业分类
600533,K70房地产业,证监会行业分类
600535,C27医药制造业,证监会行业分类
600536,I65软件和信息技术服务业,证监会行业分类
600537,C38电气机械和器材制造业,证监会行业分类
600538,F51批发业,证监会行业分类
600539,F52零售业,证监会行业分类
600540,A01农业,证监会行业分类
600543,C15酒、饮料和精制茶制造业,证监会行业分类
600545,C35专用设备制造业,证监会行业分类
600546,B06煤炭开采和洗选业,证监会行业分类
600547,B09有色金属矿采选业,证监会行业分类
600548,G54道路运输业,证监会行业分类
600549,C32有色金属冶炼和压延加工业,证监会行业分类
600550,C38电气机械和器材制造业,证监会行业分类
600551,R86新闻和出版业,证监会行业分类
600552,C39计算机、通信和其他电子设备制造业,证监会行业分类
600553,,证监会行业分类
600555,,证监会行业分类
600556,I64互联网和相关服务,证监会行业分类
600557,C27医药制造业,证监会行业分类
600558,C33金属制品业,证监会行业分类
600559,C15酒、饮料和精制茶制造业,证监会行业分类
600560,C35专用设备制造业,证监会行业分类
600561,G54道路运输业,证监会行业分类
600562,C39计算机、通信和其他电子设备制造业,证监会行业分类
600563,C39计算机、通信和其他电子设备制造业,证监会行业分类
600565,,证监会行业分类
600566,C27医药制造业,证监会行业分类
600567,C22造纸和纸制品业,证监会行业分类
600568,Q84卫生,证监会行业分类
600569,C31黑色金属冶炼和压延加工业,证监会行业分类
600570,I65软件和信息技术服务业,证监会行业分类
600571,I65软件和信息技术服务业,证监会行业分类
600572,C27医药制造业,证监会行业分类
600573,C15酒、饮料和精制茶制造业,证监会行业分类
600575,G55水上运输业,证监会行业分类
600576,N78公共设施管理业,证监会行业分类
600577,C38电气机械和器材制造业,证监会行业分类
600578,D44电力、热力生产和供应业,证监会行业分类
600579,C35专用设备制造业,证监会行业分类
600580,C38电气机械和器材制造业,证监会行业分类
600581,C31黑色金属冶炼和压延加工业,证监会行业分类
600582,C35专用设备制造业,证监会行业分类
600583,B11开采专业及辅助性活动,证监会行业分类
600584,C39计算机、通信和其他电子设备制造业,证监会行业分类
600585,C30非金属矿物制品业,证监会行业分类
600586,C30非金属矿物制品业,证监会行业分类
600587,C35专用设备制造业,证监会行业分类
600588,I65软件和信息技术服务业,证监会行业分类
600589,I65软件和信息技术服务业,证监会行业分类
600590,C38电气机械和器材制造业,证监会行业分类
600591,,证监会行业分类
600592,C34通用设备制造业,证监会行业分类
600593,N78公共设施管理业,证监会行业分类
600594,C27医药制造业,证监会行业分类
600595,C32有色金属冶炼和压延加工业,证监会行业分类
600596,C26化学原料和化学制品制造业,证监会行业分类
600597,C14食品制造业,证监会行业分类
600598,A01农业,证监会行业分类
600599,F51批发业,证监会行业分类
600600,C15酒、饮料和精制茶制造业,证监会行业分类
600601,C39计算机、通信和其他电子设备制造业,证监会行业分类
600602,I65软件和信息技术服务业,证监会行业分类
600603,G53铁路运输业,证监会行业分类
600604,K70房地产业,证监会行业分类
600605,K70房地产业,证监会行业分类
600606,E48土木工程建筑业,证监会行业分类
600607,,证监会行业分类
600608,F51批发业,证监会行业分类
600609,C36汽车制造业,证监会行业分类
600610,C26化学原料和化学制品制造业,证监会行业分类
600611,G54道路运输业,证监会行业分类
600612,C24文教、工美、体育和娱乐用品制造业,证监会行业分类
600613,C27医药制造业,证监会行业分类
600614,,证监会行业分类
600615,C33金属制品业,证监会行业分类
600616,C15酒、饮料和精制茶制造业,证监会行业分类
600617,D45燃气生产和供应业,证监会行业分类
600618,C26化学原料和化学制品制造业,证监会行业分类
600619,C34通用设备制造业,证监会行业分类
600620,S91综合,证监会行业分类
600621,J67资本市场服务,证监会行业分类
600622,K70房地产业,证监会行业分类
600623,C26化学原料和化学制品制造业,证监会行业分类
600624,C27医药制造业,证监会行业分类
600625,,证监会行业分类
600626,C17纺织业,证监会行业分类
600627,,证监会行业分类
600628,F52零售业,证监会行业分类
600629,M74专业技术服务业,证监会行业分类
600630,C18纺织服装、服饰业,证监会行业分类
600631,,证监会行业分类
600632,,证监会行业分类
600633,I64互联网和相关服务,证监会行业分类
600634,,证监会行业分类
600635,D45燃气生产和供应业,证监会行业分类
600636,I65软件和信息技术服务业,证监会行业分类
600637,I63电信、广播电视和卫星传输服务,证监会行业分类
600638,K70房地产业,证监会行业分类
600639,K70房地产业,证监会行业分类
600640,I64互联网和相关服务,证监会行业分类
600641,K70房地产业,证监会行业分类
600642,D44电力、热力生产和供应业,证监会行业分类
600643,J69其他金融业,证监会行业分类
600644,D44电力、热力生产和供应业,证监会行业分类
600645,C27医药制造业,证监会行业分类
600646,,证监会行业分类
600647,,证监会行业分类
600648,F51批发业,证监会行业分类
600649,K70房地产业,证监会行业分类
600650,G54道路运输业,证监会行业分类
600651,C38电气机械和器材制造业,证监会行业分类
600652,,证监会行业分类
600653,F52零售业,证监会行业分类
600654,L72商务服务业,证监会行业分类
600655,F52零售业,证监会行业分类
600656,,证监会行业分类
600657,K70房地产业,证监会行业分类
600658,K70房地产业,证监会行业分类
600659,,证监会行业分类
600660,C30非金属矿物制品业,证监会行业分类
600661,P83教育,证监会行业分类
600662,L72商务服务业,证监会行业分类
600663,K70房地产业,证监会行业分类
600664,C27医药制造业,证监会行业分类
600665,K70房地产业,证监会行业分类
600666,C30非金属矿物制品业,证监会行业分类
600667,E48土木工程建筑业,证监会行业分类
600668,C30非金属矿物制品业,证监会行业分类
600669,,证监会行业分类
600670,,证监会行业分类
600671,C27医药制造业,证监会行业分类
600672,,证监会行业分类
600673,S91综合,证监会行业分类
600674,D44电力、热力生产和供应业,证监会行业分类
600675,K70房地产业,证监会行业分类
600676,G54道路运输业,证监会行业分类
600677,,证监会行业分类
600678,C30非金属矿物制品业,证监会行业分类
600679,C37铁路、船舶、航空航天和其他运输设备制造业,证监会行业分类
600680,,证监会行业分类
600681,D45燃气生产和供应业,证监会行业分类
600682,C27医药制造业,证监会行业分类
600683,K70房地产业,证监会行业分类
600684,K70房地产业,证监会行业分类
600685,C37铁路、船舶、航空航天和其他运输设备制造业,证监会行业分类
600686,C36汽车制造业,证监会行业分类
600687,,证监会行业分类
600688,C25石油、煤炭及其他燃料加工业,证监会行业分类
600689,F51批发业,证监会行业分类
600690,C38电气机械和器材制造业,证监会行业分类
600691,C26化学原料和化学制品制造业,证监会行业分类
600692,K70房地产业,证监会行业分类
600693,F52零售业,证监会行业分类
600694,F52零售业,证监会行业分类
600695,,证监会行业分类
600696,C15酒、饮料和精制茶制造业,证监会行业分类
600697,F52零售业,证监会行业分类
600698,C36汽车制造业,证监会行业分类
600699,C39计算机、通信和其他电子设备制造业,证监会行业分类
600700,,证监会行业分类
600701,,证监会行业分类
600702,C15酒、饮料和精制茶制造业,证监会行业分类
600703,C39计算机、通信和其他电子设备制造业,证监会行业分类
600704,F51批发业,证监会行业分类
600705,,证监会行业分类
600706,N78公共设施管理业,证监会行业分类
600707,C39计算机、通信和其他电子设备制造业,证监会行业分类
600708,K70房地产业,证监会行业分类
600709,,证监会行业分类
600710,F51批发业,证监会行业分类
600711,B09有色金属矿采选业,证监会行业分类
600712,F52零售业,证监会行业分类
600713,F51批发业,证监会行业分类
600714,C26化学原料和化学制品制造业,证监会行业分类
600715,R87广播、电视、电影和录音制作业,证监会行业分类
600716,K70房地产业,证监会行业分类
600717,G55水上运输业,证监会行业分类
600718,I65软件和信息技术服务业,证监会行业分类
600719,D44电力、热力生产和供应业,证监会行业分类
600720,M74专业技术服务业,证监会行业分类
600721,M73研究和试验发展,证监会行业分类
600722,C26化学原料和化学制品制造业,证监会行业分类
600723,,证监会行业分类
600724,C30非金属矿物制品业,证监会行业分类
600725,F51批发业,证监会行业分类
600726,D44电力、热力生产和供应业,证监会行业分类
600727,C26化学原料和化学制品制造业,证监会行业分类
600728,I65软件和信息技术服务业,证监会行业分类
600729,F52零售业,证监会行业分类
600730,P83教育,证监会行业分类
600731,C26化学原料和化学制品制造业,证监会行业分类
600732,C38电气机械和器材制造业,证监会行业分类
600733,C36汽车制造业,证监会行业分类
600734,I65软件和信息技术服务业,证监会行业分类
600735,C41其他制造业,证监会行业分类
600736,K70房地产业,证监会行业分类
600737,C13农副食品加工业,证监会行业分类
600738,F52零售业,证监会行业分类
600739,F51批发业,证监会行业分类
600740,C25石油、煤炭及其他燃料加工业,证监会行业分类
600741,C36汽车制造业,证监会行业分类
600742,C36汽车制造业,证监会行业分类
600743,K70房地产业,证监会行业分类
600744,D44电力、热力生产和供应业,证监会行业分类
600745,C39计算机、通信和其他电子设备制造业,证监会行业分类
600746,C26化学原料和化学制品制造业,证监会行业分类
600747,,证监会行业分类
600748,K70房地产业,证监会行业分类
600749,N78公共设施管理业,证监会行业分类
600750,C27医药制造业,证监会行业分类
600751,G55水上运输业,证监会行业分类
600752,,证监会行业分类
600753,F51批发业,证监会行业分类
600754,H61住宿业,证监会行业分类
600755,L72商务服务业,证监会行业分类
600756,I65软件和信息技术服务业,证监会行业分类
600757,R86新闻和出版业,证监会行业分类
600758,B06煤炭开采和洗选业,证监会行业分类
600759,B07石油和天然气开采业,证监会行业分类
600760,C37铁路、船舶、航空航天和其他运输设备制造业,证监会行业分类
600761,C34通用设备制造业,证监会行业分类
600762,,证监会行业分类
600763,Q84卫生,证监会行业分类
600764,C39计算机、通信和其他电子设备制造业,证监会行业分类
600765,C37铁路、船舶、航空航天和其他运输设备制造业,证监会行业分类
600766,,证监会行业分类
600767,,证监会行业分类
600768,C32有色金属冶炼和压延加工业,证监会行业分类
600769,D46水的生产和供应业,证监会行业分类
600770,D44电力、热力生产和供应业,证监会行业分类
600771,C27医药制造业,证监会行业分类
600772,,证监会行业分类
600773,K70房地产业,证监会行业分类
600774,C27医药制造业,证监会行业分类
600775,C39计算机、通信和其他电子设备制造业,证监会行业分类
600776,C39计算机、通信和其他电子设备制造业,证监会行业分类
600777,B07石油和天然气开采业,证监会行业分类
600778,F52零售业,证监会行业分类
600779,C15酒、饮料和精制茶制造业,证监会行业分类
600780,D44电力、热力生产和供应业,证监会行业分类
600781,,证监会行业分类
600782,C31黑色金属冶炼和压延加工业,证监会行业分类
600783,J67资本市场服务,证监会行业分类
600784,C14食品制造业,证监会行业分类
600785,F52零售业,证监会行业分类
600786,,证监会行业分类
600787,G59装卸搬运和仓储业,证监会行业分类
600788,,证监会行业分类
600789,C27医药制造业,证监会行业分类
600790,L72商务服务业,证监会行业分类
600791,K70房地产业,证监会行业分类
600792,C25石油、煤炭及其他燃料加工业,证监会行业分类
600793,C22造纸和纸制品业,证监会行业分类
600794,G59装卸搬运和仓储业,证监会行业分类
600795,D44电力、热力生产和供应业,证监会行业分类
600796,D46水的生产和供应业,证监会行业分类
600797,I65软件和信息技术服务业,证监会行业分类
600798,G55水上运输业,证监会行业分类
600799,,证监会行业分类
600800,C26化学原料和化学制品制造业,证监会行业分类
600801,C30非金属矿物制品业,证监会行业分类
600802,C30非金属矿物制品业,证监会行业分类
600803,D45燃气生产和供应业,证监会行业分类
600804,,证监会行业分类
600805,S91综合,证监会行业分类
600806,,证监会行业分类
600807,C27医药制造业,证监会行业分类
600808,C31黑色金属冶炼和压延加工业,证监会行业分类
600809,C15酒、饮料和精制茶制造业,证监会行业分类
600810,C28化学纤维制造业,证监会行业分类
600811,,证监会行业分类
600812,C27医药制造业,证监会行业分类
600813,,证监会行业分类
600814,F52零售业,证监会行业分类
600815,C35专用设备制造业,证监会行业分类
600816,J69其他金融业,证监会行业分类
600817,C35专用设备制造业,证监会行业分类
600818,C37铁路、船舶、航空航天和其他运输设备制造业,证监会行业分类
600819,C30非金属矿物制品业,证监会行业分类
600820,E48土木工程建筑业,证监会行业分类
600821,D44电力、热力生产和供应业,证监会行业分类
600822,F51批发业,证监会行业分类
600823,,证监会行业分类
600824,F52零售业,证监会行业分类
600825,R86新闻和出版业,证监会行业分类
600826,L72商务服务业,证监会行业分类
600827,F52零售业,证监会行业分类
600828,F52零售业,证监会行业分类
600829,F51批发业,证监会行业分类
600830,J69其他金融业,证监会行业分类
600831,I63电信、广播电视和卫星传输服务,证监会行业分类
600832,,证监会行业分类
600833,F52零售业,证监会行业分类
600834,S91综合,证监会行业分类
600835,C34通用设备制造业,证监会行业分类
600836,,证监会行业分类
600837,,证监会行业分类
600838,F52零售业,证监会行业分类
600839,C39计算机、通信和其他电子设备制造业,证监会行业分类
600840,,证监会行业分类
600841,C34通用设备制造业,证监会行业分类
600842,,证监会行业分类
600843,C35专用设备制造业,证监会行业分类
600844,C26化学原料和化学制品制造业,证监会行业分类
600845,I65软件和信息技术服务业,证监会行业分类
600846,E48土木工程建筑业,证监会行业分类
600847,C38电气机械和器材制造业,证监会行业分类
600848,K70房地产业,证监会行业分类
600849,,证监会行业分类
600850,I65软件和信息技术服务业,证监会行业分类
600851,C27医药制造业,证监会行业分类
600852,,证监会行业分类
600853,E48土木工程建筑业,证监会行业分类
600854,C38电气机械和器材制造业,证监会行业分类
600855,C35专用设备制造业,证监会行业分类
600856,,证监会行业分类
600857,F52零售业,证监会行业分类
600858,F52零售业,证监会行业分类
600859,F52零售业,证监会行业分类
600860,C35专用设备制造业,证监会行业分类
600861,L72商务服务业,证监会行业分类
600862,C37铁路、船舶、航空航天和其他运输设备制造业,证监会行业分类
600863,D44电力、热力生产和供应业,证监会行业分类
600864,J67资本市场服务,证监会行业分类
600865,F52零售业,证监会行业分类
600866,C14食品制造业,证监会行业分类
600867,C27医药制造业,证监会行业分类
600868,D44电力、热力生产和供应业,证监会行业分类
600869,C38电气机械和器材制造业,证监会行业分类
600870,,证监会行业分类
600871,B11开采专业及辅助性活动,证监会行业分类
600872,C14食品制造业,证监会行业分类
600873,C14食品制造业,证监会行业分类
600874,D46水的生产和供应业,证监会行业分类
600875,C34通用设备制造业,证监会行业分类
600876,C30非金属矿物制品业,证监会行业分类
600877,C39计算机、通信和其他电子设备制造业,证监会行业分类
600878,,证监会行业分类
600879,C37铁路、船舶、航空航天和其他运输设备制造业,证监会行业分类
600880,R86新闻和出版业,证监会行业分类
600881,C30非金属矿物制品业,证监会行业分类
600882,C14食品制造业,证监会行业分类
600883,C13农副食品加工业,证监会行业分类
600884,C39计算机、通信和其他电子设备制造业,证监会行业分类
600885,C38电气机械和器材制造业,证监会行业分类
600886,D44电力、热力生产和供应业,证监会行业分类
600887,C14食品制造业,证监会行业分类
600888,C39计算机、通信和其他电子设备制造业,证监会行业分类
600889,C28化学纤维制造业,证监会行业分类
600890,,证监会行业分类
600891,,证监会行业分类
600892,I64互联网和相关服务,证监会行业分类
600893,C37铁路、船舶、航空航天和其他运输设备制造业,证监会行业分类
600894,C34通用设备制造业,证监会行业分类
600895,K70房地产业,证监会行业分类
600896,,证监会行业分类
600897,G56航空运输业,证监会行业分类
600898,,证监会行业分类
600899,,证监会行业分类
600900,D44电力、热力生产和供应业,证监会行业分类
600901,J66货币金融服务,证监会行业分类
600903,D45燃气生产和供应业,证监会行业分类
600905,D44电力、热力生产和供应业,证监会行业分类
600906,J67资本市场服务,证监会行业分类
600908,J66货币金融服务,证监会行业分类
600909,J67资本市场服务,证监会行业分类
600916,F52零售业,证监会行业分类
600917,D45燃气生产和供应业,证监会行业分类
600918,J67资本市场服务,证监会行业分类
600919,J66货币金融服务,证监会行业分类
600925,B06煤炭开采和洗选业,证监会行业分类
600926,J66货币金融服务,证监会行业分类
600927,J67资本市场服务,证监会行业分类
600928,J66货币金融服务,证监会行业分类
600929,C14食品制造业,证监会行业分类
600930,D44电力、热力生产和供应业,证监会行业分类
600933,C36汽车制造业,证监会行业分类
600935,C26化学原料和化学制品制造业,证监会行业分类
600936,I63电信、广播电视和卫星传输服务,证监会行业分类
600938,B07石油和天然气开采业,证监会行业分类
600939,E47房屋建筑业,证监会行业分类
600941,I63电信、广播电视和卫星传输服务,证监会行业分类
600955,C26化学原料和化学制品制造业,证监会行业分类
600956,D45燃气生产和供应业,证监会行业分类
600958,J67资本市场服务,证监会行业分类
600959,I63电信、广播电视和卫星传输服务,证监会行业分类
600960,C36汽车制造业,证监会行业分类
600961,C32有色金属冶炼和压延加工业,证监会行业分类
600962,C15酒、饮料和精制茶制造业,证监会行业分类
600963,C22造纸和纸制品业,证监会行业分类
600965,C13农副食品加工业,证监会行业分类
600966,C22造纸和纸制品业,证监会行业分类
600967,C37铁路、船舶、航空航天和其他运输设备制造业,证监会行业分类
600968,B11开采专业及辅助性活动,证监会行业分类
600969,D44电力、热力生产和供应业,证监会行业分类
600970,E48土木工程建筑业,证监会行业分类
600971,B06煤炭开采和洗选业,证监会行业分类
600973,C38电气机械和器材制造业,证监会行业分类
600975,A03畜牧业,证监会行业分类
600976,F51批发业,证监会行业分类
600977,R87广播、电视、电影和录音制作业,证监会行业分类
600978,,证监会行业分类
600979,D44电力、热力生产和供应业,证监会行业分类
600980,C35专用设备制造业,证监会行业分类
600981,F51批发业,证监会行业分类
600982,D44电力、热力生产和供应业,证监会行业分类
600983,C38电气机械和器材制造业,证监会行业分类
600984,L71租赁业,证监会行业分类
600985,B06煤炭开采和洗选业,证监会行业分类
600986,I64互联网和相关服务,证监会行业分类
600987,C17纺织业,证监会行业分类
600988,B09有色金属矿采选业,证监会行业分类
600989,C26化学原料和化学制品制造业,证监会行业分类
600990,C39计算机、通信和其他电子设备制造业,证监会行业分类
600991,,证监会行业分类
600992,C33金属制品业,证监会行业分类
600993,C27医药制造业,证监会行业分类
600995,D44电力、热力生产和供应业,证监会行业分类
600996,I63电信、广播电视和卫星传输服务,证监会行业分类
600997,C25石油、煤炭及其他燃料加工业,证监会行业分类
600998,F51批发业,证监会行业分类
600999,J67资本市场服务,证监会行业分类
601000,G55水上运输业,证监会行业分类
601001,B06煤炭开采和洗选业,证监会行业分类
601002,C34通用设备制造业,证监会行业分类
601003,C31黑色金属冶炼和压延加工业,证监会行业分类
601005,C31黑色金属冶炼和压延加工业,证监会行业分类
601006,G53铁路运输业,证监会行业分类
601007,H61住宿业,证监会行业分类
601008,G55水上运输业,证监会行业分类
601009,J66货币金融服务,证监会行业分类
601010,F52零售业,证监会行业分类
601011,C25石油、煤炭及其他燃料加工业,证监会行业分类
601012,C38电气机械和器材制造业,证监会行业分类
601015,C25石油、煤炭及其他燃料加工业,证监会行业分类
601016,D44电力、热力生产和供应业,证监会行业分类
601018,G55水上运输业,证监会行业分类
601019,R86新闻和出版业,证监会行业分类
601020,B09有色金属矿采选业,证监会行业分类
601021,G56航空运输业,证监会行业分类
601022,G55水上运输业,证监会行业分类
601026,C26化学原料和化学制品制造业,证监会行业分类
601028,,证监会行业分类
601033,N77生态保护和环境治理业,证监会行业分类
601038,C35专用设备制造业,证监会行业分类
601058,C29橡胶和塑料制品业,证监会行业分类
601059,J67资本市场服务,证监会行业分类
601061,F51批发业,证监会行业分类
601065,C26化学原料和化学制品制造业,证监会行业分类
601066,J67资本市场服务,证监会行业分类
601068,E48土木工程建筑业,证监会行业分类
601069,B09有色金属矿采选业,证监会行业分类
601077,J66货币金融服务,证监会行业分类
601083,G55水上运输业,证监会行业分类
601086,F52零售业,证监会行业分类
601088,B06煤炭开采和洗选业,证监会行业分类
601089,C27医药制造业,证监会行业分类
601096,C33金属制品业,证监会行业分类
601098,R86新闻和出版业,证监会行业分类
601099,J67资本市场服务,证监会行业分类
601100,C34通用设备制造业,证监会行业分类
601101,B06煤炭开采和洗选业,证监会行业分类
601106,C35专用设备制造业,证监会行业分类
601107,G54道路运输业,证监会行业分类
601108,J67资本市场服务,证监会行业分类
601111,G56航空运输业,证监会行业分类
601112,C30非金属矿物制品业,证监会行业分类
601113,F52零售业,证监会行业分类
601116,F52零售业,证监会行业分类
601117,E48土木工程建筑业,证监会行业分类
601118,A01农业,证监会行业分类
601121,B08黑色金属矿采选业,证监会行业分类
601126,C38电气机械和器材制造业,证监会行业分类
601127,C36汽车制造业,证监会行业分类
601128,J66货币金融服务,证监会行业分类
601133,E49建筑安装业,证监会行业分类
601136,J67资本市场服务,证监会行业分类
601137,C32有色金属冶炼和压延加工业,证监会行业分类
601138,C39计算机、通信和其他电子设备制造业,证监会行业分类
601139,D45燃气生产和供应业,证监会行业分类
601155,K70房地产业,证监会行业分类
601156,G56航空运输业,证监会行业分类
601158,D46水的生产和供应业,证监会行业分类
601162,J67资本市场服务,证监会行业分类
601163,C29橡胶和塑料制品业,证监会行业分类
601166,J66货币金融服务,证监会行业分类
601168,B09有色金属矿采选业,证监会行业分类
601169,J66货币金融服务,证监会行业分类
601177,C34通用设备制造业,证监会行业分类
601179,C38电气机械和器材制造业,证监会行业分类
601186,E48土木工程建筑业,证监会行业分类
601187,J66货币金融服务,证监会行业分类
601188,G54道路运输业,证监会行业分类
601198,J67资本市场服务,证监会行业分类
601199,D46水的生产和供应业,证监会行业分类
601200,N77生态保护和环境治理业,证监会行业分类
601208,C26化学原料和化学制品制造业,证监会行业分类
601211,J67资本市场服务,证监会行业分类
601212,C32有色金属冶炼和压延加工业,证监会行业分类
601216,C26化学原料和化学制品制造业,证监会行业分类
601218,C33金属制品业,证监会行业分类
601222,C38电气机械和器材制造业,证监会行业分类
601225,B06煤炭开采和洗选业,证监会行业分类
601226,M74专业技术服务业,证监会行业分类
601228,G55水上运输业,证监会行业分类
601229,J66货币金融服务,证监会行业分类
601231,C39计算机、通信和其他电子设备制造业,证监会行业分类
601233,C28化学纤维制造业,证监会行业分类
601236,J67资本市场服务,证监会行业分类
601238,C36汽车制造业,证监会行业分类
601258,,证监会行业分类
601268,,证监会行业分类
601279,C36汽车制造业,证监会行业分类
601288,J66货币金融服务,证监会行业分类
601298,G55水上运输业,证监会行业分类
601299,,证监会行业分类
601311,C38电气机械和器材制造业,证监会行业分类
601318,J68保险业,证监会行业分类
601319,J68保险业,证监会行业分类
601326,G55水上运输业,证监会行业分类
601328,J66货币金融服务,证监会行业分类
601330,N77生态保护和环境治理业,证监会行业分类
601333,G53铁路运输业,证监会行业分类
601336,J68保险业,证监会行业分类
601339,C17纺织业,证监会行业分类
601360,I64互联网和相关服务,证监会行业分类
601366,F52零售业,证监会行业分类
601368,D46水的生产和供应业,证监会行业分类
601369,C34通用设备制造业,证监会行业分类
601375,J67资本市场服务,证监会行业分类
601377,J67资本市场服务,证监会行业分类
601388,C42废弃资源综合利用业,证监会行业分类
601390,E48土木工程建筑业,证监会行业分类
601398,J66货币金融服务,证监会行业分类
601399,C35专用设备制造业,证监会行业分类
601456,J67资本市场服务,证监会行业分类
601500,C29橡胶和塑料制品业,证监会行业分类
601512,K70房地产业,证监会行业分类
601515,C27医药制造业,证监会行业分类
601518,G54道路运输业,证监会行业分类
601519,J69其他金融业,证监会行业分类
601528,J66货币金融服务,证监会行业分类
601555,J67资本市场服务,证监会行业分类
601558,,证监会行业分类
601566,C18纺织服装、服饰业,证监会行业分类
601567,C40仪器仪表制造业,证监会行业分类
601568,C26化学原料和化学制品制造业,证监会行业分类
601577,J66货币金融服务,证监会行业分类
601579,C15酒、饮料和精制茶制造业,证监会行业分类
601588,K70房地产业,证监会行业分类
601595,R87广播、电视、电影和录音制作业,证监会行业分类
601598,G58多式联运和运输代理业,证监会行业分类
601599,C17纺织业,证监会行业分类
601600,C32有色金属冶炼和压延加工业,证监会行业分类
601601,J68保险业,证监会行业分类
601606,C33金属制品业,证监会行业分类
601607,F52零售业,证监会行业分类
601608,C35专用设备制造业,证监会行业分类
601609,C32有色金属冶炼和压延加工业,证监会行业分类
601611,E48土木工程建筑业,证监会行业分类
601615,C34通用设备制造业,证监会行业分类
601616,C38电气机械和器材制造业,证监会行业分类
601618,E48土木工程建筑业,证监会行业分类
601619,D44电力、热力生产和供应业,证监会行业分类
601628,J68保险业,证监会行业分类
601633,C36汽车制造业,证监会行业分类
601636,C30非金属矿物制品业,证监会行业分类
601658,J66货币金融服务,证监会行业分类
601665,J66货币金融服务,证监会行业分类
601666,B06煤炭开采和洗选业,证监会行业分类
601668,E48土木工程建筑业,证监会行业分类
601669,E48土木工程建筑业,证监会行业分类
601677,C32有色金属冶炼和压延加工业,证监会行业分类
601678,C26化学原料和化学制品制造业,证监会行业分类
601686,C33金属制品业,证监会行业分类
601688,J67资本市场服务,证监会行业分类
601689,C36汽车制造业,证监会行业分类
601696,J67资本市场服务,证监会行业分类
601698,I63电信、广播电视和卫星传输服务,证监会行业分类
601699,B06煤炭开采和洗选业,证监会行业分类
601700,C33金属制品业,证监会行业分类
601702,C32有色金属冶炼和压延加工业,证监会行业分类
601717,C35专用设备制造业,证监会行业分类
601718,C18纺织服装、服饰业,证监会行业分类
601727,C34通用设备制造业,证监会行业分类
601728,I63电信、广播电视和卫星传输服务,证监会行业分类
601766,C37铁路、船舶、航空航天和其他运输设备制造业,证监会行业分类
601777,C36汽车制造业,证监会行业分类
601778,D44电力、热力生产和供应业,证监会行业分类
601788,J67资本市场服务,证监会行业分类
601789,E48土木工程建筑业,证监会行业分类
601798,C35专用设备制造业,证监会行业分类
601799,C36汽车制造业,证监会行业分类
601800,E48土木工程建筑业,证监会行业分类
601801,R86新闻和出版业,证监会行业分类
601808,B11开采专业及辅助性活动,证监会行业分类
601811,R86新闻和出版业,证监会行业分类
601816,G53铁路运输业,证监会行业分类
601818,J66货币金融服务,证监会行业分类
601825,J66货币金融服务,证监会行业分类
601827,N77生态保护和环境治理业,证监会行业分类
601828,L72商务服务业,证监会行业分类
601838,J66货币金融服务,证监会行业分类
601857,B07石油和天然气开采业,证监会行业分类
601858,R86新闻和出版业,证监会行业分类
601860,J66货币金融服务,证监会行业分类
601865,C30非金属矿物制品业,证监会行业分类
601866,G55水上运输业,证监会行业分类
601868,E48土木工程建筑业,证监会行业分类
601869,C39计算机、通信和其他电子设备制造业,证监会行业分类
601872,G55水上运输业,证监会行业分类
601877,C38电气机械和器材制造业,证监会行业分类
601878,J67资本市场服务,证监会行业分类
601880,G55水上运输业,证监会行业分类
601881,J67资本市场服务,证监会行业分类
601882,C34通用设备制造业,证监会行业分类
601886,E50建筑装饰、装修和其他建筑业,证监会行业分类
601888,L72商务服务业,证监会行业分类
601890,C37铁路、船舶、航空航天和其他运输设备制造业,证监会行业分类
601898,B06煤炭开采和洗选业,证监会行业分类
601899,B09有色金属矿采选业,证监会行业分类
601900,R86新闻和出版业,证监会行业分类
601901,J67资本市场服务,证监会行业分类
601908,C38电气机械和器材制造业,证监会行业分类
601916,J66货币金融服务,证监会行业分类
601918,B06煤炭开采和洗选业,证监会行业分类
601919,G55水上运输业,证监会行业分类
601921,R86新闻和出版业,证监会行业分类
601928,R86新闻和出版业,证监会行业分类
601929,I63电信、广播电视和卫星传输服务,证监会行业分类
601933,F52零售业,证监会行业分类
601939,J66货币金融服务,证监会行业分类
601949,R86新闻和出版业,证监会行业分类
601952,C13农副食品加工业,证监会行业分类
601956,C34通用设备制造业,证监会行业分类
601958,B09有色金属矿采选业,证监会行业分类
601963,J66货币金融服务,证监会行业分类
601965,M74专业技术服务业,证监会行业分类
601966,C29橡胶和塑料制品业,证监会行业分类
601968,C33金属制品业,证监会行业分类
601969,B08黑色金属矿采选业,证监会行业分类
601975,G55水上运输业,证监会行业分类
601985,D44电力、热力生产和供应业,证监会行业分类
601988,J66货币金融服务,证监会行业分类
601989,,证监会行业分类
601990,J67资本市场服务,证监会行业分类
601991,D44电力、热力生产和供应业,证监会行业分类
601992,C30非金属矿物制品业,证监会行业分类
601995,J67资本市场服务,证监会行业分类
601996,C20木材加工和木、竹、藤、棕、草制品业,证监会行业分类
601997,J66货币金融服务,证监会行业分类
601998,J66货币金融服务,证监会行业分类
601999,R86新闻和出版业,证监会行业分类
603000,I64互联网和相关服务,证监会行业分类
603001,C19皮革、毛皮、羽毛及其制品和制鞋业,证监会行业分类
603002,C39计算机、通信和其他电子设备制造业,证监会行业分类
603003,,证监会行业分类
603004,C26化学原料和化学制品制造业,证监会行业分类
603005,C39计算机、通信和其他电子设备制造业,证监会行业分类
603006,C36汽车制造业,证监会行业分类
603007,E48土木工程建筑业,证监会行业分类
603008,C21家具制造业,证监会行业分类
603009,C36汽车制造业,证监会行业分类
603010,C26化学原料和化学制品制造业,证监会行业分类
603011,C34通用设备制造业,证监会行业分类
603012,C35专用设备制造业,证监会行业分类
603013,C36汽车制造业,证监会行业分类
603014,C35专用设备制造业,证监会行业分类
603015,C40仪器仪表制造业,证监会行业分类
603016,C38电气机械和器材制造业,证监会行业分类
603017,M74专业技术服务业,证监会行业分类
603018,M74专业技术服务业,证监会行业分类
603019,C39计算机、通信和其他电子设备制造业,证监会行业分类
603020,C14食品制造业,证监会行业分类
603021,C30非金属矿物制品业,证监会行业分类
603022,C20木材加工和木、竹、藤、棕、草制品业,证监会行业分类
603023,C39计算机、通信和其他电子设备制造业,证监会行业分类
603025,C39计算机、通信和其他电子设备制造业,证监会行业分类
603026,C26化学原料和化学制品制造业,证监会行业分类
603027,C14食品制造业,证监会行业分类
603028,C33金属制品业,证监会行业分类
603029,C35专用设备制造业,证监会行业分类
603030,E50建筑装饰、装修和其他建筑业,证监会行业分类
603031,C38电气机械和器材制造业,证监会行业分类
603032,C35专用设备制造业,证监会行业分类
603033,C29橡胶和塑料制品业,证监会行业分类
603035,C36汽车制造业,证监会行业分类
603036,C35专用设备制造业,证监会行业分类
603037,C36汽车制造业,证监会行业分类
603038,C41其他制造业,证监会行业分类
603039,I65软件和信息技术服务业,证监会行业分类
603040,C36汽车制造业,证监会行业分类
603041,C26化学原料和化学制品制造业,证监会行业分类
603042,C39计算机、通信和其他电子设备制造业,证监会行业分类
603043,C14食品制造业,证监会行业分类
603045,C38电气机械和器材制造业,证监会行业分类
603048,C36汽车制造业,证监会行业分类
603049,C29橡胶和塑料制品业,证监会行业分类
603050,C38电气机械和器材制造业,证监会行业分类
603051,C29橡胶和塑料制品业,证监会行业分类
603052,C39计算机、通信和其他电子设备制造业,证监会行业分类
603053,D45燃气生产和供应业,证监会行业分类
603055,C17纺织业,证监会行业分类
603056,,证监会行业分类
603057,C13农副食品加工业,证监会行业分类
603058,C23印刷和记录媒介复制业,证监会行业分类
603059,C41其他制造业,证监会行业分类
603060,M74专业技术服务业,证监会行业分类
603061,C35专用设备制造业,证监会行业分类
603062,C26化学原料和化学制品制造业,证监会行业分类
603063,C38电气机械和器材制造业,证监会行业分类
603065,C26化学原料和化学制品制造业,证监会行业分类
603066,G59装卸搬运和仓储业,证监会行业分类
603067,C26化学原料和化学制品制造业,证监会行业分类
603068,C39计算机、通信和其他电子设备制造业,证监会行业分类
603069,G54道路运输业,证监会行业分类
603070,C38电气机械和器材制造业,证监会行业分类
603071,F51批发业,证监会行业分类
603072,C39计算机、通信和其他电子设备制造业,证监会行业分类
603073,C17纺织业,证监会行业分类
603075,C38电气机械和器材制造业,证监会行业分类
603076,C35专用设备制造业,证监会行业分类
603077,C26化学原料和化学制品制造业,证监会行业分类
603078,C26化学原料和化学制品制造业,证监会行业分类
603079,C14食品制造业,证监会行业分类
603080,D45燃气生产和供应业,证监会行业分类
603081,C35专用设备制造业,证监会行业分类
603082,C34通用设备制造业,证监会行业分类
603083,C39计算机、通信和其他电子设备制造业,证监会行业分类
603085,C36汽车制造业,证监会行业分类
603086,C26化学原料和化学制品制造业,证监会行业分类
603087,C27医药制造业,证监会行业分类
603088,C34通用设备制造业,证监会行业分类
603089,C36汽车制造业,证监会行业分类
603090,C34通用设备制造业,证监会行业分类
603091,C22造纸和纸制品业,证监会行业分类
603092,C34通用设备制造业,证监会行业分类
603093,J67资本市场服务,证监会行业分类
603095,C35专用设备制造业,证监会行业分类
603096,R86新闻和出版业,证监会行业分类
603097,C38电气机械和器材制造业,证监会行业分类
603098,E50建筑装饰、装修和其他建筑业,证监会行业分类
603099,N78公共设施管理业,证监会行业分类
603100,C40仪器仪表制造业,证监会行业分类
603101,F52零售业,证监会行业分类
603102,C14食品制造业,证监会行业分类
603103,R87广播、电视、电影和录音制作业,证监会行业分类
603105,D44电力、热力生产和供应业,证监会行业分类
603106,C39计算机、通信和其他电子设备制造业,证监会行业分类
603107,C36汽车制造业,证监会行业分类
603108,F51批发业,证监会行业分类
603109,C38电气机械和器材制造业,证监会行业分类
603110,C26化学原料和化学制品制造业,证监会行业分类
603111,C37铁路、船舶、航空航天和其他运输设备制造业,证监会行业分类
603112,C33金属制品业,证监会行业分类
603113,C26化学原料和化学制品制造业,证监会行业分类
603115,C39计算机、通信和其他电子设备制造业,证监会行业分类
603116,C19皮革、毛皮、羽毛及其制品和制鞋业,证监会行业分类
603117,G55水上运输业,证监会行业分类
603118,C39计算机、通信和其他电子设备制造业,证监会行业分类
603119,C30非金属矿物制品业,证监会行业分类
603120,C26化学原料和化学制品制造业,证监会行业分类
603121,C36汽车制造业,证监会行业分类
603122,F51批发业,证监会行业分类
603123,F52零售业,证监会行业分类
603124,C39计算机、通信和其他电子设备制造业,证监会行业分类
603125,C26化学原料和化学制品制造业,证监会行业分类
603126,M74专业技术服务业,证监会行业分类
603127,M73研究和试验发展,证监会行业分类
603128,G58多式联运和运输代理业,证监会行业分类
603129,C37铁路、船舶、航空航天和其他运输设备制造业,证监会行业分类
603130,C17纺织业,证监会行业分类
603131,C34通用设备制造业,证监会行业分类
603132,B09有色金属矿采选业,证监会行业分类
603133,,证监会行业分类
603135,C35专用设备制造业,证监会行业分类
603136,N78公共设施管理业,证监会行业分类
603137,E50建筑装饰、装修和其他建筑业,证监会行业分类
603138,I65软件和信息技术服务业,证监会行业分类
603139,C27医药制造业,证监会行业分类
603150,C38电气机械和器材制造业,证监会行业分类
603151,C13农副食品加工业,证监会行业分类
603153,M74专业技术服务业,证监会行业分类
603155,C26化学原料和化学制品制造业,证监会行业分类
603156,C15酒、饮料和精制茶制造业,证监会行业分类
603157,,证监会行业分类
603158,C36汽车制造业,证监会行业分类
603159,C29橡胶和塑料制品业,证监会行业分类
603160,C39计算机、通信和其他电子设备制造业,证监会行业分类
603161,C36汽车制造业,证监会行业分类
603162,G55水上运输业,证监会行业分类
603163,E49建筑安装业,证监会行业分类
603165,C22造纸和纸制品业,证监会行业分类
603166,C36汽车制造业,证监会行业分类
603167,G55水上运输业,证监会行业分类
603168,C27医药制造业,证监会行业分类
603169,C35专用设备制造业,证监会行业分类
603170,C14食品制造业,证监会行业分类
603171,I64互联网和相关服务,证监会行业分类
603172,C26化学原料和化学制品制造业,证监会行业分类
603173,C34通用设备制造业,证监会行业分类
603175,C39计算机、通信和其他电子设备制造业,证监会行业分类
603176,E48土木工程建筑业,证监会行业分类
603177,N77生态保护和环境治理业,证监会行业分类
603178,C36汽车制造业,证监会行业分类
603179,C36汽车制造业,证监会行业分类
603180,C21家具制造业,证监会行业分类
603181,C26化学原料和化学制品制造业,证监会行业分类
603182,C13农副食品加工业,证监会行业分类
603183,M74专业技术服务业,证监会行业分类
603185,C38电气机械和器材制造业,证监会行业分类
603186,C39计算机、通信和其他电子设备制造业,证监会行业分类
603187,C34通用设备制造业,证监会行业分类
603188,C26化学原料和化学制品制造业,证监会行业分类
603189,I65软件和信息技术服务业,证监会行业分类
603190,C36汽车制造业,证监会行业分类
603191,C38电气机械和器材制造业,证监会行业分类
603192,C26化学原料和化学制品制造业,证监会行业分类
603193,C26化学原料和化学制品制造业,证监会行业分类
603194,C34通用设备制造业,证监会行业分类
603195,C38电气机械和器材制造业,证监会行业分类
603196,C18纺织服装、服饰业,证监会行业分类
603197,C36汽车制造业,证监会行业分类
603198,C15酒、饮料和精制茶制造业,证监会行业分类
603199,N78公共设施管理业,证监会行业分类
603200,N77生态保护和环境治理业,证监会行业分类
603201,C34通用设备制造业,证监会行业分类
603202,C36汽车制造业,证监会行业分类
603203,C35专用设备制造业,证监会行业分类
603205,C35专用设备制造业,证监会行业分类
603206,I65软件和信息技术服务业,证监会行业分类
603207,C27医药制造业,证监会行业分类
603208,C20木材加工和木、竹、藤、棕、草制品业,证监会行业分类
603209,G55水上运输业,证监会行业分类
603210,C36汽车制造业,证监会行业分类
603211,C36汽车制造业,证监会行业分类
603212,C29橡胶和塑料制品业,证监会行业分类
603213,C26化学原料和化学制品制造业,证监会行业分类
603214,F52零售业,证监会行业分类
603215,C38电气机械和器材制造业,证监会行业分类
603216,C20木材加工和木、竹、藤、棕、草制品业,证监会行业分类
603217,C26化学原料和化学制品制造业,证监会行业分类
603218,C34通用设备制造业,证监会行业分类
603219,C38电气机械和器材制造业,证监会行业分类
603220,I65软件和信息技术服务业,证监会行业分类
603221,C29橡胶和塑料制品业,证监会行业分类
603222,C35专用设备制造业,证监会行业分类
603223,D45燃气生产和供应业,证监会行业分类
603225,C28化学纤维制造业,证监会行业分类
603226,C20木材加工和木、竹、藤、棕、草制品业,证监会行业分类
603227,C26化学原料和化学制品制造业,证监会行业分类
603228,C39计算机、通信和其他电子设备制造业,证监会行业分类
603229,C27医药制造业,证监会行业分类
603230,R86新闻和出版业,证监会行业分类
603231,C13农副食品加工业,证监会行业分类
603232,I65软件和信息技术服务业,证监会行业分类
603233,F52零售业,证监会行业分类
603235,C14食品制造业,证监会行业分类
603236,C39计算机、通信和其他电子设备制造业,证监会行业分类
603237,C14食品制造业,证监会行业分类
603238,C17纺织业,证监会行业分类
603239,C36汽车制造业,证监会行业分类
603248,C34通用设备制造业,证监会行业分类
603255,C26化学原料和化学制品制造业,证监会行业分类
603256,C30非金属矿物制品业,证监会行业分类
603257,M74专业技术服务业,证监会行业分类
603258,I64互联网和相关服务,证监会行业分类
603259,M73研究和试验发展,证监会行业分类
603260,C26化学原料和化学制品制造业,证监会行业分类
603261,C37铁路、船舶、航空航天和其他运输设备制造业,证监会行业分类
603262,C14食品制造业,证监会行业分类
603266,C29橡胶和塑料制品业,证监会行业分类
603267,C39计算机、通信和其他电子设备制造业,证监会行业分类
603268,C37铁路、船舶、航空航天和其他运输设备制造业,证监会行业分类
603269,C34通用设备制造业,证监会行业分类
603270,C34通用设备制造业,证监会行业分类
603271,C32有色金属冶炼和压延加工业,证监会行业分类
603272,C24文教、工美、体育和娱乐用品制造业,证监会行业分类
603273,C35专用设备制造业,证监会行业分类
603275,C40仪器仪表制造业,证监会行业分类
603276,C26化学原料和化学制品制造业,证监会行业分类
603277,C34通用设备制造业,证监会行业分类
603278,C33金属制品业,证监会行业分类
603279,C34通用设备制造业,证监会行业分类
603280,C35专用设备制造业,证监会行业分类
603281,C26化学原料和化学制品制造业,证监会行业分类
603282,C35专用设备制造业,证监会行业分类
603283,C35专用设备制造业,证监会行业分类
603284,C22造纸和纸制品业,证监会行业分类
603285,C26化学原料和化学制品制造业,证监会行业分类
603286,C36汽车制造业,证监会行业分类
603288,C14食品制造业,证监会行业分类
603289,C35专用设备制造业,证监会行业分类
603290,C39计算机、通信和其他电子设备制造业,证监会行业分类
603291,D46水的生产和供应业,证监会行业分类
603293,C39计算机、通信和其他电子设备制造业,证监会行业分类
603296,C39计算机、通信和其他电子设备制造业,证监会行业分类
603297,C40仪器仪表制造业,证监会行业分类
603298,C34通用设备制造业,证监会行业分类
603299,C26化学原料和化学制品制造业,证监会行业分类
603300,L71租赁业,证监会行业分类
603301,C27医药制造业,证监会行业分类
603303,C38电气机械和器材制造业,证监会行业分类
603305,C36汽车制造业,证监会行业分类
603306,C36汽车制造业,证监会行业分类
603307,C17纺织业,证监会行业分类
603308,C34通用设备制造业,证监会行业分类
603309,C35专用设备制造业,证监会行业分类
603310,C26化学原料和化学制品制造业,证监会行业分类
603311,C35专用设备制造业,证监会行业分类
603312,C38电气机械和器材制造业,证监会行业分类
603313,C21家具制造业,证监会行业分类
603315,N77生态保护和环境治理业,证监会行业分类
603316,E48土木工程建筑业,证监会行业分类
603317,C14食品制造业,证监会行业分类
603318,D45燃气生产和供应业,证监会行业分类
603319,C36汽车制造业,证监会行业分类
603320,C34通用设备制造业,证监会行业分类
603321,C34通用设备制造业,证监会行业分类
603322,I65软件和信息技术服务业,证监会行业分类
603323,J66货币金融服务,证监会行业分类
603324,C35专用设备制造业,证监会行业分类
603325,C34通用设备制造业,证监会行业分类
603326,C21家具制造业,证监会行业分类
603327,C39计算机、通信和其他电子设备制造业,证监会行业分类
603328,C39计算机、通信和其他电子设备制造业,证监会行业分类
603329,L72商务服务业,证监会行业分类
603330,C29橡胶和塑料制品业,证监会行业分类
603331,C34通用设备制造业,证监会行业分类
603332,C28化学纤维制造业,证监会行业分类
603333,C38电气机械和器材制造业,证监会行业分类
603334,C42废弃资源综合利用业,证监会行业分类
603335,C36汽车制造业,证监会行业分类
603336,C13农副食品加工业,证监会行业分类
603337,C35专用设备制造业,证监会行业分类
603338,C35专用设备制造业,证监会行业分类
603339,C33金属制品业,证监会行业分类
603341,C39计算机、通信和其他电子设备制造业,证监会行业分类
603344,C38电气机械和器材制造业,证监会行业分类
603345,C13农副食品加工业,证监会行业分类
603348,C36汽车制造业,证监会行业分类
603350,C38电气机械和器材制造业,证监会行业分类
603351,C25石油、煤炭及其他燃料加工业,证监会行业分类
603352,C36汽车制造业,证监会行业分类
603353,F52零售业,证监会行业分类
603355,C38电气机械和器材制造业,证监会行业分类
603356,C34通用设备制造业,证监会行业分类
603357,M74专业技术服务业,证监会行业分类
603358,C36汽车制造业,证监会行业分类
603359,E48土木工程建筑业,证监会行业分类
603360,C26化学原料和化学制品制造业,证监会行业分类
603363,C13农副食品加工业,证监会行业分类
603365,C17纺织业,证监会行业分类
603366,C38电气机械和器材制造业,证监会行业分类
603367,C27医药制造业,证监会行业分类
603368,F51批发业,证监会行业分类
603369,C15酒、饮料和精制茶制造业,证监会行业分类
603370,C38电气机械和器材制造业,证监会行业分类
603373,L72商务服务业,证监会行业分类
603375,C39计算机、通信和其他电子设备制造业,证监会行业分类
603376,C36汽车制造业,证监会行业分类
603377,P83教育,证监会行业分类
603378,C26化学原料和化学制品制造业,证监会行业分类
603379,C26化学原料和化学制品制造业,证监会行业分类
603380,C39计算机、通信和其他电子设备制造业,证监会行业分类
603381,C38电气机械和器材制造业,证监会行业分类
603382,C26化学原料和化学制品制造业,证监会行业分类
603383,I65软件和信息技术服务业,证监会行业分类
603385,C30非金属矿物制品业,证监会行业分类
603386,C39计算机、通信和其他电子设备制造业,证监会行业分类
603387,C27医药制造业,证监会行业分类
603388,,证监会行业分类
603389,C21家具制造业,证监会行业分类
603390,C39计算机、通信和其他电子设备制造业,证监会行业分类
603391,C34通用设备制造业,证监会行业分类
603392,C27医药制造业,证监会行业分类
603393,D45燃气生产和供应业,证监会行业分类
603395,C26化学原料和化学制品制造业,证监会行业分类
603396,C35专用设备制造业,证监会行业分类
603398,C38电气机械和器材制造业,证监会行业分类
603399,C32有色金属冶炼和压延加工业,证监会行业分类
603400,C34通用设备制造业,证监会行业分类
603402,R88文化艺术业,证监会行业分类
603406,C28化学纤维制造业,证监会行业分类
603408,C29橡胶和塑料制品业,证监会行业分类
603409,C36汽车制造业,证监会行业分类
603416,C40仪器仪表制造业,证监会行业分类
603418,C36汽车制造业,证监会行业分类
603421,C40仪器仪表制造业,证监会行业分类
603429,C23印刷和记录媒介复制业,证监会行业分类
603439,C27医药制造业,证监会行业分类
603444,I64互联网和相关服务,证监会行业分类
603456,C27医药制造业,证监会行业分类
603458,M74专业技术服务业,证监会行业分类
603459,C39计算机、通信和其他电子设备制造业,证监会行业分类
603466,R88文化艺术业,证监会行业分类
603477,A03畜牧业,证监会行业分类
603486,C39计算机、通信和其他电子设备制造业,证监会行业分类
603488,C34通用设备制造业,证监会行业分类
603489,C38电气机械和器材制造业,证监会行业分类
603496,C39计算机、通信和其他电子设备制造业,证监会行业分类
603499,C23印刷和记录媒介复制业,证监会行业分类
603500,C37铁路、船舶、航空航天和其他运输设备制造业,证监会行业分类
603501,C39计算机、通信和其他电子设备制造业,证监会行业分类
603505,B10非金属矿采选业,证监会行业分类
603506,K70房地产业,证监会行业分类
603507,C38电气机械和器材制造业,证监会行业分类
603508,C37铁路、船舶、航空航天和其他运输设备制造业,证监会行业分类
603511,C18纺织服装、服饰业,证监会行业分类
603515,C38电气机械和器材制造业,证监会行业分类
603516,C39计算机、通信和其他电子设备制造业,证监会行业分类
603517,C13农副食品加工业,证监会行业分类
603518,C18纺织服装、服饰业,证监会行业分类
603519,C38电气机械和器材制造业,证监会行业分类
603520,C27医药制造业,证监会行业分类
603527,C32有色金属冶炼和压延加工业,证监会行业分类
603528,I65软件和信息技术服务业,证监会行业分类
603529,C37铁路、船舶、航空航天和其他运输设备制造业,证监会行业分类
603530,C38电气机械和器材制造业,证监会行业分类
603533,I64互联网和相关服务,证监会行业分类
603535,G59装卸搬运和仓储业,证监会行业分类
603536,C13农副食品加工业,证监会行业分类
603538,C27医药制造业,证监会行业分类
603551,C38电气机械和器材制造业,证监会行业分类
603555,,证监会行业分类
603556,C40仪器仪表制造业,证监会行业分类
603557,C19皮革、毛皮、羽毛及其制品和制鞋业,证监会行业分类
603558,C18纺织服装、服饰业,证监会行业分类
603559,I63电信、广播电视和卫星传输服务,证监会行业分类
603565,G55水上运输业,证监会行业分类
603566,C27医药制造业,证监会行业分类
603567,C27医药制造业,证监会行业分类
603568,N77生态保护和环境治理业,证监会行业分类
603569,G54道路运输业,证监会行业分类
603577,C33金属制品业,证监会行业分类
603578,C30非金属矿物制品业,证监会行业分类
603579,C38电气机械和器材制造业,证监会行业分类
603580,C29橡胶和塑料制品业,证监会行业分类
603583,C38电气机械和器材制造业,证监会行业分类
603585,C26化学原料和化学制品制造业,证监会行业分类
603586,C36汽车制造业,证监会行业分类
603587,C18纺织服装、服饰业,证监会行业分类
603588,N77生态保护和环境治理业,证监会行业分类
603589,C15酒、饮料和精制茶制造业,证监会行业分类
603590,C27医药制造业,证监会行业分类
603595,C39计算机、通信和其他电子设备制造业,证监会行业分类
603596,C36汽车制造业,证监会行业分类
603598,L72商务服务业,证监会行业分类
603599,C26化学原料和化学制品制造业,证监会行业分类
603600,C21家具制造业,证监会行业分类
603601,C30非金属矿物制品业,证监会行业分类
603602,I65软件和信息技术服务业,证监会行业分类
603603,,证监会行业分类
603605,C26化学原料和化学制品制造业,证监会行业分类
603606,C38电气机械和器材制造业,证监会行业分类
603607,C22造纸和纸制品业,证监会行业分类
603608,C19皮革、毛皮、羽毛及其制品和制鞋业,证监会行业分类
603609,C13农副食品加工业,证监会行业分类
603610,C21家具制造业,证监会行业分类
603611,C34通用设备制造业,证监会行业分类
603612,C30非金属矿物制品业,证监会行业分类
603613,I64互联网和相关服务,证监会行业分类
603615,C29橡胶和塑料制品业,证监会行业分类
603616,C30非金属矿物制品业,证监会行业分类
603617,C34通用设备制造业,证监会行业分类
603618,C38电气机械和器材制造业,证监会行业分类
603619,B07石油和天然气开采业,证监会行业分类
603626,C33金属制品业,证监会行业分类
603628,C38电气机械和器材制造业,证监会行业分类
603629,C33金属制品业,证监会行业分类
603630,C26化学原料和化学制品制造业,证监会行业分类
603633,C39计算机、通信和其他电子设备制造业,证监会行业分类
603636,I65软件和信息技术服务业,证监会行业分类
603637,E48土木工程建筑业,证监会行业分类
603638,C35专用设备制造业,证监会行业分类
603639,C26化学原料和化学制品制造业,证监会行业分类
603648,L72商务服务业,证监会行业分类
603650,C26化学原料和化学制品制造业,证监会行业分类
603655,C29橡胶和塑料制品业,证监会行业分类
603656,C35专用设备制造业,证监会行业分类
603657,C29橡胶和塑料制品业,证监会行业分类
603658,C27医药制造业,证监会行业分类
603659,C39计算机、通信和其他电子设备制造业,证监会行业分类
603660,C39计算机、通信和其他电子设备制造业,证监会行业分类
603661,C21家具制造业,证监会行业分类
603662,C39计算机、通信和其他电子设备制造业,证监会行业分类
603663,C30非金属矿物制品业,证监会行业分类
603665,C17纺织业,证监会行业分类
603666,C34通用设备制造业,证监会行业分类
603667,C34通用设备制造业,证监会行业分类
603668,C13农副食品加工业,证监会行业分类
603669,C27医药制造业,证监会行业分类
603676,C27医药制造业,证监会行业分类
603677,C38电气机械和器材制造业,证监会行业分类
603678,C39计算机、通信和其他电子设备制造业,证监会行业分类
603679,C38电气机械和器材制造业,证监会行业分类
603680,C37铁路、船舶、航空航天和其他运输设备制造业,证监会行业分类
603681,C26化学原料和化学制品制造业,证监会行业分类
603682,L72商务服务业,证监会行业分类
603683,C26化学原料和化学制品制造业,证监会行业分类
603685,C38电气机械和器材制造业,证监会行业分类
603686,N78公共设施管理业,证监会行业分类
603687,C22造纸和纸制品业,证监会行业分类
603688,C30非金属矿物制品业,证监会行业分类
603689,D45燃气生产和供应业,证监会行业分类
603690,C35专用设备制造业,证监会行业分类
603693,D44电力、热力生产和供应业,证监会行业分类
603696,C14食品制造业,证监会行业分类
603697,C13农副食品加工业,证监会行业分类
603698,C35专用设备制造业,证监会行业分类
603699,C34通用设备制造业,证监会行业分类
603700,C40仪器仪表制造业,证监会行业分类
603701,C38电气机械和器材制造业,证监会行业分类
603703,C38电气机械和器材制造业,证监会行业分类
603706,D45燃气生产和供应业,证监会行业分类
603707,C27医药制造业,证监会行业分类
603708,F52零售业,证监会行业分类
603709,C21家具制造业,证监会行业分类
603711,C15酒、饮料和精制茶制造业,证监会行业分类
603712,C39计算机、通信和其他电子设备制造业,证监会行业分类
603713,G58多式联运和运输代理业,证监会行业分类
603716,F51批发业,证监会行业分类
603717,A03畜牧业,证监会行业分类
603718,C27医药制造业,证监会行业分类
603719,F52零售业,证监会行业分类
603721,R87广播、电视、电影和录音制作业,证监会行业分类
603722,C26化学原料和化学制品制造业,证监会行业分类
603725,C30非金属矿物制品业,证监会行业分类
603726,C29橡胶和塑料制品业,证监会行业分类
603727,B11开采专业及辅助性活动,证监会行业分类
603728,C38电气机械和器材制造业,证监会行业分类
603729,L72商务服务业,证监会行业分类
603730,C36汽车制造业,证监会行业分类
603733,C22造纸和纸制品业,证监会行业分类
603737,C26化学原料和化学制品制造业,证监会行业分类
603738,C39计算机、通信和其他电子设备制造业,证监会行业分类
603739,C14食品制造业,证监会行业分类
603755,C14食品制造业,证监会行业分类
603757,C34通用设备制造业,证监会行业分类
603758,C36汽车制造业,证监会行业分类
603759,D46水的生产和供应业,证监会行业分类
603766,C37铁路、船舶、航空航天和其他运输设备制造业,证监会行业分类
603767,C36汽车制造业,证监会行业分类
603768,C36汽车制造业,证监会行业分类
603773,C39计算机、通信和其他电子设备制造业,证监会行业分类
603776,I65软件和信息技术服务业,证监会行业分类
603777,F52零售业,证监会行业分类
603778,C38电气机械和器材制造业,证监会行业分类
603779,C15酒、饮料和精制茶制造业,证监会行业分类
603786,C36汽车制造业,证监会行业分类
603787,C37铁路、船舶、航空航天和其他运输设备制造业,证监会行业分类
603788,C36汽车制造业,证监会行业分类
603789,C35专用设备制造业,证监会行业分类
603790,C26化学原料和化学制品制造业,证监会行业分类
603797,N77生态保护和环境治理业,证监会行业分类
603798,C25石油、煤炭及其他燃料加工业,证监会行业分类
603799,C32有色金属冶炼和压延加工业,证监会行业分类
603800,C35专用设备制造业,证监会行业分类
603801,C21家具制造业,证监会行业分类
603803,C39计算机、通信和其他电子设备制造业,证监会行业分类
603806,C29橡胶和塑料制品业,证监会行业分类
603808,C18纺织服装、服饰业,证监会行业分类
603809,C36汽车制造业,证监会行业分类
603810,C26化学原料和化学制品制造业,证监会行业分类
603811,C27医药制造业,证监会行业分类
603813,G54道路运输业,证监会行业分类
603815,E48土木工程建筑业,证监会行业分类
603816,C21家具制造业,证监会行业分类
603817,D46水的生产和供应业,证监会行业分类
603818,C21家具制造业,证监会行业分类
603819,C38电气机械和器材制造业,证监会行业分类
603822,C25石油、煤炭及其他燃料加工业,证监会行业分类
603823,C26化学原料和化学制品制造业,证监会行业分类
603825,L72商务服务业,证监会行业分类
603826,C26化学原料和化学制品制造业,证监会行业分类
603828,E50建筑装饰、装修和其他建筑业,证监会行业分类
603829,C38电气机械和器材制造业,证监会行业分类
603833,C21家具制造业,证监会行业分类
603836,L72商务服务业,证监会行业分类
603838,C30非金属矿物制品业,证监会行业分类
603839,C18纺织服装、服饰业,证监会行业分类
603843,E48土木工程建筑业,证监会行业分类
603848,C33金属制品业,证监会行业分类
603855,C35专用设备制造业,证监会行业分类
603856,C29橡胶和塑料制品业,证监会行业分类
603858,C27医药制造业,证监会行业分类
603859,I65软件和信息技术服务业,证监会行业分类
603860,M74专业技术服务业,证监会行业分类
603861,C38电气机械和器材制造业,证监会行业分类
603863,C22造纸和纸制品业,证监会行业分类
603866,C14食品制造业,证监会行业分类
603867,C26化学原料和化学制品制造业,证监会行业分类
603868,C38电气机械和器材制造业,证监会行业分类
603869,I65软件和信息技术服务业,证监会行业分类
603871,G58多式联运和运输代理业,证监会行业分类
603876,C32有色金属冶炼和压延加工业,证监会行业分类
603877,C18纺织服装、服饰业,证监会行业分类
603878,C31黑色金属冶炼和压延加工业,证监会行业分类
603879,C26化学原料和化学制品制造业,证监会行业分类
603880,C27医药制造业,证监会行业分类
603881,I65软件和信息技术服务业,证监会行业分类
603882,Q84卫生,证监会行业分类
603883,F52零售业,证监会行业分类
603885,G56航空运输业,证监会行业分类
603886,C14食品制造业,证监会行业分类
603887,I65软件和信息技术服务业,证监会行业分类
603888,I64互联网和相关服务,证监会行业分类
603889,C17纺织业,证监会行业分类
603890,C39计算机、通信和其他电子设备制造业,证监会行业分类
603893,C39计算机、通信和其他电子设备制造业,证监会行业分类
603895,C35专用设备制造业,证监会行业分类
603896,C27医药制造业,证监会行业分类
603897,C38电气机械和器材制造业,证监会行业分类
603898,C21家具制造业,证监会行业分类
603899,C24文教、工美、体育和娱乐用品制造业,证监会行业分类
603900,F52零售业,证监会行业分类
603901,C34通用设备制造业,证监会行业分类
603903,N77生态保护和环境治理业,证监会行业分类
603906,C39计算机、通信和其他电子设备制造业,证监会行业分类
603908,C17纺织业,证监会行业分类
603909,E48土木工程建筑业,证监会行业分类
603912,C34通用设备制造业,证监会行业分类
603915,C34通用设备制造业,证监会行业分类
603916,C26化学原料和化学制品制造业,证监会行业分类
603917,C35专用设备制造业,证监会行业分类
603918,I65软件和信息技术服务业,证监会行业分类
603919,C15酒、饮料和精制茶制造业,证监会行业分类
603920,C39计算机、通信和其他电子设备制造业,证监会行业分类
603922,C36汽车制造业,证监会行业分类
603926,C36汽车制造业,证监会行业分类
603927,I65软件和信息技术服务业,证监会行业分类
603928,C26化学原料和化学制品制造业,证监会行业分类
603929,E49建筑安装业,证监会行业分类
603931,C26化学原料和化学制品制造业,证监会行业分类
603933,C39计算机、通信和其他电子设备制造业,证监会行业分类
603936,C39计算机、通信和其他电子设备制造业,证监会行业分类
603937,C33金属制品业,证监会行业分类
603938,C26化学原料和化学制品制造业,证监会行业分类
603939,F52零售业,证监会行业分类
603948,C26化学原料和化学制品制造业,证监会行业分类
603949,C36汽车制造业,证监会行业分类
603950,C36汽车制造业,证监会行业分类
603955,E48土木工程建筑业,证监会行业分类
603956,C35专用设备制造业,证监会行业分类
603958,C19皮革、毛皮、羽毛及其制品和制鞋业,证监会行业分类
603959,E48土木工程建筑业,证监会行业分类
603960,C35专用设备制造业,证监会行业分类
603963,,证监会行业分类
603966,C34通用设备制造业,证监会行业分类
603967,G58多式联运和运输代理业,证监会行业分类
603968,C26化学原料和化学制品制造业,证监会行业分类
603969,C33金属制品业,证监会行业分类
603970,F51批发业,证监会行业分类
603976,C27医药制造业,证监会行业分类
603977,C26化学原料和化学制品制造业,证监会行业分类
603978,C32有色金属冶炼和压延加工业,证监会行业分类
603979,B11开采专业及辅助性活动,证监会行业分类
603980,C26化学原料和化学制品制造业,证监会行业分类
603982,C36汽车制造业,证监会行业分类
603983,C26化学原料和化学制品制造业,证监会行业分类
603985,C33金属制品业,证监会行业分类
603986,C39计算机、通信和其他电子设备制造业,证监会行业分类
603987,C35专用设备制造业,证监会行业分类
603988,C38电气机械和器材制造业,证监会行业分类
603989,C39计算机、通信和其他电子设备制造业,证监会行业分类
603990,I65软件和信息技术服务业,证监会行业分类
603991,C29橡胶和塑料制品业,证监会行业分类
603992,C29橡胶和塑料制品业,证监会行业分类
603993,B09有色金属矿采选业,证监会行业分类
603995,C31黑色金属冶炼和压延加工业,证监会行业分类
603996,,证监会行业分类
603997,C36汽车制造业,证监会行业分类
603998,C27医药制造业,证监会行业分类
603999,R86新闻和出版业,证监会行业分类
605001,C37铁路、船舶、航空航天和其他运输设备制造业,证监会行业分类
605003,C17纺织业,证监会行业分类
605005,C36汽车制造业,证监会行业分类
605006,C30非金属矿物制品业,证监会行业分类
605007,C22造纸和纸制品业,证监会行业分类
605008,C26化学原料和化学制品制造业,证监会行业分类
605009,C22造纸和纸制品业,证监会行业分类
605011,D44电力、热力生产和供应业,证监会行业分类
605016,C14食品制造业,证监会行业分类
605018,C36汽车制造业,证监会行业分类
605020,C26化学原料和化学制品制造业,证监会行业分类
605028,D44电力、热力生产和供应业,证监会行业分类
605033,C26化学原料和化学制品制造业,证监会行业分类
605050,G58多式联运和运输代理业,证监会行业分类
605055,C17纺织业,证监会行业分类
605056,F51批发业,证监会行业分类
605058,C39计算机、通信和其他电子设备制造业,证监会行业分类
605060,C34通用设备制造业,证监会行业分类
605066,C38电气机械和器材制造业,证监会行业分类
605068,C19皮革、毛皮、羽毛及其制品和制鞋业,证监会行业分类
605069,N77生态保护和环境治理业,证监会行业分类
605077,C14食品制造业,证监会行业分类
605080,C17纺织业,证监会行业分类
605081,N77生态保护和环境治理业,证监会行业分类
605086,B10非金属矿采选业,证监会行业分类
605088,C36汽车制造业,证监会行业分类
605089,C13农副食品加工业,证监会行业分类
605090,D45燃气生产和供应业,证监会行业分类
605098,P83教育,证监会行业分类
605099,C29橡胶和塑料制品业,证监会行业分类
605100,C34通用设备制造业,证监会行业分类
605108,H62餐饮业,证监会行业分类
605111,C39计算机、通信和其他电子设备制造业,证监会行业分类
605116,C27医药制造业,证监会行业分类
605117,C38电气机械和器材制造业,证监会行业分类
605118,C39计算机、通信和其他电子设备制造业,证监会行业分类
605122,C30非金属矿物制品业,证监会行业分类
605123,C33金属制品业,证监会行业分类
605128,C36汽车制造业,证监会行业分类
605133,C36汽车制造业,证监会行业分类
605136,F52零售业,证监会行业分类
605138,C18纺织服装、服饰业,证监会行业分类
605151,C36汽车制造业,证监会行业分类
605155,C17纺织业,证监会行业分类
605158,C33金属制品业,证监会行业分类
605162,D44电力、热力生产和供应业,证监会行业分类
605166,C26化学原料和化学制品制造业,证监会行业分类
605167,E48土木工程建筑业,证监会行业分类
605168,L72商务服务业,证监会行业分类
605169,D45燃气生产和供应业,证监会行业分类
605177,C27医药制造业,证监会行业分类
605178,E50建筑装饰、装修和其他建筑业,证监会行业分类
605179,C14食品制造业,证监会行业分类
605180,C17纺织业,证监会行业分类
605183,C26化学原料和化学制品制造业,证监会行业分类
605186,C35专用设备制造业,证监会行业分类
605188,F52零售业,证监会行业分类
605189,C17纺织业,证监会行业分类
605196,C38电气机械和器材制造业,证监会行业分类
605198,C15酒、饮料和精制茶制造业,证监会行业分类
605199,C27医药制造业,证监会行业分类
605208,C32有色金属冶炼和压延加工业,证监会行业分类
605218,C39计算机、通信和其他电子设备制造业,证监会行业分类
605222,C38电气机械和器材制造业,证监会行业分类
605228,C36汽车制造业,证监会行业分类
605255,C29橡胶和塑料制品业,证监会行业分类
605258,C39计算机、通信和其他电子设备制造业,证监会行业分类
605259,C34通用设备制造业,证监会行业分类
605266,F52零售业,证监会行业分类
605268,C33金属制品业,证监会行业分类
605277,C38电气机械和器材制造业,证监会行业分类
605286,C34通用设备制造业,证监会行业分类
605287,E50建筑装饰、装修和其他建筑业,证监会行业分类
605288,C38电气机械和器材制造业,证监会行业分类
605289,E50建筑装饰、装修和其他建筑业,证监会行业分类
605296,A03畜牧业,证监会行业分类
605298,C37铁路、船舶、航空航天和其他运输设备制造业,证监会行业分类
605299,C24文教、工美、体育和娱乐用品制造业,证监会行业分类
605300,C14食品制造业,证监会行业分类
605303,E48土木工程建筑业,证监会行业分类
605305,C35专用设备制造业,证监会行业分类
605318,C41其他制造业,证监会行业分类
605319,C36汽车制造业,证监会行业分类
605333,C36汽车制造业,证监会行业分类
605336,C38电气机械和器材制造业,证监会行业分类
605337,C15酒、饮料和精制茶制造业,证监会行业分类
605338,C14食品制造业,证监会行业分类
605339,C14食品制造业,证监会行业分类
605358,C39计算机、通信和其他电子设备制造业,证监会行业分类
605365,C38电气机械和器材制造业,证监会行业分类
605366,C26化学原料和化学制品制造业,证监会行业分类
605368,D45燃气生产和供应业,证监会行业分类
605369,C35专用设备制造业,证监会行业分类
605376,C39计算机、通信和其他电子设备制造业,证监会行业分类
605377,C22造纸和纸制品业,证监会行业分类
605378,C38电气机械和器材制造业,证监会行业分类
605388,C15酒、饮料和精制茶制造业,证监会行业分类
605389,C34通用设备制造业,证监会行业分类
605398,I65软件和信息技术服务业,证监会行业分类
605399,C26化学原料和化学制品制造业,证监会行业分类
605488,C29橡胶和塑料制品业,证监会行业分类
605499,C15酒、饮料和精制茶制造业,证监会行业分类
605500,C22造纸和纸制品业,证监会行业分类
605507,C27医药制造业,证监会行业分类
605555,C38电气机械和器材制造业,证监会行业分类
605566,C26化学原料和化学制品制造业,证监会行业分类
605567,C13农副食品加工业,证监会行业分类
605577,R86新闻和出版业,证监会行业分类
605580,D44电力、热力生产和供应业,证监会行业分类
605588,C39计算机、通信和其他电子设备制造业,证监会行业分类
605589,C26化学原料和化学制品制造业,证监会行业分类
605598,E48土木工程建筑业,证监会行业分类
605599,F52零售业,证监会行业分类
688001,C35专用设备制造业,证监会行业分类
688002,C39计算机、通信和其他电子设备制造业,证监会行业分类
688003,C35专用设备制造业,证监会行业分类
688004,I65软件和信息技术服务业,证监会行业分类
688005,C39计算机、通信和其他电子设备制造业,证监会行业分类
688006,C35专用设备制造业,证监会行业分类
688007,C39计算机、通信和其他电子设备制造业,证监会行业分类
688008,C39计算机、通信和其他电子设备制造业,证监会行业分类
688009,C37铁路、船舶、航空航天和其他运输设备制造业,证监会行业分类
688010,C40仪器仪表制造业,证监会行业分类
688011,C39计算机、通信和其他电子设备制造业,证监会行业分类
688012,C35专用设备制造业,证监会行业分类
688013,C35专用设备制造业,证监会行业分类
688015,C37铁路、船舶、航空航天和其他运输设备制造业,证监会行业分类
688016,C35专用设备制造业,证监会行业分类
688017,C34通用设备制造业,证监会行业分类
688018,I65软件和信息技术服务业,证监会行业分类
688019,C39计算机、通信和其他电子设备制造业,证监会行业分类
688020,C39计算机、通信和其他电子设备制造业,证监会行业分类
688021,C35专用设备制造业,证监会行业分类
688022,C35专用设备制造业,证监会行业分类
688023,I65软件和信息技术服务业,证监会行业分类
688025,C39计算机、通信和其他电子设备制造业,证监会行业分类
688026,C29橡胶和塑料制品业,证监会行业分类
688027,C39计算机、通信和其他电子设备制造业,证监会行业分类
688028,C34通用设备制造业,证监会行业分类
688029,C35专用设备制造业,证监会行业分类
688030,I65软件和信息技术服务业,证监会行业分类
688031,I65软件和信息技术服务业,证监会行业分类
688032,C38电气机械和器材制造业,证监会行业分类
688033,C30非金属矿物制品业,证监会行业分类
688035,C39计算机、通信和其他电子设备制造业,证监会行业分类
688036,C39计算机、通信和其他电子设备制造业,证监会行业分类
688037,C35专用设备制造业,证监会行业分类
688038,I65软件和信息技术服务业,证监会行业分类
688039,I65软件和信息技术服务业,证监会行业分类
688041,C39计算机、通信和其他电子设备制造业,证监会行业分类
688045,I65软件和信息技术服务业,证监会行业分类
688046,M73研究和试验发展,证监会行业分类
688047,C39计算机、通信和其他电子设备制造业,证监会行业分类
688048,C39计算机、通信和其他电子设备制造业,证监会行业分类
688049,C39计算机、通信和其他电子设备制造业,证监会行业分类
688050,C35专用设备制造业,证监会行业分类
688051,I65软件和信息技术服务业,证监会行业分类
688052,I65软件和信息技术服务业,证监会行业分类
688053,M74专业技术服务业,证监会行业分类
688055,C39计算机、通信和其他电子设备制造业,证监会行业分类
688056,C40仪器仪表制造业,证监会行业分类
688057,N77生态保护和环境治理业,证监会行业分类
688058,I65软件和信息技术服务业,证监会行业分类
688059,C33金属制品业,证监会行业分类
688060,I65软件和信息技术服务业,证监会行业分类
688061,I65软件和信息技术服务业,证监会行业分类
688062,C27医药制造业,证监会行业分类
688063,C38电气机械和器材制造业,证监会行业分类
688065,C28化学纤维制造业,证监会行业分类
688066,I65软件和信息技术服务业,证监会行业分类
688067,C27医药制造业,证监会行业分类
688068,C27医药制造业,证监会行业分类
688069,N77生态保护和环境治理业,证监会行业分类
688070,C37铁路、船舶、航空航天和其他运输设备制造业,证监会行业分类
688071,C35专用设备制造业,证监会行业分类
688072,C35专用设备制造业,证监会行业分类
688073,M73研究和试验发展,证监会行业分类
688075,C27医药制造业,证监会行业分类
688076,C27医药制造业,证监会行业分类
688077,C30非金属矿物制品业,证监会行业分类
688078,I65软件和信息技术服务业,证监会行业分类
688079,C39计算机、通信和其他电子设备制造业,证监会行业分类
688080,C39计算机、通信和其他电子设备制造业,证监会行业分类
688081,C39计算机、通信和其他电子设备制造业,证监会行业分类
688082,C35专用设备制造业,证监会行业分类
688083,I65软件和信息技术服务业,证监会行业分类
688084,C35专用设备制造业,证监会行业分类
688085,C35专用设备制造业,证监会行业分类
688086,,证监会行业分类
688087,C42废弃资源综合利用业,证监会行业分类
688088,I65软件和信息技术服务业,证监会行业分类
688089,C14食品制造业,证监会行业分类
688090,C34通用设备制造业,证监会行业分类
688091,C27医药制造业,证监会行业分类
688092,C34通用设备制造业,证监会行业分类
688093,C39计算机、通信和其他电子设备制造业,证监会行业分类
688095,I65软件和信息技术服务业,证监会行业分类
688096,C35专用设备制造业,证监会行业分类
688097,C35专用设备制造业,证监会行业分类
688098,C27医药制造业,证监会行业分类
688099,I65软件和信息技术服务业,证监会行业分类
688100,C39计算机、通信和其他电子设备制造业,证监会行业分类
688101,C35专用设备制造业,证监会行业分类
688102,C32有色金属冶炼和压延加工业,证监会行业分类
688103,C39计算机、通信和其他电子设备制造业,证监会行业分类
688105,M73研究和试验发展,证监会行业分类
688106,C26化学原料和化学制品制造业,证监会行业分类
688107,C39计算机、通信和其他电子设备制造业,证监会行业分类
688108,C35专用设备制造业,证监会行业分类
688109,I65软件和信息技术服务业,证监会行业分类
688110,C39计算机、通信和其他电子设备制造业,证监会行业分类
688111,I65软件和信息技术服务业,证监会行业分类
688112,C40仪器仪表制造业,证监会行业分类
688113,C35专用设备制造业,证监会行业分类
688114,C35专用设备制造业,证监会行业分类
688115,C40仪器仪表制造业,证监会行业分类
688116,C26化学原料和化学制品制造业,证监会行业分类
688117,C27医药制造业,证监会行业分类
688118,I65软件和信息技术服务业,证监会行业分类
688119,C30非金属矿物制品业,证监会行业分类
688120,C35专用设备制造业,证监会行业分类
688121,C35专用设备制造业,证监会行业分类
688122,C32有色金属冶炼和压延加工业,证监会行业分类
688123,C39计算机、通信和其他电子设备制造业,证监会行业分类
688125,C35专用设备制造业,证监会行业分类
688126,C39计算机、通信和其他电子设备制造业,证监会行业分类
688127,C40仪器仪表制造业,证监会行业分类
688128,C35专用设备制造业,证监会行业分类
688129,C26化学原料和化学制品制造业,证监会行业分类
688130,I65软件和信息技术服务业,证监会行业分类
688131,M73研究和试验发展,证监会行业分类
688132,C39计算机、通信和其他电子设备制造业,证监会行业分类
688133,M73研究和试验发展,证监会行业分类
688135,C39计算机、通信和其他电子设备制造业,证监会行业分类
688136,C27医药制造业,证监会行业分类
688137,M73研究和试验发展,证监会行业分类
688138,C39计算机、通信和其他电子设备制造业,证监会行业分类
688139,C35专用设备制造业,证监会行业分类
688141,I65软件和信息技术服务业,证监会行业分类
688143,C39计算机、通信和其他电子设备制造业,证监会行业分类
688146,C39计算机、通信和其他电子设备制造业,证监会行业分类
688147,C35专用设备制造业,证监会行业分类
688148,C39计算机、通信和其他电子设备制造业,证监会行业分类
688150,C39计算机、通信和其他电子设备制造业,证监会行业分类
688151,C27医药制造业,证监会行业分类
688152,I65软件和信息技术服务业,证监会行业分类
688153,C39计算机、通信和其他电子设备制造业,证监会行业分类
688155,C35专用设备制造业,证监会行业分类
688156,N77生态保护和环境治理业,证监会行业分类
688157,C26化学原料和化学制品制造业,证监会行业分类
688158,I64互联网和相关服务,证监会行业分类
688159,C39计算机、通信和其他电子设备制造业,证监会行业分类
688160,C40仪器仪表制造业,证监会行业分类
688161,C35专用设备制造业,证监会行业分类
688162,C35专用设备制造业,证监会行业分类
688163,C27医药制造业,证监会行业分类
688165,C34通用设备制造业,证监会行业分类
688166,C27医药制造业,证监会行业分类
688167,C39计算机、通信和其他电子设备制造业,证监会行业分类
688168,I65软件和信息技术服务业,证监会行业分类
688169,C39计算机、通信和其他电子设备制造业,证监会行业分类
688170,C35专用设备制造业,证监会行业分类
688171,I65软件和信息技术服务业,证监会行业分类
688172,C39计算机、通信和其他电子设备制造业,证监会行业分类
688173,I65软件和信息技术服务业,证监会行业分类
688175,C39计算机、通信和其他电子设备制造业,证监会行业分类
688176,C27医药制造业,证监会行业分类
688177,C27医药制造业,证监会行业分类
688178,N77生态保护和环境治理业,证监会行业分类
688179,M73研究和试验发展,证监会行业分类
688180,C27医药制造业,证监会行业分类
688181,C39计算机、通信和其他电子设备制造业,证监会行业分类
688182,C39计算机、通信和其他电子设备制造业,证监会行业分类
688183,C39计算机、通信和其他电子设备制造业,证监会行业分类
688184,C39计算机、通信和其他电子设备制造业,证监会行业分类
688185,C27医药制造业,证监会行业分类
688186,C34通用设备制造业,证监会行业分类
688187,C37铁路、船舶、航空航天和其他运输设备制造业,证监会行业分类
688188,I65软件和信息技术服务业,证监会行业分类
688189,C27医药制造业,证监会行业分类
688190,C31黑色金属冶炼和压延加工业,证监会行业分类
688191,I65软件和信息技术服务业,证监会行业分类
688192,C27医药制造业,证监会行业分类
688193,C27医药制造业,证监会行业分类
688195,C39计算机、通信和其他电子设备制造业,证监会行业分类
688196,C42废弃资源综合利用业,证监会行业分类
688197,C27医药制造业,证监会行业分类
688198,C35专用设备制造业,证监会行业分类
688199,C26化学原料和化学制品制造业,证监会行业分类
688200,C35专用设备制造业,证监会行业分类
688201,I65软件和信息技术服务业,证监会行业分类
688202,M73研究和试验发展,证监会行业分类
688203,C28化学纤维制造业,证监会行业分类
688205,C39计算机、通信和其他电子设备制造业,证监会行业分类
688206,I65软件和信息技术服务业,证监会行业分类
688207,I65软件和信息技术服务业,证监会行业分类
688208,C39计算机、通信和其他电子设备制造业,证监会行业分类
688209,C39计算机、通信和其他电子设备制造业,证监会行业分类
688210,C39计算机、通信和其他电子设备制造业,证监会行业分类
688211,C34通用设备制造业,证监会行业分类
688212,C35专用设备制造业,证监会行业分类
688213,I65软件和信息技术服务业,证监会行业分类
688215,C35专用设备制造业,证监会行业分类
688216,C39计算机、通信和其他电子设备制造业,证监会行业分类
688217,C27医药制造业,证监会行业分类
688218,C34通用设备制造业,证监会行业分类
688219,C29橡胶和塑料制品业,证监会行业分类
688220,C39计算机、通信和其他电子设备制造业,证监会行业分类
688221,C27医药制造业,证监会行业分类
688222,M73研究和试验发展,证监会行业分类
688223,C38电气机械和器材制造业,证监会行业分类
688225,I65软件和信息技术服务业,证监会行业分类
688226,C38电气机械和器材制造业,证监会行业分类
688227,I65软件和信息技术服务业,证监会行业分类
688228,I65软件和信息技术服务业,证监会行业分类
688229,I65软件和信息技术服务业,证监会行业分类
688230,C39计算机、通信和其他电子设备制造业,证监会行业分类
688231,C32有色金属冶炼和压延加工业,证监会行业分类
688232,I65软件和信息技术服务业,证监会行业分类
688233,C39计算机、通信和其他电子设备制造业,证监会行业分类
688234,C39计算机、通信和其他电子设备制造业,证监会行业分类
688235,C27医药制造业,证监会行业分类
688236,C35专用设备制造业,证监会行业分类
688237,C37铁路、船舶、航空航天和其他运输设备制造业,证监会行业分类
688238,M73研究和试验发展,证监会行业分类
688239,C37铁路、船舶、航空航天和其他运输设备制造业,证监会行业分类
688244,I65软件和信息技术服务业,证监会行业分类
688246,I65软件和信息技术服务业,证监会行业分类
688247,C27医药制造业,证监会行业分类
688248,M74专业技术服务业,证监会行业分类
688249,C39计算机、通信和其他电子设备制造业,证监会行业分类
688251,C34通用设备制造业,证监会行业分类
688252,I65软件和信息技术服务业,证监会行业分类
688253,C27医药制造业,证监会行业分类
688255,C34通用设备制造业,证监会行业分类
688256,I65软件和信息技术服务业,证监会行业分类
688257,C32有色金属冶炼和压延加工业,证监会行业分类
688258,I65软件和信息技术服务业,证监会行业分类
688259,I65软件和信息技术服务业,证监会行业分类
688260,C39计算机、通信和其他电子设备制造业,证监会行业分类
688261,C39计算机、通信和其他电子设备制造业,证监会行业分类
688262,I65软件和信息技术服务业,证监会行业分类
688265,M73研究和试验发展,证监会行业分类
688266,C27医药制造业,证监会行业分类
688267,C26化学原料和化学制品制造业,证监会行业分类
688268,C39计算机、通信和其他电子设备制造业,证监会行业分类
688269,C26化学原料和化学制品制造业,证监会行业分类
688270,C39计算机、通信和其他电子设备制造业,证监会行业分类
688271,C35专用设备制造业,证监会行业分类
688272,C39计算机、通信和其他电子设备制造业,证监会行业分类
688273,C35专用设备制造业,证监会行业分类
688275,C39计算机、通信和其他电子设备制造业,证监会行业分类
688276,C27医药制造业,证监会行业分类
688277,C35专用设备制造业,证监会行业分类
688278,C27医药制造业,证监会行业分类
688279,I65软件和信息技术服务业,证监会行业分类
688280,C36汽车制造业,证监会行业分类
688281,C41其他制造业,证监会行业分类
688282,C39计算机、通信和其他电子设备制造业,证监会行业分类
688283,C40仪器仪表制造业,证监会行业分类
688285,C37铁路、船舶、航空航天和其他运输设备制造业,证监会行业分类
688286,C39计算机、通信和其他电子设备制造业,证监会行业分类
688287,C37铁路、船舶、航空航天和其他运输设备制造业,证监会行业分类
688288,C39计算机、通信和其他电子设备制造业,证监会行业分类
688289,C27医药制造业,证监会行业分类
688290,C35专用设备制造业,证监会行业分类
688291,I65软件和信息技术服务业,证监会行业分类
688292,I65软件和信息技术服务业,证监会行业分类
688293,M73研究和试验发展,证监会行业分类
688295,C28化学纤维制造业,证监会行业分类
688296,I65软件和信息技术服务业,证监会行业分类
688297,C37铁路、船舶、航空航天和其他运输设备制造业,证监会行业分类
688298,C27医药制造业,证监会行业分类
688299,C29橡胶和塑料制品业,证监会行业分类
688300,C39计算机、通信和其他电子设备制造业,证监会行业分类
688301,C35专用设备制造业,证监会行业分类
688302,C27医药制造业,证监会行业分类
688303,C38电气机械和器材制造业,证监会行业分类
688305,C34通用设备制造业,证监会行业分类
688306,C35专用设备制造业,证监会行业分类
688307,C39计算机、通信和其他电子设备制造业,证监会行业分类
688308,C33金属制品业,证监会行业分类
688309,C35专用设备制造业,证监会行业分类
688310,C35专用设备制造业,证监会行业分类
688311,C39计算机、通信和其他电子设备制造业,证监会行业分类
688312,C35专用设备制造业,证监会行业分类
688313,C39计算机、通信和其他电子设备制造业,证监会行业分类
688314,C35专用设备制造业,证监会行业分类
688315,M73研究和试验发展,证监会行业分类
688316,I64互联网和相关服务,证监会行业分类
688317,C27医药制造业,证监会行业分类
688318,I65软件和信息技术服务业,证监会行业分类
688319,C27医药制造业,证监会行业分类
688320,C40仪器仪表制造业,证监会行业分类
688321,C27医药制造业,证监会行业分类
688322,C39计算机、通信和其他电子设备制造业,证监会行业分类
688323,C29橡胶和塑料制品业,证监会行业分类
688325,I65软件和信息技术服务业,证监会行业分类
688326,C39计算机、通信和其他电子设备制造业,证监会行业分类
688327,I65软件和信息技术服务业,证监会行业分类
688328,C35专用设备制造业,证监会行业分类
688329,C35专用设备制造业,证监会行业分类
688330,C38电气机械和器材制造业,证监会行业分类
688331,C27医药制造业,证监会行业分类
688332,C39计算机、通信和其他电子设备制造业,证监会行业分类
688333,C34通用设备制造业,证监会行业分类
688334,M74专业技术服务业,证监会行业分类
688335,C35专用设备制造业,证监会行业分类
688336,C27医药制造业,证监会行业分类
688337,C40仪器仪表制造业,证监会行业分类
688338,C27医药制造业,证监会行业分类
688339,C38电气机械和器材制造业,证监会行业分类
688343,I65软件和信息技术服务业,证监会行业分类
688345,C38电气机械和器材制造业,证监会行业分类
688347,C39计算机、通信和其他电子设备制造业,证监会行业分类
688348,C38电气机械和器材制造业,证监会行业分类
688349,C38电气机械和器材制造业,证监会行业分类
688350,C26化学原料和化学制品制造业,证监会行业分类
688351,C35专用设备制造业,证监会行业分类
688352,C39计算机、通信和其他电子设备制造业,证监会行业分类
688353,C26化学原料和化学制品制造业,证监会行业分类
688355,C33金属制品业,证监会行业分类
688356,C26化学原料和化学制品制造业,证监会行业分类
688357,C26化学原料和化学制品制造业,证监会行业分类
688358,C35专用设备制造业,证监会行业分类
688359,C26化学原料和化学制品制造业,证监会行业分类
688360,C34通用设备制造业,证监会行业分类
688361,C35专用设备制造业,证监会行业分类
688362,C39计算机、通信和其他电子设备制造业,证监会行业分类
688363,C26化学原料和化学制品制造业,证监会行业分类
688365,I65软件和信息技术服务业,证监会行业分类
688366,C35专用设备制造业,证监会行业分类
688367,C37铁路、船舶、航空航天和其他运输设备制造业,证监会行业分类
688368,I65软件和信息技术服务业,证监会行业分类
688369,I65软件和信息技术服务业,证监会行业分类
688370,N77生态保护和环境治理业,证监会行业分类
688371,C39计算机、通信和其他电子设备制造业,证监会行业分类
688372,M74专业技术服务业,证监会行业分类
688373,C27医药制造业,证监会行业分类
688375,C39计算机、通信和其他电子设备制造业,证监会行业分类
688376,C35专用设备制造业,证监会行业分类
688377,C35专用设备制造业,证监会行业分类
688378,C39计算机、通信和其他电子设备制造业,证监会行业分类
688379,C33金属制品业,证监会行业分类
688380,C39计算机、通信和其他电子设备制造业,证监会行业分类
688381,C39计算机、通信和其他电子设备制造业,证监会行业分类
688382,C27医药制造业,证监会行业分类
688383,C35专用设备制造业,证监会行业分类
688385,C39计算机、通信和其他电子设备制造业,证监会行业分类
688386,C29橡胶和塑料制品业,证监会行业分类
688387,C39计算机、通信和其他电子设备制造业,证监会行业分类
688388,C39计算机、通信和其他电子设备制造业,证监会行业分类
688389,C35专用设备制造业,证监会行业分类
688390,C38电气机械和器材制造业,证监会行业分类
688391,I65软件和信息技术服务业,证监会行业分类
688392,C35专用设备制造业,证监会行业分类
688393,C27医药制造业,证监会行业分类
688395,C38电气机械和器材制造业,证监会行业分类
688396,C39计算机、通信和其他电子设备制造业,证监会行业分类
688398,C30非金属矿物制品业,证监会行业分类
688399,C27医药制造业,证监会行业分类
688400,C39计算机、通信和其他电子设备制造业,证监会行业分类
688401,C39计算机、通信和其他电子设备制造业,证监会行业分类
688403,C39计算机、通信和其他电子设备制造业,证监会行业分类
688408,C38电气机械和器材制造业,证监会行业分类
688409,C34通用设备制造业,证监会行业分类
688410,C35专用设备制造业,证监会行业分类
688411,C38电气机械和器材制造业,证监会行业分类
688416,C39计算机、通信和其他电子设备制造业,证监会行业分类
688418,C39计算机、通信和其他电子设备制造业,证监会行业分类
688419,C35专用设备制造业,证监会行业分类
688420,C35专用设备制造业,证监会行业分类
688425,C35专用设备制造业,证监会行业分类
688426,C27医药制造业,证监会行业分类
688428,C27医药制造业,证监会行业分类
688429,C38电气机械和器材制造业,证监会行业分类
688432,C39计算机、通信和其他电子设备制造业,证监会行业分类
688433,C34通用设备制造业,证监会行业分类
688435,I65软件和信息技术服务业,证监会行业分类
688439,C39计算机、通信和其他电子设备制造业,证监会行业分类
688443,C27医药制造业,证监会行业分类
688448,C34通用设备制造业,证监会行业分类
688449,I65软件和信息技术服务业,证监会行业分类
688450,C39计算机、通信和其他电子设备制造业,证监会行业分类
688455,C34通用设备制造业,证监会行业分类
688456,C33金属制品业,证监会行业分类
688458,C39计算机、通信和其他电子设备制造业,证监会行业分类
688459,C37铁路、船舶、航空航天和其他运输设备制造业,证监会行业分类
688466,N77生态保护和环境治理业,证监会行业分类
688468,C27医药制造业,证监会行业分类
688469,C39计算机、通信和其他电子设备制造业,证监会行业分类
688472,C38电气机械和器材制造业,证监会行业分类
688475,C39计算机、通信和其他电子设备制造业,证监会行业分类
688478,C35专用设备制造业,证监会行业分类
688479,I65软件和信息技术服务业,证监会行业分类
688480,N77生态保护和环境治理业,证监会行业分类
688484,I65软件和信息技术服务业,证监会行业分类
688485,N77生态保护和环境治理业,证监会行业分类
688486,I65软件和信息技术服务业,证监会行业分类
688488,C27医药制造业,证监会行业分类
688489,C39计算机、通信和其他电子设备制造业,证监会行业分类
688496,C39计算机、通信和其他电子设备制造业,证监会行业分类
688498,C39计算机、通信和其他电子设备制造业,证监会行业分类
688499,C35专用设备制造业,证监会行业分类
688500,I65软件和信息技术服务业,证监会行业分类
688501,C35专用设备制造业,证监会行业分类
688502,C40仪器仪表制造业,证监会行业分类
688503,C38电气机械和器材制造业,证监会行业分类
688505,C27医药制造业,证监会行业分类
688506,C27医药制造业,证监会行业分类
688507,I65软件和信息技术服务业,证监会行业分类
688508,I65软件和信息技术服务业,证监会行业分类
688509,M74专业技术服务业,证监会行业分类
688510,C37铁路、船舶、航空航天和其他运输设备制造业,证监会行业分类
688511,C39计算机、通信和其他电子设备制造业,证监会行业分类
688512,C39计算机、通信和其他电子设备制造业,证监会行业分类
688513,C27医药制造业,证监会行业分类
688515,I65软件和信息技术服务业,证监会行业分类
688516,C35专用设备制造业,证监会行业分类
688517,C38电气机械和器材制造业,证监会行业分类
688518,C35专用设备制造业,证监会行业分类
688519,C39计算机、通信和其他电子设备制造业,证监会行业分类
688520,C27医药制造业,证监会行业分类
688521,I65软件和信息技术服务业,证监会行业分类
688522,C39计算机、通信和其他电子设备制造业,证监会行业分类
688523,C37铁路、船舶、航空航天和其他运输设备制造业,证监会行业分类
688525,C39计算机、通信和其他电子设备制造业,证监会行业分类
688526,C27医药制造业,证监会行业分类
688528,C40仪器仪表制造业,证监会行业分类
688529,C35专用设备制造业,证监会行业分类
688530,C39计算机、通信和其他电子设备制造业,证监会行业分类
688531,C35专用设备制造业,证监会行业分类
688533,C39计算机、通信和其他电子设备制造业,证监会行业分类
688535,C39计算机、通信和其他电子设备制造业,证监会行业分类
688536,I65软件和信息技术服务业,证监会行业分类
688538,C39计算机、通信和其他电子设备制造业,证监会行业分类
688539,C39计算机、通信和其他电子设备制造业,证监会行业分类
688543,C37铁路、船舶、航空航天和其他运输设备制造业,证监会行业分类
688545,C39计算机、通信和其他电子设备制造业,证监会行业分类
688548,C39计算机、通信和其他电子设备制造业,证监会行业分类
688549,C39计算机、通信和其他电子设备制造业,证监会行业分类
688550,C26化学原料和化学制品制造业,证监会行业分类
688551,C35专用设备制造业,证监会行业分类
688552,C39计算机、通信和其他电子设备制造业,证监会行业分类
688553,C27医药制造业,证监会行业分类
688555,,证监会行业分类
688556,C35专用设备制造业,证监会行业分类
688557,C34通用设备制造业,证监会行业分类
688558,C34通用设备制造业,证监会行业分类
688559,C35专用设备制造业,证监会行业分类
688560,C29橡胶和塑料制品业,证监会行业分类
688561,I65软件和信息技术服务业,证监会行业分类
688562,I65软件和信息技术服务业,证监会行业分类
688563,C37铁路、船舶、航空航天和其他运输设备制造业,证监会行业分类
688565,C35专用设备制造业,证监会行业分类
688566,C27医药制造业,证监会行业分类
688567,C38电气机械和器材制造业,证监会行业分类
688568,I65软件和信息技术服务业,证监会行业分类
688569,C37铁路、船舶、航空航天和其他运输设备制造业,证监会行业分类
688570,C40仪器仪表制造业,证监会行业分类
688571,C26化学原料和化学制品制造业,证监会行业分类
688573,C35专用设备制造业,证监会行业分类
688575,C27医药制造业,证监会行业分类
688576,C35专用设备制造业,证监会行业分类
688577,C34通用设备制造业,证监会行业分类
688578,C27医药制造业,证监会行业分类
688579,I65软件和信息技术服务业,证监会行业分类
688580,C35专用设备制造业,证监会行业分类
688581,C35专用设备制造业,证监会行业分类
688582,C39计算机、通信和其他电子设备制造业,证监会行业分类
688583,C40仪器仪表制造业,证监会行业分类
688584,C39计算机、通信和其他电子设备制造业,证监会行业分类
688585,C26化学原料和化学制品制造业,证监会行业分类
688586,C37铁路、船舶、航空航天和其他运输设备制造业,证监会行业分类
688588,I65软件和信息技术服务业,证监会行业分类
688589,I65软件和信息技术服务业,证监会行业分类
688590,I65软件和信息技术服务业,证监会行业分类
688591,C39计算机、通信和其他电子设备制造业,证监会行业分类
688592,C39计算机、通信和其他电子设备制造业,证监会行业分类
688593,I65软件和信息技术服务业,证监会行业分类
688595,C39计算机、通信和其他电子设备制造业,证监会行业分类
688596,C35专用设备制造业,证监会行业分类
688597,C40仪器仪表制造业,证监会行业分类
688598,C30非金属矿物制品业,证监会行业分类
688599,C38电气机械和器材制造业,证监会行业分类
688600,C40仪器仪表制造业,证监会行业分类
688601,C39计算机、通信和其他电子设备制造业,证监会行业分类
688602,C26化学原料和化学制品制造业,证监会行业分类
688603,C39计算机、通信和其他电子设备制造业,证监会行业分类
688605,C34通用设备制造业,证监会行业分类
688606,C27医药制造业,证监会行业分类
688607,C35专用设备制造业,证监会行业分类
688608,C39计算机、通信和其他电子设备制造业,证监会行业分类
688609,C39计算机、通信和其他电子设备制造业,证监会行业分类
688610,C40仪器仪表制造业,证监会行业分类
688611,C38电气机械和器材制造业,证监会行业分类
688612,C36汽车制造业,证监会行业分类
688613,C35专用设备制造业,证监会行业分类
688615,I65软件和信息技术服务业,证监会行业分类
688616,C40仪器仪表制造业,证监会行业分类
688617,C35专用设备制造业,证监会行业分类
688618,C39计算机、通信和其他电子设备制造业,证监会行业分类
688619,I65软件和信息技术服务业,证监会行业分类
688620,C39计算机、通信和其他电子设备制造业,证监会行业分类
688621,M73研究和试验发展,证监会行业分类
688622,C40仪器仪表制造业,证监会行业分类
688623,C35专用设备制造业,证监会行业分类
688625,C26化学原料和化学制品制造业,证监会行业分类
688626,C35专用设备制造业,证监会行业分类
688627,C35专用设备制造业,证监会行业分类
688628,C40仪器仪表制造业,证监会行业分类
688629,C39计算机、通信和其他电子设备制造业,证监会行业分类
688630,C35专用设备制造业,证监会行业分类
688631,I65软件和信息技术服务业,证监会行业分类
688633,C35专用设备制造业,证监会行业分类
688636,C39计算机、通信和其他电子设备制造业,证监会行业分类
688638,C35专用设备制造业,证监会行业分类
688639,C26化学原料和化学制品制造业,证监会行业分类
688646,C35专用设备制造业,证监会行业分类
688648,C34通用设备制造业,证监会行业分类
688651,I65软件和信息技术服务业,证监会行业分类
688652,C35专用设备制造业,证监会行业分类
688653,C39计算机、通信和其他电子设备制造业,证监会行业分类
688655,C39计算机、通信和其他电子设备制造业,证监会行业分类
688656,C27医药制造业,证监会行业分类
688657,I65软件和信息技术服务业,证监会行业分类
688658,C27医药制造业,证监会行业分类
688659,C26化学原料和化学制品制造业,证监会行业分类
688660,C34通用设备制造业,证监会行业分类
688661,C39计算机、通信和其他电子设备制造业,证监会行业分类
688662,C39计算机、通信和其他电子设备制造业,证监会行业分类
688663,C38电气机械和器材制造业,证监会行业分类
688665,C39计算机、通信和其他电子设备制造业,证监会行业分类
688667,C39计算机、通信和其他电子设备制造业,证监会行业分类
688668,C39计算机、通信和其他电子设备制造业,证监会行业分类
688669,C29橡胶和塑料制品业,证监会行业分类
688670,C27医药制造业,证监会行业分类
688671,C40仪器仪表制造业,证监会行业分类
688676,C38电气机械和器材制造业,证监会行业分类
688677,C35专用设备制造业,证监会行业分类
688678,C34通用设备制造业,证监会行业分类
688679,N77生态保护和环境治理业,证监会行业分类
688680,C29橡胶和塑料制品业,证监会行业分类
688681,C38电气机械和器材制造业,证监会行业分类
688682,I65软件和信息技术服务业,证监会行业分类
688683,C39计算机、通信和其他电子设备制造业,证监会行业分类
688685,C37铁路、船舶、航空航天和其他运输设备制造业,证监会行业分类
688686,C40仪器仪表制造业,证监会行业分类
688687,C27医药制造业,证监会行业分类
688689,C39计算机、通信和其他电子设备制造业,证监会行业分类
688690,C26化学原料和化学制品制造业,证监会行业分类
688691,I65软件和信息技术服务业,证监会行业分类
688692,I65软件和信息技术服务业,证监会行业分类
688693,C39计算机、通信和其他电子设备制造业,证监会行业分类
688695,I65软件和信息技术服务业,证监会行业分类
688696,C39计算机、通信和其他电子设备制造业,证监会行业分类
688697,C34通用设备制造业,证监会行业分类
688698,C40仪器仪表制造业,证监会行业分类
688699,I65软件和信息技术服务业,证监会行业分类
688700,C35专用设备制造业,证监会行业分类
688701,N77生态保护和环境治理业,证监会行业分类
688702,I65软件和信息技术服务业,证监会行业分类
688707,C39计算机、通信和其他电子设备制造业,证监会行业分类
688708,C41其他制造业,证监会行业分类
688709,C39计算机、通信和其他电子设备制造业,证监会行业分类
688710,M73研究和试验发展,证监会行业分类
688711,C39计算机、通信和其他电子设备制造业,证监会行业分类
688712,C35专用设备制造业,证监会行业分类
688716,C26化学原料和化学制品制造业,证监会行业分类
688717,C38电气机械和器材制造业,证监会行业分类
688718,C35专用设备制造业,证监会行业分类
688719,C38电气机械和器材制造业,证监会行业分类
688720,C39计算机、通信和其他电子设备制造业,证监会行业分类
688721,C39计算机、通信和其他电子设备制造业,证监会行业分类
688722,C28化学纤维制造业,证监会行业分类
688726,C38电气机械和器材制造业,证监会行业分类
688727,C39计算机、通信和其他电子设备制造业,证监会行业分类
688728,C39计算机、通信和其他电子设备制造业,证监会行业分类
688729,C35专用设备制造业,证监会行业分类
688733,C39计算机、通信和其他电子设备制造业,证监会行业分类
688737,C26化学原料和化学制品制造业,证监会行业分类
688739,C27医药制造业,证监会行业分类
688750,C32有色金属冶炼和压延加工业,证监会行业分类
688755,C35专用设备制造业,证监会行业分类
688757,M74专业技术服务业,证监会行业分类
688758,C26化学原料和化学制品制造业,证监会行业分类
688759,C27医药制造业,证监会行业分类
688765,C27医药制造业,证监会行业分类
688766,C39计算机、通信和其他电子设备制造业,证监会行业分类
688767,C27医药制造业,证监会行业分类
688768,C40仪器仪表制造业,证监会行业分类
688772,C38电气机械和器材制造业,证监会行业分类
688775,C39计算机、通信和其他电子设备制造业,证监会行业分类
688776,C39计算机、通信和其他电子设备制造业,证监会行业分类
688777,I65软件和信息技术服务业,证监会行业分类
688778,C39计算机、通信和其他电子设备制造业,证监会行业分类
688779,C39计算机、通信和其他电子设备制造业,证监会行业分类
688781,C39计算机、通信和其他电子设备制造业,证监会行业分类
688783,C39计算机、通信和其他电子设备制造业,证监会行业分类
688785,C35专用设备制造业,证监会行业分类
688786,C33金属制品业,证监会行业分类
688787,I65软件和信息技术服务业,证监会行业分类
688788,C39计算机、通信和其他电子设备制造业,证监会行业分类
688789,C35专用设备制造业,证监会行业分类
688790,C39计算机、通信和其他电子设备制造业,证监会行业分类
688793,C38电气机械和器材制造业,证监会行业分类
688795,C39计算机、通信和其他电子设备制造业,证监会行业分类
688796,M73研究和试验发展,证监会行业分类
688798,C39计算机、通信和其他电子设备制造业,证监会行业分类
688799,C27医药制造业,证监会行业分类
688800,C39计算机、通信和其他电子设备制造业,证监会行业分类
688802,C39计算机、通信和其他电子设备制造业,证监会行业分类
688805,C35专用设备制造业,证监会行业分类
688807,C39计算机、通信和其他电子设备制造业,证监会行业分类
688809,C39计算机、通信和其他电子设备制造业,证监会行业分类
688811,C32有色金属冶炼和压延加工业,证监会行业分类
688813,C35专用设备制造业,证监会行业分类
688816,C40仪器仪表制造业,证监会行业分类
688818,C37铁路、船舶、航空航天和其他运输设备制造业,证监会行业分类
688819,C38电气机械和器材制造业,证监会行业分类
688981,C39计算机、通信和其他电子设备制造业,证监会行业分类
689009,C39计算机、通信和其他电子设备制造业,证监会行业分类
000001,J66货币金融服务,证监会行业分类
000002,K70房地产业,证监会行业分类
000003,,证监会行业分类
000004,I65软件和信息技术服务业,证监会行业分类
000005,,证监会行业分类
000006,K70房地产业,证监会行业分类
000007,K70房地产业,证监会行业分类
000008,C37铁路、船舶、航空航天和其他运输设备制造业,证监会行业分类
000009,J69其他金融业,证监会行业分类
000010,E48土木工程建筑业,证监会行业分类
000011,K70房地产业,证监会行业分类
000012,C30非金属矿物制品业,证监会行业分类
000013,,证监会行业分类
000014,K70房地产业,证监会行业分类
000015,,证监会行业分类
000016,C39计算机、通信和其他电子设备制造业,证监会行业分类
000017,C24文教、工美、体育和娱乐用品制造业,证监会行业分类
000018,,证监会行业分类
000019,F51批发业,证监会行业分类
000020,C39计算机、通信和其他电子设备制造业,证监会行业分类
000021,C39计算机、通信和其他电子设备制造业,证监会行业分类
000023,,证监会行业分类
000024,,证监会行业分类
000025,F51批发业,证监会行业分类
000026,F52零售业,证监会行业分类
000027,D44电力、热力生产和供应业,证监会行业分类
000028,F51批发业,证监会行业分类
000029,K70房地产业,证监会行业分类
000030,C36汽车制造业,证监会行业分类
000031,K70房地产业,证监会行业分类
000032,E49建筑安装业,证监会行业分类
000033,,证监会行业分类
000034,F51批发业,证监会行业分类
000035,N77生态保护和环境治理业,证监会行业分类
000036,K70房地产业,证监会行业分类
000037,D44电力、热力生产和供应业,证监会行业分类
000038,,证监会行业分类
000039,C33金属制品业,证监会行业分类
000040,,证监会行业分类
000042,K70房地产业,证监会行业分类
000045,C39计算机、通信和其他电子设备制造业,证监会行业分类
000046,,证监会行业分类
000047,,证监会行业分类
000048,A03畜牧业,证监会行业分类
000049,C38电气机械和器材制造业,证监会行业分类
000050,C39计算机、通信和其他电子设备制造业,证监会行业分类
000055,C33金属制品业,证监会行业分类
000056,L72商务服务业,证监会行业分类
000058,L72商务服务业,证监会行业分类
000059,C25石油、煤炭及其他燃料加工业,证监会行业分类
000060,C32有色金属冶炼和压延加工业,证监会行业分类
000061,L72商务服务业,证监会行业分类
000062,F51批发业,证监会行业分类
000063,C39计算机、通信和其他电子设备制造业,证监会行业分类
000065,F51批发业,证监会行业分类
000066,C39计算机、通信和其他电子设备制造业,证监会行业分类
000068,F51批发业,证监会行业分类
000069,K70房地产业,证监会行业分类
000070,C39计算机、通信和其他电子设备制造业,证监会行业分类
000078,F51批发业,证监会行业分类
000088,G55水上运输业,证监会行业分类
000089,G56航空运输业,证监会行业分类
000090,E48土木工程建筑业,证监会行业分类
000096,F51批发业,证监会行业分类
000099,G56航空运输业,证监会行业分类
000100,C39计算机、通信和其他电子设备制造业,证监会行业分类
000150,,证监会行业分类
000151,F51批发业,证监会行业分类
000153,C27医药制造业,证监会行业分类
000155,D44电力、热力生产和供应业,证监会行业分类
000156,I63电信、广播电视和卫星传输服务,证监会行业分类
000157,C35专用设备制造业,证监会行业分类
000158,I65软件和信息技术服务业,证监会行业分类
000159,F51批发业,证监会行业分类
000166,J67资本市场服务,证监会行业分类
000301,C26化学原料和化学制品制造业,证监会行业分类
000333,C38电气机械和器材制造业,证监会行业分类
000338,C36汽车制造业,证监会行业分类
000400,C38电气机械和器材制造业,证监会行业分类
000401,C30非金属矿物制品业,证监会行业分类
000402,K70房地产业,证监会行业分类
000403,C27医药制造业,证监会行业分类
000404,C34通用设备制造业,证监会行业分类
000405,,证监会行业分类
000406,,证监会行业分类
000407,D45燃气生产和供应业,证监会行业分类
000408,C26化学原料和化学制品制造业,证监会行业分类
000409,I65软件和信息技术服务业,证监会行业分类
000410,C34通用设备制造业,证监会行业分类
000411,F51批发业,证监会行业分类
000412,,证监会行业分类
000413,,证监会行业分类
000415,L71租赁业,证监会行业分类
000416,,证监会行业分类
000417,F52零售业,证监会行业分类
000418,,证监会行业分类
000419,F52零售业,证监会行业分类
000420,C28化学纤维制造业,证监会行业分类
000421,D45燃气生产和供应业,证监会行业分类
000422,C26化学原料和化学制品制造业,证监会行业分类
000423,C27医药制造业,证监会行业分类
000425,C35专用设备制造业,证监会行业分类
000426,B09有色金属矿采选业,证监会行业分类
000428,H61住宿业,证监会行业分类
000429,G54道路运输业,证监会行业分类
000430,N78公共设施管理业,证监会行业分类
000488,C22造纸和纸制品业,证监会行业分类
000498,E48土木工程建筑业,证监会行业分类
000501,F52零售业,证监会行业分类
000502,,证监会行业分类
000503,I64互联网和相关服务,证监会行业分类
000504,M75科技推广和应用服务业,证监会行业分类
000505,C13农副食品加工业,证监会行业分类
000506,B09有色金属矿采选业,证监会行业分类
000507,G55水上运输业,证监会行业分类
000508,,证监会行业分类
000509,C39计算机、通信和其他电子设备制造业,证监会行业分类
000510,C26化学原料和化学制品制造业,证监会行业分类
000511,,证监会行业分类
000513,C27医药制造业,证监会行业分类
000514,K70房地产业,证监会行业分类
000515,,证监会行业分类
000516,Q84卫生,证监会行业分类
000517,K70房地产业,证监会行业分类
000518,C27医药制造业,证监会行业分类
000519,C35专用设备制造业,证监会行业分类
000520,G55水上运输业,证监会行业分类
000521,C38电气机械和器材制造业,证监会行业分类
000522,,证监会行业分类
000523,C13农副食品加工业,证监会行业分类
000524,L72商务服务业,证监会行业分类
000525,C26化学原料和化学制品制造业,证监会行业分类
000526,P83教育,证监会行业分类
000527,,证监会行业分类
000528,C35专用设备制造业,证监会行业分类
000529,C13农副食品加工业,证监会行业分类
000530,C34通用设备制造业,证监会行业分类
000531,D44电力、热力生产和供应业,证监会行业分类
000532,S91综合,证监会行业分类
000533,C38电气机械和器材制造业,证监会行业分类
000534,C27医药制造业,证监会行业分类
000535,,证监会行业分类
000536,C39计算机、通信和其他电子设备制造业,证监会行业分类
000537,D44电力、热力生产和供应业,证监会行业分类
000538,C27医药制造业,证监会行业分类
000539,D44电力、热力生产和供应业,证监会行业分类
000540,,证监会行业分类
000541,C38电气机械和器材制造业,证监会行业分类
000542,,证监会行业分类
000543,D44电力、热力生产和供应业,证监会行业分类
000544,D46水的生产和供应业,证监会行业分类
000545,C26化学原料和化学制品制造业,证监会行业分类
000546,C42废弃资源综合利用业,证监会行业分类
000547,C39计算机、通信和其他电子设备制造业,证监会行业分类
000548,G54道路运输业,证监会行业分类
000549,,证监会行业分类
000550,C36汽车制造业,证监会行业分类
000551,C35专用设备制造业,证监会行业分类
000552,B06煤炭开采和洗选业,证监会行业分类
000553,C26化学原料和化学制品制造业,证监会行业分类
000554,F51批发业,证监会行业分类
000555,I65软件和信息技术服务业,证监会行业分类
000556,,证监会行业分类
000557,G53铁路运输业,证监会行业分类
000558,N78公共设施管理业,证监会行业分类
000559,C36汽车制造业,证监会行业分类
000560,K70房地产业,证监会行业分类
000561,C39计算机、通信和其他电子设备制造业,证监会行业分类
000562,,证监会行业分类
000563,J69其他金融业,证监会行业分类
000564,F52零售业,证监会行业分类
000565,C26化学原料和化学制品制造业,证监会行业分类
000566,C27医药制造业,证监会行业分类
000567,J69其他金融业,证监会行业分类
000568,C15酒、饮料和精制茶制造业,证监会行业分类
000569,,证监会行业分类
000570,C34通用设备制造业,证监会行业分类
000571,B06煤炭开采和洗选业,证监会行业分类
000572,C36汽车制造业,证监会行业分类
000573,C42废弃资源综合利用业,证监会行业分类
000576,C39计算机、通信和其他电子设备制造业,证监会行业分类
000578,,证监会行业分类
000581,C36汽车制造业,证监会行业分类
000582,G55水上运输业,证监会行业分类
000583,,证监会行业分类
000584,,证监会行业分类
000585,,证监会行业分类
000586,C38电气机械和器材制造业,证监会行业分类
000587,,证监会行业分类
000588,,证监会行业分类
000589,C29橡胶和塑料制品业,证监会行业分类
000590,C27医药制造业,证监会行业分类
000591,D44电力、热力生产和供应业,证监会行业分类
000592,C20木材加工和木、竹、藤、棕、草制品业,证监会行业分类
000593,D45燃气生产和供应业,证监会行业分类
000594,,证监会行业分类
000595,C34通用设备制造业,证监会行业分类
000596,C15酒、饮料和精制茶制造业,证监会行业分类
000597,C27医药制造业,证监会行业分类
000598,D46水的生产和供应业,证监会行业分类
000599,C29橡胶和塑料制品业,证监会行业分类
000600,D44电力、热力生产和供应业,证监会行业分类
000601,D44电力、热力生产和供应业,证监会行业分类
000602,,证监会行业分类
000603,B09有色金属矿采选业,证监会行业分类
000605,D46水的生产和供应业,证监会行业分类
000606,,证监会行业分类
000607,L72商务服务业,证监会行业分类
000608,K70房地产业,证监会行业分类
000609,S91综合,证监会行业分类
000610,L72商务服务业,证监会行业分类
000611,,证监会行业分类
000612,C32有色金属冶炼和压延加工业,证监会行业分类
000613,,证监会行业分类
000615,Q84卫生,证监会行业分类
000616,,证监会行业分类
000617,J66货币金融服务,证监会行业分类
000618,,证监会行业分类
000619,C29橡胶和塑料制品业,证监会行业分类
000620,K70房地产业,证监会行业分类
000621,,证监会行业分类
000622,,证监会行业分类
000623,C27医药制造业,证监会行业分类
000625,C36汽车制造业,证监会行业分类
000626,F51批发业,证监会行业分类
000627,,证监会行业分类
000628,E47房屋建筑业,证监会行业分类
000629,C32有色金属冶炼和压延加工业,证监会行业分类
000630,C32有色金属冶炼和压延加工业,证监会行业分类
000631,K70房地产业,证监会行业分类
000632,F51批发业,证监会行业分类
000633,C32有色金属冶炼和压延加工业,证监会行业分类
000635,C26化学原料和化学制品制造业,证监会行业分类
000636,C39计算机、通信和其他电子设备制造业,证监会行业分类
000637,C26化学原料和化学制品制造业,证监会行业分类
000638,A05农、林、牧、渔专业及辅助性活动,证监会行业分类
000639,C13农副食品加工业,证监会行业分类
000650,C27医药制造业,证监会行业分类
000651,C38电气机械和器材制造业,证监会行业分类
000652,F51批发业,证监会行业分类
000653,,证监会行业分类
000655,B08黑色金属矿采选业,证监会行业分类
000656,K70房地产业,证监会行业分类
000657,C33金属制品业,证监会行业分类
000658,,证监会行业分类
000659,C29橡胶和塑料制品业,证监会行业分类
000660,,证监会行业分类
000661,C27医药制造业,证监会行业分类
000662,,证监会行业分类
000663,A02林业,证监会行业分类
000665,I63电信、广播电视和卫星传输服务,证监会行业分类
000666,,证监会行业分类
000667,,证监会行业分类
000668,K70房地产业,证监会行业分类
000669,D45燃气生产和供应业,证监会行业分类
000670,F51批发业,证监会行业分类
000671,,证监会行业分类
000672,C30非金属矿物制品业,证监会行业分类
000673,,证监会行业分类
000675,,证监会行业分类
000676,L72商务服务业,证监会行业分类
000677,C17纺织业,证监会行业分类
000678,C36汽车制造业,证监会行业分类
000679,F52零售业,证监会行业分类
000680,C35专用设备制造业,证监会行业分类
000681,I64互联网和相关服务,证监会行业分类
000682,I65软件和信息技术服务业,证监会行业分类
000683,C26化学原料和化学制品制造业,证监会行业分类
000685,D46水的生产和供应业,证监会行业分类
000686,J67资本市场服务,证监会行业分类
000687,,证监会行业分类
000688,B09有色金属矿采选业,证监会行业分类
000689,,证监会行业分类
000690,D44电力、热力生产和供应业,证监会行业分类
000691,C26化学原料和化学制品制造业,证监会行业分类
000692,D44电力、热力生产和供应业,证监会行业分类
000693,,证监会行业分类
000695,C30非金属矿物制品业,证监会行业分类
000697,C37铁路、船舶、航空航天和其他运输设备制造业,证监会行业分类
000698,C26化学原料和化学制品制造业,证监会行业分类
000699,,证监会行业分类
000700,C36汽车制造业,证监会行业分类
000701,F51批发业,证监会行业分类
000702,C13农副食品加工业,证监会行业分类
000703,C28化学纤维制造业,证监会行业分类
000705,F51批发业,证监会行业分类
000707,C26化学原料和化学制品制造业,证监会行业分类
000708,C31黑色金属冶炼和压延加工业,证监会行业分类
000709,C31黑色金属冶炼和压延加工业,证监会行业分类
000710,M74专业技术服务业,证监会行业分类
000711,C42废弃资源综合利用业,证监会行业分类
000712,J67资本市场服务,证监会行业分类
000713,A05农、林、牧、渔专业及辅助性活动,证监会行业分类
000715,F52零售业,证监会行业分类
000716,C14食品制造业,证监会行业分类
000717,C31黑色金属冶炼和压延加工业,证监会行业分类
000718,K70房地产业,证监会行业分类
000719,R86新闻和出版业,证监会行业分类
000720,C38电气机械和器材制造业,证监会行业分类
000721,H62餐饮业,证监会行业分类
000722,D44电力、热力生产和供应业,证监会行业分类
000723,C25石油、煤炭及其他燃料加工业,证监会行业分类
000725,C39计算机、通信和其他电子设备制造业,证监会行业分类
000726,C17纺织业,证监会行业分类
000727,C39计算机、通信和其他电子设备制造业,证监会行业分类
000728,J67资本市场服务,证监会行业分类
000729,C15酒、饮料和精制茶制造业,证监会行业分类
000730,,证监会行业分类
000731,C26化学原料和化学制品制造业,证监会行业分类
000732,,证监会行业分类
000733,C39计算机、通信和其他电子设备制造业,证监会行业分类
000735,A03畜牧业,证监会行业分类
000736,K70房地产业,证监会行业分类
000737,C32有色金属冶炼和压延加工业,证监会行业分类
000738,C37铁路、船舶、航空航天和其他运输设备制造业,证监会行业分类
000739,C27医药制造业,证监会行业分类
000748,,证监会行业分类
000750,J67资本市场服务,证监会行业分类
000751,C32有色金属冶炼和压延加工业,证监会行业分类
000752,C15酒、饮料和精制茶制造业,证监会行业分类
000753,F52零售业,证监会行业分类
000755,G54道路运输业,证监会行业分类
000756,C27医药制造业,证监会行业分类
000757,F52零售业,证监会行业分类
000758,B09有色金属矿采选业,证监会行业分类
000759,F52零售业,证监会行业分类
000760,,证监会行业分类
000761,C31黑色金属冶炼和压延加工业,证监会行业分类
000762,B09有色金属矿采选业,证监会行业分类
000763,,证监会行业分类
000765,,证监会行业分类
000766,C27医药制造业,证监会行业分类
000767,D44电力、热力生产和供应业,证监会行业分类
000768,C37铁路、船舶、航空航天和其他运输设备制造业,证监会行业分类
000769,,证监会行业分类
000776,J67资本市场服务,证监会行业分类
000777,C34通用设备制造业,证监会行业分类
000778,C33金属制品业,证监会行业分类
000779,M74专业技术服务业,证监会行业分类
000780,,证监会行业分类
000782,C28化学纤维制造业,证监会行业分类
000783,J67资本市场服务,证监会行业分类
000785,L72商务服务业,证监会行业分类
000786,C30非金属矿物制品业,证监会行业分类
000787,,证监会行业分类
000788,C27医药制造业,证监会行业分类
000789,C30非金属矿物制品业,证监会行业分类
000790,C27医药制造业,证监会行业分类
000791,D44电力、热力生产和供应业,证监会行业分类
000792,C26化学原料和化学制品制造业,证监会行业分类
000793,R86新闻和出版业,证监会行业分类
000795,C30非金属矿物制品业,证监会行业分类
000796,L72商务服务业,证监会行业分类
000797,K70房地产业,证监会行业分类
000798,A04渔业,证监会行业分类
000799,C15酒、饮料和精制茶制造业,证监会行业分类
000800,C36汽车制造业,证监会行业分类
000801,C39计算机、通信和其他电子设备制造业,证监会行业分类
000802,R87广播、电视、电影和录音制作业,证监会行业分类
000803,N77生态保护和环境治理业,证监会行业分类
000805,,证监会行业分类
000806,,证监会行业分类
000807,C32有色金属冶炼和压延加工业,证监会行业分类
000809,C38电气机械和器材制造业,证监会行业分类
000810,C39计算机、通信和其他电子设备制造业,证监会行业分类
000811,C34通用设备制造业,证监会行业分类
000812,C23印刷和记录媒介复制业,证监会行业分类
000813,C27医药制造业,证监会行业分类
000815,C22造纸和纸制品业,证监会行业分类
000816,C34通用设备制造业,证监会行业分类
000817,,证监会行业分类
000818,C26化学原料和化学制品制造业,证监会行业分类
000819,C25石油、煤炭及其他燃料加工业,证监会行业分类
000820,M74专业技术服务业,证监会行业分类
000821,C35专用设备制造业,证监会行业分类
000822,C26化学原料和化学制品制造业,证监会行业分类
000823,C39计算机、通信和其他电子设备制造业,证监会行业分类
000825,C31黑色金属冶炼和压延加工业,证监会行业分类
000826,N78公共设施管理业,证监会行业分类
000827,,证监会行业分类
000828,G54道路运输业,证监会行业分类
000829,F51批发业,证监会行业分类
000830,C26化学原料和化学制品制造业,证监会行业分类
000831,C32有色金属冶炼和压延加工业,证监会行业分类
000832,,证监会行业分类
000833,S91综合,证监会行业分类
000835,,证监会行业分类
000836,,证监会行业分类
000837,C34通用设备制造业,证监会行业分类
000838,K70房地产业,证监会行业分类
000839,I65软件和信息技术服务业,证监会行业分类
000848,C15酒、饮料和精制茶制造业,证监会行业分类
000850,C17纺织业,证监会行业分类
000851,,证监会行业分类
000852,C35专用设备制造业,证监会行业分类
000856,C35专用设备制造业,证监会行业分类
000858,C15酒、饮料和精制茶制造业,证监会行业分类
000859,C29橡胶和塑料制品业,证监会行业分类
000860,C15酒、饮料和精制茶制造业,证监会行业分类
000861,,证监会行业分类
000862,D44电力、热力生产和供应业,证监会行业分类
000863,K70房地产业,证监会行业分类
000866,,证监会行业分类
000868,C36汽车制造业,证监会行业分类
000869,C15酒、饮料和精制茶制造业,证监会行业分类
000875,D44电力、热力生产和供应业,证监会行业分类
000876,C13农副食品加工业,证监会行业分类
000877,C30非金属矿物制品业,证监会行业分类
000878,C32有色金属冶炼和压延加工业,证监会行业分类
000880,C34通用设备制造业,证监会行业分类
000881,C26化学原料和化学制品制造业,证监会行业分类
000882,L72商务服务业,证监会行业分类
000883,D44电力、热力生产和供应业,证监会行业分类
000885,N77生态保护和环境治理业,证监会行业分类
000886,G54道路运输业,证监会行业分类
000887,C29橡胶和塑料制品业,证监会行业分类
000888,N78公共设施管理业,证监会行业分类
000889,I65软件和信息技术服务业,证监会行业分类
000890,C33金属制品业,证监会行业分类
000892,R87广播、电视、电影和录音制作业,证监会行业分类
000893,C26化学原料和化学制品制造业,证监会行业分类
000895,C13农副食品加工业,证监会行业分类
000897,K70房地产业,证监会行业分类
000898,C31黑色金属冶炼和压延加工业,证监会行业分类
000899,D44电力、热力生产和供应业,证监会行业分类
000900,G54道路运输业,证监会行业分类
000901,C36汽车制造业,证监会行业分类
000902,C26化学原料和化学制品制造业,证监会行业分类
000903,C34通用设备制造业,证监会行业分类
000905,F51批发业,证监会行业分类
000906,L72商务服务业,证监会行业分类
000908,C27医药制造业,证监会行业分类
000909,K70房地产业,证监会行业分类
000910,C20木材加工和木、竹、藤、棕、草制品业,证监会行业分类
000911,C13农副食品加工业,证监会行业分类
000912,C26化学原料和化学制品制造业,证监会行业分类
000913,C37铁路、船舶、航空航天和其他运输设备制造业,证监会行业分类
000915,C27医药制造业,证监会行业分类
000916,,证监会行业分类
000917,I63电信、广播电视和卫星传输服务,证监会行业分类
000918,,证监会行业分类
000919,C27医药制造业,证监会行业分类
000920,C26化学原料和化学制品制造业,证监会行业分类
000921,C38电气机械和器材制造业,证监会行业分类
000922,C38电气机械和器材制造业,证监会行业分类
000923,B08黑色金属矿采选业,证监会行业分类
000925,C37铁路、船舶、航空航天和其他运输设备制造业,证监会行业分类
000926,K70房地产业,证监会行业分类
000927,L72商务服务业,证监会行业分类
000928,E48土木工程建筑业,证监会行业分类
000929,C15酒、饮料和精制茶制造业,证监会行业分类
000930,C26化学原料和化学制品制造业,证监会行业分类
000931,C27医药制造业,证监会行业分类
000932,C31黑色金属冶炼和压延加工业,证监会行业分类
000933,C32有色金属冶炼和压延加工业,证监会行业分类
000935,C30非金属矿物制品业,证监会行业分类
000936,C28化学纤维制造业,证监会行业分类
000937,B06煤炭开采和洗选业,证监会行业分类
000938,C39计算机、通信和其他电子设备制造业,证监会行业分类
000939,,证监会行业分类
000948,I65软件和信息技术服务业,证监会行业分类
000949,C28化学纤维制造业,证监会行业分类
000950,F51批发业,证监会行业分类
000951,C36汽车制造业,证监会行业分类
000952,C27医药制造业,证监会行业分类
000953,C27医药制造业,证监会行业分类
000955,C17纺织业,证监会行业分类
000956,,证监会行业分类
000957,C36汽车制造业,证监会行业分类
000958,D44电力、热力生产和供应业,证监会行业分类
000959,C31黑色金属冶炼和压延加工业,证监会行业分类
000960,C32有色金属冶炼和压延加工业,证监会行业分类
000961,,证监会行业分类
000962,C32有色金属冶炼和压延加工业,证监会行业分类
000963,F52零售业,证监会行业分类
000965,K70房地产业,证监会行业分类
000966,D44电力、热力生产和供应业,证监会行业分类
000967,C35专用设备制造业,证监会行业分类
000968,B07石油和天然气开采业,证监会行业分类
000969,C33金属制品业,证监会行业分类
000970,C39计算机、通信和其他电子设备制造业,证监会行业分类
000971,,证监会行业分类
000972,C13农副食品加工业,证监会行业分类
000973,C29橡胶和塑料制品业,证监会行业分类
000975,B09有色金属矿采选业,证监会行业分类
000976,,证监会行业分类
000977,C39计算机、通信和其他电子设备制造业,证监会行业分类
000978,N78公共设施管理业,证监会行业分类
000979,,证监会行业分类
000980,C36汽车制造业,证监会行业分类
000981,C36汽车制造业,证监会行业分类
000982,,证监会行业分类
000983,B06煤炭开采和洗选业,证监会行业分类
000985,C26化学原料和化学制品制造业,证监会行业分类
000987,J69其他金融业,证监会行业分类
000988,C39计算机、通信和其他电子设备制造业,证监会行业分类
000989,C27医药制造业,证监会行业分类
000990,C26化学原料和化学制品制造业,证监会行业分类
000993,D44电力、热力生产和供应业,证监会行业分类
000995,C15酒、饮料和精制茶制造业,证监会行业分类
000996,,证监会行业分类
000997,I65软件和信息技术服务业,证监会行业分类
000998,A05农、林、牧、渔专业及辅助性活动,证监会行业分类
000999,C27医药制造业,证监会行业分类
001201,A03畜牧业,证监会行业分类
001202,G58多式联运和运输代理业,证监会行业分类
001203,B08黑色金属矿采选业,证监会行业分类
001205,G55水上运输业,证监会行业分类
001206,C41其他制造业,证监会行业分类
001207,C26化学原料和化学制品制造业,证监会行业分类
001208,C38电气机械和器材制造业,证监会行业分类
001209,C18纺织服装、服饰业,证监会行业分类
001210,D44电力、热力生产和供应业,证监会行业分类
001211,C20木材加工和木、竹、藤、棕、草制品业,证监会行业分类
001212,C30非金属矿物制品业,证监会行业分类
001213,G53铁路运输业,证监会行业分类
001215,C14食品制造业,证监会行业分类
001216,C30非金属矿物制品业,证监会行业分类
001217,C26化学原料和化学制品制造业,证监会行业分类
001218,C26化学原料和化学制品制造业,证监会行业分类
001219,C14食品制造业,证监会行业分类
001220,G54道路运输业,证监会行业分类
001221,C33金属制品业,证监会行业分类
001222,C41其他制造业,证监会行业分类
001223,C35专用设备制造业,证监会行业分类
001225,C34通用设备制造业,证监会行业分类
001226,C34通用设备制造业,证监会行业分类
001227,J66货币金融服务,证监会行业分类
001228,L72商务服务业,证监会行业分类
001229,C39计算机、通信和其他电子设备制造业,证监会行业分类
001230,N78公共设施管理业,证监会行业分类
001231,C26化学原料和化学制品制造业,证监会行业分类
001233,C29橡胶和塑料制品业,证监会行业分类
001234,C18纺织服装、服饰业,证监会行业分类
001236,J67资本市场服务,证监会行业分类
001238,C21家具制造业,证监会行业分类
001239,C33金属制品业,证监会行业分类
001255,C26化学原料和化学制品制造业,证监会行业分类
001256,C35专用设备制造业,证监会行业分类
001257,B09有色金属矿采选业,证监会行业分类
001258,D44电力、热力生产和供应业,证监会行业分类
001259,C38电气机械和器材制造业,证监会行业分类
001260,C36汽车制造业,证监会行业分类
001266,C40仪器仪表制造业,证监会行业分类
001267,C39计算机、通信和其他电子设备制造业,证监会行业分类
001268,C34通用设备制造业,证监会行业分类
001269,C42废弃资源综合利用业,证监会行业分类
001270,C39计算机、通信和其他电子设备制造业,证监会行业分类
001277,C43金属制品、机械和设备修理业,证监会行业分类
001278,C36汽车制造业,证监会行业分类
001279,C23印刷和记录媒介复制业,证监会行业分类
001280,B09有色金属矿采选业,证监会行业分类
001282,C36汽车制造业,证监会行业分类
001283,C38电气机械和器材制造业,证监会行业分类
001285,C39计算机、通信和其他电子设备制造业,证监会行业分类
001286,D44电力、热力生产和供应业,证监会行业分类
001287,F51批发业,证监会行业分类
001288,C34通用设备制造业,证监会行业分类
001289,D44电力、热力生产和供应业,证监会行业分类
001296,C30非金属矿物制品业,证监会行业分类
001298,F51批发业,证监会行业分类
001299,D45燃气生产和供应业,证监会行业分类
001300,C24文教、工美、体育和娱乐用品制造业,证监会行业分类
001301,C30非金属矿物制品业,证监会行业分类
001306,C34通用设备制造业,证监会行业分类
001308,C39计算机、通信和其他电子设备制造业,证监会行业分类
001309,C39计算机、通信和其他电子设备制造业,证监会行业分类
001311,C36汽车制造业,证监会行业分类
001313,C13农副食品加工业,证监会行业分类
001314,C39计算机、通信和其他电子设备制造业,证监会行业分类
001316,F51批发业,证监会行业分类
001317,G58多式联运和运输代理业,证监会行业分类
001318,C14食品制造业,证监会行业分类
001319,C36汽车制造业,证监会行业分类
001322,C30非金属矿物制品业,证监会行业分类
001323,C21家具制造业,证监会行业分类
001324,C37铁路、船舶、航空航天和其他运输设备制造业,证监会行业分类
001325,C29橡胶和塑料制品业,证监会行业分类
001326,C38电气机械和器材制造业,证监会行业分类
001328,C26化学原料和化学制品制造业,证监会行业分类
001330,R87广播、电视、电影和录音制作业,证监会行业分类
001331,D45燃气生产和供应业,证监会行业分类
001332,C33金属制品业,证监会行业分类
001333,C26化学原料和化学制品制造业,证监会行业分类
001335,F51批发业,证监会行业分类
001336,C35专用设备制造业,证监会行业分类
001337,B09有色金属矿采选业,证监会行业分类
001338,C15酒、饮料和精制茶制造业,证监会行业分类
001339,C39计算机、通信和其他电子设备制造业,证监会行业分类
001356,C29橡胶和塑料制品业,证监会行业分类
001358,C26化学原料和化学制品制造业,证监会行业分类
001359,C30非金属矿物制品业,证监会行业分类
001360,C35专用设备制造业,证监会行业分类
001366,C13农副食品加工业,证监会行业分类
001367,C27医药制造业,证监会行业分类
001368,C29橡胶和塑料制品业,证监会行业分类
001369,C26化学原料和化学制品制造业,证监会行业分类
001373,C39计算机、通信和其他电子设备制造业,证监会行业分类
001376,D44电力、热力生产和供应业,证监会行业分类
001378,C29橡胶和塑料制品业,证监会行业分类
001379,C34通用设备制造业,证监会行业分类
001380,C34通用设备制造业,证监会行业分类
001382,C38电气机械和器材制造业,证监会行业分类
001386,C30非金属矿物制品业,证监会行业分类
001387,C38电气机械和器材制造业,证监会行业分类
001388,C39计算机、通信和其他电子设备制造业,证监会行业分类
001389,C39计算机、通信和其他电子设备制造业,证监会行业分类
001390,C19皮革、毛皮、羽毛及其制品和制鞋业,证监会行业分类
001391,G56航空运输业,证监会行业分类
001395,C35专用设备制造业,证监会行业分类
001396,M74专业技术服务业,证监会行业分类
001400,C35专用设备制造业,证监会行业分类
001696,C34通用设备制造业,证监会行业分类
001872,G55水上运输业,证监会行业分类
001896,D44电力、热力生产和供应业,证监会行业分类
001914,K70房地产业,证监会行业分类
001965,G54道路运输业,证监会行业分类
001979,K70房地产业,证监会行业分类
002001,C27医药制造业,证监会行业分类
002002,,证监会行业分类
002003,C18纺织服装、服饰业,证监会行业分类
002004,C26化学原料和化学制品制造业,证监会行业分类
002005,C38电气机械和器材制造业,证监会行业分类
002006,C35专用设备制造业,证监会行业分类
002007,C27医药制造业,证监会行业分类
002008,C35专用设备制造业,证监会行业分类
002009,C35专用设备制造业,证监会行业分类
002010,L72商务服务业,证监会行业分类
002011,C34通用设备制造业,证监会行业分类
002012,C22造纸和纸制品业,证监会行业分类
002013,,证监会行业分类
002014,C29橡胶和塑料制品业,证监会行业分类
002015,D44电力、热力生产和供应业,证监会行业分类
002016,K70房地产业,证监会行业分类
002017,C39计算机、通信和其他电子设备制造业,证监会行业分类
002018,,证监会行业分类
002019,C27医药制造业,证监会行业分类
002020,C27医药制造业,证监会行业分类
002021,C35专用设备制造业,证监会行业分类
002022,C27医药制造业,证监会行业分类
002023,C43金属制品、机械和设备修理业,证监会行业分类
002024,F52零售业,证监会行业分类
002025,C39计算机、通信和其他电子设备制造业,证监会行业分类
002026,C38电气机械和器材制造业,证监会行业分类
002027,L72商务服务业,证监会行业分类
002028,C38电气机械和器材制造业,证监会行业分类
002029,C18纺织服装、服饰业,证监会行业分类
002030,C27医药制造业,证监会行业分类
002031,C35专用设备制造业,证监会行业分类
002032,C38电气机械和器材制造业,证监会行业分类
002033,N78公共设施管理业,证监会行业分类
002034,D44电力、热力生产和供应业,证监会行业分类
002035,C38电气机械和器材制造业,证监会行业分类
002036,C39计算机、通信和其他电子设备制造业,证监会行业分类
002037,C26化学原料和化学制品制造业,证监会行业分类
002038,C27医药制造业,证监会行业分类
002039,D44电力、热力生产和供应业,证监会行业分类
002040,G55水上运输业,证监会行业分类
002041,A05农、林、牧、渔专业及辅助性活动,证监会行业分类
002042,C17纺织业,证监会行业分类
002043,C20木材加工和木、竹、藤、棕、草制品业,证监会行业分类
002044,Q84卫生,证监会行业分类
002045,C39计算机、通信和其他电子设备制造业,证监会行业分类
002046,C34通用设备制造业,证监会行业分类
002047,E50建筑装饰、装修和其他建筑业,证监会行业分类
002048,C36汽车制造业,证监会行业分类
002049,C39计算机、通信和其他电子设备制造业,证监会行业分类
002050,C34通用设备制造业,证监会行业分类
002051,E48土木工程建筑业,证监会行业分类
002052,C39计算机、通信和其他电子设备制造业,证监会行业分类
002053,D44电力、热力生产和供应业,证监会行业分类
002054,C26化学原料和化学制品制造业,证监会行业分类
002055,C39计算机、通信和其他电子设备制造业,证监会行业分类
002056,C38电气机械和器材制造业,证监会行业分类
002057,C26化学原料和化学制品制造业,证监会行业分类
002058,C40仪器仪表制造业,证监会行业分类
002059,N78公共设施管理业,证监会行业分类
002060,E48土木工程建筑业,证监会行业分类
002061,E48土木工程建筑业,证监会行业分类
002062,E48土木工程建筑业,证监会行业分类
002063,I65软件和信息技术服务业,证监会行业分类
002064,C28化学纤维制造业,证监会行业分类
002065,I65软件和信息技术服务业,证监会行业分类
002066,C30非金属矿物制品业,证监会行业分类
002067,C22造纸和纸制品业,证监会行业分类
002068,C26化学原料和化学制品制造业,证监会行业分类
002069,A04渔业,证监会行业分类
002070,,证监会行业分类
002071,,证监会行业分类
002072,F51批发业,证监会行业分类
002073,C35专用设备制造业,证监会行业分类
002074,C38电气机械和器材制造业,证监会行业分类
002075,C31黑色金属冶炼和压延加工业,证监会行业分类
002076,C38电气机械和器材制造业,证监会行业分类
002077,C39计算机、通信和其他电子设备制造业,证监会行业分类
002078,C22造纸和纸制品业,证监会行业分类
002079,C39计算机、通信和其他电子设备制造业,证监会行业分类
002080,C30非金属矿物制品业,证监会行业分类
002081,E50建筑装饰、装修和其他建筑业,证监会行业分类
002082,C27医药制造业,证监会行业分类
002083,C17纺织业,证监会行业分类
002084,C33金属制品业,证监会行业分类
002085,C36汽车制造业,证监会行业分类
002086,A04渔业,证监会行业分类
002087,,证监会行业分类
002088,C30非金属矿物制品业,证监会行业分类
002089,,证监会行业分类
002090,C38电气机械和器材制造业,证监会行业分类
002091,F51批发业,证监会行业分类
002092,C26化学原料和化学制品制造业,证监会行业分类
002093,I65软件和信息技术服务业,证监会行业分类
002094,C26化学原料和化学制品制造业,证监会行业分类
002095,I64互联网和相关服务,证监会行业分类
002096,C26化学原料和化学制品制造业,证监会行业分类
002097,C35专用设备制造业,证监会行业分类
002098,C41其他制造业,证监会行业分类
002099,C27医药制造业,证监会行业分类
002100,C13农副食品加工业,证监会行业分类
002101,C36汽车制造业,证监会行业分类
002102,C27医药制造业,证监会行业分类
002103,C24文教、工美、体育和娱乐用品制造业,证监会行业分类
002104,C39计算机、通信和其他电子设备制造业,证监会行业分类
002105,C37铁路、船舶、航空航天和其他运输设备制造业,证监会行业分类
002106,C39计算机、通信和其他电子设备制造业,证监会行业分类
002107,C27医药制造业,证监会行业分类
002108,C29橡胶和塑料制品业,证监会行业分类
002109,C26化学原料和化学制品制造业,证监会行业分类
002110,C31黑色金属冶炼和压延加工业,证监会行业分类
002111,C35专用设备制造业,证监会行业分类
002112,C38电气机械和器材制造业,证监会行业分类
002113,,证监会行业分类
002114,C32有色金属冶炼和压延加工业,证监会行业分类
002115,L72商务服务业,证监会行业分类
002116,E48土木工程建筑业,证监会行业分类
002117,C23印刷和记录媒介复制业,证监会行业分类
002118,,证监会行业分类
002119,C39计算机、通信和其他电子设备制造业,证监会行业分类
002120,G60邮政业,证监会行业分类
002121,C40仪器仪表制造业,证监会行业分类
002122,C34通用设备制造业,证监会行业分类
002123,I65软件和信息技术服务业,证监会行业分类
002124,A03畜牧业,证监会行业分类
002125,C26化学原料和化学制品制造业,证监会行业分类
002126,C36汽车制造业,证监会行业分类
002127,L72商务服务业,证监会行业分类
002128,B06煤炭开采和洗选业,证监会行业分类
002129,C38电气机械和器材制造业,证监会行业分类
002130,C39计算机、通信和其他电子设备制造业,证监会行业分类
002131,L72商务服务业,证监会行业分类
002132,C33金属制品业,证监会行业分类
002133,K70房地产业,证监会行业分类
002134,C39计算机、通信和其他电子设备制造业,证监会行业分类
002135,C33金属制品业,证监会行业分类
002136,C26化学原料和化学制品制造业,证监会行业分类
002137,C38电气机械和器材制造业,证监会行业分类
002138,C39计算机、通信和其他电子设备制造业,证监会行业分类
002139,C38电气机械和器材制造业,证监会行业分类
002140,E48土木工程建筑业,证监会行业分类
002141,C38电气机械和器材制造业,证监会行业分类
002142,J66货币金融服务,证监会行业分类
002143,,证监会行业分类
002144,C17纺织业,证监会行业分类
002145,C26化学原料和化学制品制造业,证监会行业分类
002146,K70房地产业,证监会行业分类
002147,,证监会行业分类
002148,I65软件和信息技术服务业,证监会行业分类
002149,C32有色金属冶炼和压延加工业,证监会行业分类
002150,C38电气机械和器材制造业,证监会行业分类
002151,C39计算机、通信和其他电子设备制造业,证监会行业分类
002152,C39计算机、通信和其他电子设备制造业,证监会行业分类
002153,I65软件和信息技术服务业,证监会行业分类
002154,C18纺织服装、服饰业,证监会行业分类
002155,B09有色金属矿采选业,证监会行业分类
002156,C39计算机、通信和其他电子设备制造业,证监会行业分类
002157,A03畜牧业,证监会行业分类
002158,C34通用设备制造业,证监会行业分类
002159,N78公共设施管理业,证监会行业分类
002160,C32有色金属冶炼和压延加工业,证监会行业分类
002161,C39计算机、通信和其他电子设备制造业,证监会行业分类
002162,C30非金属矿物制品业,证监会行业分类
002163,E50建筑装饰、装修和其他建筑业,证监会行业分类
002164,C34通用设备制造业,证监会行业分类
002165,C26化学原料和化学制品制造业,证监会行业分类
002166,C27医药制造业,证监会行业分类
002167,C32有色金属冶炼和压延加工业,证监会行业分类
002168,C38电气机械和器材制造业,证监会行业分类
002169,C38电气机械和器材制造业,证监会行业分类
002170,C26化学原料和化学制品制造业,证监会行业分类
002171,C32有色金属冶炼和压延加工业,证监会行业分类
002172,Q84卫生,证监会行业分类
002173,Q84卫生,证监会行业分类
002174,I64互联网和相关服务,证监会行业分类
002175,C40仪器仪表制造业,证监会行业分类
002176,C32有色金属冶炼和压延加工业,证监会行业分类
002177,C35专用设备制造业,证监会行业分类
002178,I65软件和信息技术服务业,证监会行业分类
002179,C39计算机、通信和其他电子设备制造业,证监会行业分类
002180,C39计算机、通信和其他电子设备制造业,证监会行业分类
002181,L72商务服务业,证监会行业分类
002182,C32有色金属冶炼和压延加工业,证监会行业分类
002183,L72商务服务业,证监会行业分类
002184,C38电气机械和器材制造业,证监会行业分类
002185,C39计算机、通信和其他电子设备制造业,证监会行业分类
002186,H62餐饮业,证监会行业分类
002187,F52零售业,证监会行业分类
002188,K70房地产业,证监会行业分类
002189,C39计算机、通信和其他电子设备制造业,证监会行业分类
002190,C36汽车制造业,证监会行业分类
002191,C23印刷和记录媒介复制业,证监会行业分类
002192,B09有色金属矿采选业,证监会行业分类
002193,C18纺织服装、服饰业,证监会行业分类
002194,C39计算机、通信和其他电子设备制造业,证监会行业分类
002195,I64互联网和相关服务,证监会行业分类
002196,C38电气机械和器材制造业,证监会行业分类
002197,I65软件和信息技术服务业,证监会行业分类
002198,C27医药制造业,证监会行业分类
002199,C39计算机、通信和其他电子设备制造业,证监会行业分类
002200,E48土木工程建筑业,证监会行业分类
002201,C30非金属矿物制品业,证监会行业分类
002202,C34通用设备制造业,证监会行业分类
002203,C32有色金属冶炼和压延加工业,证监会行业分类
002204,C34通用设备制造业,证监会行业分类
002205,C30非金属矿物制品业,证监会行业分类
002206,C28化学纤维制造业,证监会行业分类
002207,B11开采专业及辅助性活动,证监会行业分类
002208,K70房地产业,证监会行业分类
002209,C35专用设备制造业,证监会行业分类
002210,L72商务服务业,证监会行业分类
002211,C26化学原料和化学制品制造业,证监会行业分类
002212,I65软件和信息技术服务业,证监会行业分类
002213,C39计算机、通信和其他电子设备制造业,证监会行业分类
002214,C39计算机、通信和其他电子设备制造业,证监会行业分类
002215,C26化学原料和化学制品制造业,证监会行业分类
002216,C14食品制造业,证监会行业分类
002217,C39计算机、通信和其他电子设备制造业,证监会行业分类
002218,C38电气机械和器材制造业,证监会行业分类
002219,Q84卫生,证监会行业分类
002220,,证监会行业分类
002221,F51批发业,证监会行业分类
002222,C39计算机、通信和其他电子设备制造业,证监会行业分类
002223,C35专用设备制造业,证监会行业分类
002224,C29橡胶和塑料制品业,证监会行业分类
002225,C30非金属矿物制品业,证监会行业分类
002226,C26化学原料和化学制品制造业,证监会行业分类
002227,C38电气机械和器材制造业,证监会行业分类
002228,C22造纸和纸制品业,证监会行业分类
002229,C23印刷和记录媒介复制业,证监会行业分类
002230,I65软件和信息技术服务业,证监会行业分类
002231,,证监会行业分类
002232,I65软件和信息技术服务业,证监会行业分类
002233,C30非金属矿物制品业,证监会行业分类
002234,A03畜牧业,证监会行业分类
002235,C22造纸和纸制品业,证监会行业分类
002236,C39计算机、通信和其他电子设备制造业,证监会行业分类
002237,C32有色金属冶炼和压延加工业,证监会行业分类
002238,I63电信、广播电视和卫星传输服务,证监会行业分类
002239,C36汽车制造业,证监会行业分类
002240,C32有色金属冶炼和压延加工业,证监会行业分类
002241,C39计算机、通信和其他电子设备制造业,证监会行业分类
002242,C38电气机械和器材制造业,证监会行业分类
002243,C29橡胶和塑料制品业,证监会行业分类
002244,K70房地产业,证监会行业分类
002245,C38电气机械和器材制造业,证监会行业分类
002246,C26化学原料和化学制品制造业,证监会行业分类
002247,C22造纸和纸制品业,证监会行业分类
002248,C34通用设备制造业,证监会行业分类
002249,C38电气机械和器材制造业,证监会行业分类
002250,C26化学原料和化学制品制造业,证监会行业分类
002251,F52零售业,证监会行业分类
002252,C27医药制造业,证监会行业分类
002253,I65软件和信息技术服务业,证监会行业分类
002254,C28化学纤维制造业,证监会行业分类
002255,C34通用设备制造业,证监会行业分类
002256,D44电力、热力生产和供应业,证监会行业分类
002258,C26化学原料和化学制品制造业,证监会行业分类
002259,D45燃气生产和供应业,证监会行业分类
002260,,证监会行业分类
002261,I65软件和信息技术服务业,证监会行业分类
002262,C27医药制造业,证监会行业分类
002263,C29橡胶和塑料制品业,证监会行业分类
002264,I64互联网和相关服务,证监会行业分类
002265,C36汽车制造业,证监会行业分类
002266,N77生态保护和环境治理业,证监会行业分类
002267,D45燃气生产和供应业,证监会行业分类
002268,I65软件和信息技术服务业,证监会行业分类
002269,C18纺织服装、服饰业,证监会行业分类
002270,C38电气机械和器材制造业,证监会行业分类
002271,C30非金属矿物制品业,证监会行业分类
002272,C34通用设备制造业,证监会行业分类
002273,C39计算机、通信和其他电子设备制造业,证监会行业分类
002274,C26化学原料和化学制品制造业,证监会行业分类
002275,C27医药制造业,证监会行业分类
002276,C38电气机械和器材制造业,证监会行业分类
002277,F52零售业,证监会行业分类
002278,C35专用设备制造业,证监会行业分类
002279,I65软件和信息技术服务业,证监会行业分类
002280,,证监会行业分类
002281,C39计算机、通信和其他电子设备制造业,证监会行业分类
002282,C30非金属矿物制品业,证监会行业分类
002283,C36汽车制造业,证监会行业分类
002284,C36汽车制造业,证监会行业分类
002285,K70房地产业,证监会行业分类
002286,C13农副食品加工业,证监会行业分类
002287,C27医药制造业,证监会行业分类
002288,,证监会行业分类
002289,C39计算机、通信和其他电子设备制造业,证监会行业分类
002290,C38电气机械和器材制造业,证监会行业分类
002291,I64互联网和相关服务,证监会行业分类
002292,C24文教、工美、体育和娱乐用品制造业,证监会行业分类
002293,C17纺织业,证监会行业分类
002294,C27医药制造业,证监会行业分类
002295,C32有色金属冶炼和压延加工业,证监会行业分类
002296,C38电气机械和器材制造业,证监会行业分类
002297,C33金属制品业,证监会行业分类
002298,C38电气机械和器材制造业,证监会行业分类
002299,C13农副食品加工业,证监会行业分类
002300,C38电气机械和器材制造业,证监会行业分类
002301,C24文教、工美、体育和娱乐用品制造业,证监会行业分类
002302,C30非金属矿物制品业,证监会行业分类
002303,C22造纸和纸制品业,证监会行业分类
002304,C15酒、饮料和精制茶制造业,证监会行业分类
002305,K70房地产业,证监会行业分类
002306,H62餐饮业,证监会行业分类
002307,E48土木工程建筑业,证监会行业分类
002308,,证监会行业分类
002309,C38电气机械和器材制造业,证监会行业分类
002310,D44电力、热力生产和供应业,证监会行业分类
002311,C13农副食品加工业,证监会行业分类
002312,C26化学原料和化学制品制造业,证监会行业分类
002313,C39计算机、通信和其他电子设备制造业,证监会行业分类
002314,K70房地产业,证监会行业分类
002315,I64互联网和相关服务,证监会行业分类
002316,I65软件和信息技术服务业,证监会行业分类
002317,C27医药制造业,证监会行业分类
002318,C33金属制品业,证监会行业分类
002319,C26化学原料和化学制品制造业,证监会行业分类
002320,G55水上运输业,证监会行业分类
002321,A03畜牧业,证监会行业分类
002322,I65软件和信息技术服务业,证监会行业分类
002323,E50建筑装饰、装修和其他建筑业,证监会行业分类
002324,C29橡胶和塑料制品业,证监会行业分类
002325,,证监会行业分类
002326,C26化学原料和化学制品制造业,证监会行业分类
002327,C17纺织业,证监会行业分类
002328,C36汽车制造业,证监会行业分类
002329,C14食品制造业,证监会行业分类
002330,C13农副食品加工业,证监会行业分类
002331,I65软件和信息技术服务业,证监会行业分类
002332,C27医药制造业,证监会行业分类
002333,C32有色金属冶炼和压延加工业,证监会行业分类
002334,C38电气机械和器材制造业,证监会行业分类
002335,C38电气机械和器材制造业,证监会行业分类
002336,,证监会行业分类
002337,C35专用设备制造业,证监会行业分类
002338,C40仪器仪表制造业,证监会行业分类
002339,C38电气机械和器材制造业,证监会行业分类
002340,C42废弃资源综合利用业,证监会行业分类
002341,,证监会行业分类
002342,C33金属制品业,证监会行业分类
002343,R87广播、电视、电影和录音制作业,证监会行业分类
002344,L72商务服务业,证监会行业分类
002345,C24文教、工美、体育和娱乐用品制造业,证监会行业分类
002346,C38电气机械和器材制造业,证监会行业分类
002347,C34通用设备制造业,证监会行业分类
002348,C24文教、工美、体育和娱乐用品制造业,证监会行业分类
002349,C27医药制造业,证监会行业分类
002350,C38电气机械和器材制造业,证监会行业分类
002351,C39计算机、通信和其他电子设备制造业,证监会行业分类
002352,G60邮政业,证监会行业分类
002353,C35专用设备制造业,证监会行业分类
002354,I64互联网和相关服务,证监会行业分类
002355,C36汽车制造业,证监会行业分类
002356,F52零售业,证监会行业分类
002357,G54道路运输业,证监会行业分类
002358,C38电气机械和器材制造业,证监会行业分类
002359,,证监会行业分类
002360,C26化学原料和化学制品制造业,证监会行业分类
002361,C26化学原料和化学制品制造业,证监会行业分类
002362,C39计算机、通信和其他电子设备制造业,证监会行业分类
002363,C36汽车制造业,证监会行业分类
002364,C38电气机械和器材制造业,证监会行业分类
002365,C27医药制造业,证监会行业分类
002366,C35专用设备制造业,证监会行业分类
002367,C34通用设备制造业,证监会行业分类
002368,I65软件和信息技术服务业,证监会行业分类
002369,C39计算机、通信和其他电子设备制造业,证监会行业分类
002370,C27医药制造业,证监会行业分类
002371,C35专用设备制造业,证监会行业分类
002372,C29橡胶和塑料制品业,证监会行业分类
002373,I65软件和信息技术服务业,证监会行业分类
002374,C33金属制品业,证监会行业分类
002375,E50建筑装饰、装修和其他建筑业,证监会行业分类
002376,C39计算机、通信和其他电子设备制造业,证监会行业分类
002377,C25石油、煤炭及其他燃料加工业,证监会行业分类
002378,C32有色金属冶炼和压延加工业,证监会行业分类
002379,C32有色金属冶炼和压延加工业,证监会行业分类
002380,I65软件和信息技术服务业,证监会行业分类
002381,C29橡胶和塑料制品业,证监会行业分类
002382,C29橡胶和塑料制品业,证监会行业分类
002383,C39计算机、通信和其他电子设备制造业,证监会行业分类
002384,C39计算机、通信和其他电子设备制造业,证监会行业分类
002385,C13农副食品加工业,证监会行业分类
002386,C26化学原料和化学制品制造业,证监会行业分类
002387,C39计算机、通信和其他电子设备制造业,证监会行业分类
002388,C39计算机、通信和其他电子设备制造业,证监会行业分类
002389,C37铁路、船舶、航空航天和其他运输设备制造业,证监会行业分类
002390,F51批发业,证监会行业分类
002391,C26化学原料和化学制品制造业,证监会行业分类
002392,C30非金属矿物制品业,证监会行业分类
002393,C27医药制造业,证监会行业分类
002394,C17纺织业,证监会行业分类
002395,C29橡胶和塑料制品业,证监会行业分类
002396,C39计算机、通信和其他电子设备制造业,证监会行业分类
002397,C17纺织业,证监会行业分类
002398,C26化学原料和化学制品制造业,证监会行业分类
002399,C27医药制造业,证监会行业分类
002400,L72商务服务业,证监会行业分类
002401,I65软件和信息技术服务业,证监会行业分类
002402,C39计算机、通信和其他电子设备制造业,证监会行业分类
002403,C33金属制品业,证监会行业分类
002404,C18纺织服装、服饰业,证监会行业分类
002405,I65软件和信息技术服务业,证监会行业分类
002406,C36汽车制造业,证监会行业分类
002407,C26化学原料和化学制品制造业,证监会行业分类
002408,C26化学原料和化学制品制造业,证监会行业分类
002409,C26化学原料和化学制品制造业,证监会行业分类
002410,I65软件和信息技术服务业,证监会行业分类
002411,,证监会行业分类
002412,C27医药制造业,证监会行业分类
002413,C39计算机、通信和其他电子设备制造业,证监会行业分类
002414,C39计算机、通信和其他电子设备制造业,证监会行业分类
002415,C39计算机、通信和其他电子设备制造业,证监会行业分类
002416,F51批发业,证监会行业分类
002417,,证监会行业分类
002418,C34通用设备制造业,证监会行业分类
002419,F52零售业,证监会行业分类
002420,C29橡胶和塑料制品业,证监会行业分类
002421,I65软件和信息技术服务业,证监会行业分类
002422,C27医药制造业,证监会行业分类
002423,J68保险业,证监会行业分类
002424,C27医药制造业,证监会行业分类
002425,I64互联网和相关服务,证监会行业分类
002426,C39计算机、通信和其他电子设备制造业,证监会行业分类
002427,C28化学纤维制造业,证监会行业分类
002428,C32有色金属冶炼和压延加工业,证监会行业分类
002429,C39计算机、通信和其他电子设备制造业,证监会行业分类
002430,C35专用设备制造业,证监会行业分类
002431,E48土木工程建筑业,证监会行业分类
002432,C35专用设备制造业,证监会行业分类
002433,,证监会行业分类
002434,C36汽车制造业,证监会行业分类
002435,,证监会行业分类
002436,C39计算机、通信和其他电子设备制造业,证监会行业分类
002437,C27医药制造业,证监会行业分类
002438,C34通用设备制造业,证监会行业分类
002439,I65软件和信息技术服务业,证监会行业分类
002440,C26化学原料和化学制品制造业,证监会行业分类
002441,F51批发业,证监会行业分类
002442,C26化学原料和化学制品制造业,证监会行业分类
002443,C33金属制品业,证监会行业分类
002444,C33金属制品业,证监会行业分类
002445,C33金属制品业,证监会行业分类
002446,C39计算机、通信和其他电子设备制造业,证监会行业分类
002447,,证监会行业分类
002448,C36汽车制造业,证监会行业分类
002449,C39计算机、通信和其他电子设备制造业,证监会行业分类
002450,,证监会行业分类
002451,C38电气机械和器材制造业,证监会行业分类
002452,C38电气机械和器材制造业,证监会行业分类
002453,C26化学原料和化学制品制造业,证监会行业分类
002454,C36汽车制造业,证监会行业分类
002455,C26化学原料和化学制品制造业,证监会行业分类
002456,C39计算机、通信和其他电子设备制造业,证监会行业分类
002457,C30非金属矿物制品业,证监会行业分类
002458,A03畜牧业,证监会行业分类
002459,C38电气机械和器材制造业,证监会行业分类
002460,C32有色金属冶炼和压延加工业,证监会行业分类
002461,C15酒、饮料和精制茶制造业,证监会行业分类
002462,F51批发业,证监会行业分类
002463,C39计算机、通信和其他电子设备制造业,证监会行业分类
002464,,证监会行业分类
002465,C39计算机、通信和其他电子设备制造业,证监会行业分类
002466,C32有色金属冶炼和压延加工业,证监会行业分类
002467,I64互联网和相关服务,证监会行业分类
002468,G60邮政业,证监会行业分类
002469,C26化学原料和化学制品制造业,证监会行业分类
002470,C26化学原料和化学制品制造业,证监会行业分类
002471,C38电气机械和器材制造业,证监会行业分类
002472,C36汽车制造业,证监会行业分类
002473,,证监会行业分类
002474,I65软件和信息技术服务业,证监会行业分类
002475,C39计算机、通信和其他电子设备制造业,证监会行业分类
002476,C26化学原料和化学制品制造业,证监会行业分类
002477,,证监会行业分类
002478,C33金属制品业,证监会行业分类
002479,D44电力、热力生产和供应业,证监会行业分类
002480,C34通用设备制造业,证监会行业分类
002481,C14食品制造业,证监会行业分类
002482,E50建筑装饰、装修和其他建筑业,证监会行业分类
002483,C34通用设备制造业,证监会行业分类
002484,C39计算机、通信和其他电子设备制造业,证监会行业分类
002485,L72商务服务业,证监会行业分类
002486,C18纺织服装、服饰业,证监会行业分类
002487,C33金属制品业,证监会行业分类
002488,C36汽车制造业,证监会行业分类
002489,C21家具制造业,证监会行业分类
002490,C35专用设备制造业,证监会行业分类
002491,C38电气机械和器材制造业,证监会行业分类
002492,G59装卸搬运和仓储业,证监会行业分类
002493,C26化学原料和化学制品制造业,证监会行业分类
002494,C19皮革、毛皮、羽毛及其制品和制鞋业,证监会行业分类
002495,C14食品制造业,证监会行业分类
002496,C26化学原料和化学制品制造业,证监会行业分类
002497,C32有色金属冶炼和压延加工业,证监会行业分类
002498,C38电气机械和器材制造业,证监会行业分类
002499,,证监会行业分类
002500,J67资本市场服务,证监会行业分类
002501,C32有色金属冶炼和压延加工业,证监会行业分类
002502,,证监会行业分类
002503,,证监会行业分类
002504,,证监会行业分类
002505,,证监会行业分类
002506,C38电气机械和器材制造业,证监会行业分类
002507,C14食品制造业,证监会行业分类
002508,C38电气机械和器材制造业,证监会行业分类
002509,,证监会行业分类
002510,C36汽车制造业,证监会行业分类
002511,C22造纸和纸制品业,证监会行业分类
002512,C39计算机、通信和其他电子设备制造业,证监会行业分类
002513,C38电气机械和器材制造业,证监会行业分类
002514,C33金属制品业,证监会行业分类
002515,C13农副食品加工业,证监会行业分类
002516,C17纺织业,证监会行业分类
002517,I64互联网和相关服务,证监会行业分类
002518,C38电气机械和器材制造业,证监会行业分类
002519,C39计算机、通信和其他电子设备制造业,证监会行业分类
002520,C34通用设备制造业,证监会行业分类
002521,C22造纸和纸制品业,证监会行业分类
002522,C29橡胶和塑料制品业,证监会行业分类
002523,C34通用设备制造业,证监会行业分类
002524,Q84卫生,证监会行业分类
002526,C35专用设备制造业,证监会行业分类
002527,C34通用设备制造业,证监会行业分类
002528,C39计算机、通信和其他电子设备制造业,证监会行业分类
002529,C34通用设备制造业,证监会行业分类
002530,C33金属制品业,证监会行业分类
002531,C38电气机械和器材制造业,证监会行业分类
002532,C32有色金属冶炼和压延加工业,证监会行业分类
002533,C38电气机械和器材制造业,证监会行业分类
002534,C34通用设备制造业,证监会行业分类
002535,C35专用设备制造业,证监会行业分类
002536,C36汽车制造业,证监会行业分类
002537,C36汽车制造业,证监会行业分类
002538,C26化学原料和化学制品制造业,证监会行业分类
002539,C26化学原料和化学制品制造业,证监会行业分类
002540,C32有色金属冶炼和压延加工业,证监会行业分类
002541,C33金属制品业,证监会行业分类
002542,E48土木工程建筑业,证监会行业分类
002543,C38电气机械和器材制造业,证监会行业分类
002544,I65软件和信息技术服务业,证监会行业分类
002545,C26化学原料和化学制品制造业,证监会行业分类
002546,C40仪器仪表制造业,证监会行业分类
002547,C33金属制品业,证监会行业分类
002548,C13农副食品加工业,证监会行业分类
002549,N77生态保护和环境治理业,证监会行业分类
002550,C27医药制造业,证监会行业分类
002551,C35专用设备制造业,证监会行业分类
002552,C39计算机、通信和其他电子设备制造业,证监会行业分类
002553,C36汽车制造业,证监会行业分类
002554,B11开采专业及辅助性活动,证监会行业分类
002555,I64互联网和相关服务,证监会行业分类
002556,F52零售业,证监会行业分类
002557,C13农副食品加工业,证监会行业分类
002558,I64互联网和相关服务,证监会行业分类
002559,C34通用设备制造业,证监会行业分类
002560,C38电气机械和器材制造业,证监会行业分类
002561,F52零售业,证监会行业分类
002562,C27医药制造业,证监会行业分类
002563,C18纺织服装、服饰业,证监会行业分类
002564,C35专用设备制造业,证监会行业分类
002565,C22造纸和纸制品业,证监会行业分类
002566,C27医药制造业,证监会行业分类
002567,C13农副食品加工业,证监会行业分类
002568,C15酒、饮料和精制茶制造业,证监会行业分类
002569,C18纺织服装、服饰业,证监会行业分类
002570,C14食品制造业,证监会行业分类
002571,C30非金属矿物制品业,证监会行业分类
002572,C21家具制造业,证监会行业分类
002573,N77生态保护和环境治理业,证监会行业分类
002574,C24文教、工美、体育和娱乐用品制造业,证监会行业分类
002575,F51批发业,证监会行业分类
002576,C38电气机械和器材制造业,证监会行业分类
002577,C39计算机、通信和其他电子设备制造业,证监会行业分类
002578,C32有色金属冶炼和压延加工业,证监会行业分类
002579,C39计算机、通信和其他电子设备制造业,证监会行业分类
002580,C38电气机械和器材制造业,证监会行业分类
002581,C27医药制造业,证监会行业分类
002582,C13农副食品加工业,证监会行业分类
002583,C39计算机、通信和其他电子设备制造业,证监会行业分类
002584,C26化学原料和化学制品制造业,证监会行业分类
002585,C29橡胶和塑料制品业,证监会行业分类
002586,E48土木工程建筑业,证监会行业分类
002587,C39计算机、通信和其他电子设备制造业,证监会行业分类
002588,C26化学原料和化学制品制造业,证监会行业分类
002589,F51批发业,证监会行业分类
002590,C36汽车制造业,证监会行业分类
002591,C26化学原料和化学制品制造业,证监会行业分类
002592,C36汽车制造业,证监会行业分类
002593,C36汽车制造业,证监会行业分类
002594,C36汽车制造业,证监会行业分类
002595,C35专用设备制造业,证监会行业分类
002596,C30非金属矿物制品业,证监会行业分类
002597,C14食品制造业,证监会行业分类
002598,C34通用设备制造业,证监会行业分类
002599,C23印刷和记录媒介复制业,证监会行业分类
002600,C39计算机、通信和其他电子设备制造业,证监会行业分类
002601,C26化学原料和化学制品制造业,证监会行业分类
002602,I64互联网和相关服务,证监会行业分类
002603,C27医药制造业,证监会行业分类
002604,,证监会行业分类
002605,I64互联网和相关服务,证监会行业分类
002606,C38电气机械和器材制造业,证监会行业分类
002607,P83教育,证监会行业分类
002608,D44电力、热力生产和供应业,证监会行业分类
002609,I65软件和信息技术服务业,证监会行业分类
002610,,证监会行业分类
002611,C35专用设备制造业,证监会行业分类
002612,C18纺织服装、服饰业,证监会行业分类
002613,C35专用设备制造业,证监会行业分类
002614,C38电气机械和器材制造业,证监会行业分类
002615,C33金属制品业,证监会行业分类
002616,N77生态保护和环境治理业,证监会行业分类
002617,C38电气机械和器材制造业,证监会行业分类
002618,,证监会行业分类
002619,,证监会行业分类
002620,E50建筑装饰、装修和其他建筑业,证监会行业分类
002621,,证监会行业分类
002622,Q84卫生,证监会行业分类
002623,C30非金属矿物制品业,证监会行业分类
002624,I64互联网和相关服务,证监会行业分类
002625,C37铁路、船舶、航空航天和其他运输设备制造业,证监会行业分类
002626,C14食品制造业,证监会行业分类
002627,N78公共设施管理业,证监会行业分类
002628,E48土木工程建筑业,证监会行业分类
002629,B11开采专业及辅助性活动,证监会行业分类
002630,C34通用设备制造业,证监会行业分类
002631,C20木材加工和木、竹、藤、棕、草制品业,证监会行业分类
002632,C26化学原料和化学制品制造业,证监会行业分类
002633,C34通用设备制造业,证监会行业分类
002634,C18纺织服装、服饰业,证监会行业分类
002635,C39计算机、通信和其他电子设备制造业,证监会行业分类
002636,C39计算机、通信和其他电子设备制造业,证监会行业分类
002637,C26化学原料和化学制品制造业,证监会行业分类
002638,C38电气机械和器材制造业,证监会行业分类
002639,C34通用设备制造业,证监会行业分类
002640,F52零售业,证监会行业分类
002641,C29橡胶和塑料制品业,证监会行业分类
002642,I65软件和信息技术服务业,证监会行业分类
002643,C26化学原料和化学制品制造业,证监会行业分类
002644,C27医药制造业,证监会行业分类
002645,C42废弃资源综合利用业,证监会行业分类
002646,C15酒、饮料和精制茶制造业,证监会行业分类
002647,J69其他金融业,证监会行业分类
002648,C26化学原料和化学制品制造业,证监会行业分类
002649,I65软件和信息技术服务业,证监会行业分类
002650,C14食品制造业,证监会行业分类
002651,C35专用设备制造业,证监会行业分类
002652,C33金属制品业,证监会行业分类
002653,C27医药制造业,证监会行业分类
002654,L72商务服务业,证监会行业分类
002655,C39计算机、通信和其他电子设备制造业,证监会行业分类
002656,C18纺织服装、服饰业,证监会行业分类
002657,I65软件和信息技术服务业,证监会行业分类
002658,C40仪器仪表制造业,证监会行业分类
002659,P83教育,证监会行业分类
002660,C39计算机、通信和其他电子设备制造业,证监会行业分类
002661,C14食品制造业,证监会行业分类
002662,C36汽车制造业,证监会行业分类
002663,E48土木工程建筑业,证监会行业分类
002664,C36汽车制造业,证监会行业分类
002665,,证监会行业分类
002666,C26化学原料和化学制品制造业,证监会行业分类
002667,C32有色金属冶炼和压延加工业,证监会行业分类
002668,C38电气机械和器材制造业,证监会行业分类
002669,C26化学原料和化学制品制造业,证监会行业分类
002670,J67资本市场服务,证监会行业分类
002671,C30非金属矿物制品业,证监会行业分类
002672,C42废弃资源综合利用业,证监会行业分类
002673,J67资本市场服务,证监会行业分类
002674,C19皮革、毛皮、羽毛及其制品和制鞋业,证监会行业分类
002675,C27医药制造业,证监会行业分类
002676,C29橡胶和塑料制品业,证监会行业分类
002677,C38电气机械和器材制造业,证监会行业分类
002678,C24文教、工美、体育和娱乐用品制造业,证监会行业分类
002679,A02林业,证监会行业分类
002680,,证监会行业分类
002681,C39计算机、通信和其他电子设备制造业,证监会行业分类
002682,G54道路运输业,证监会行业分类
002683,B11开采专业及辅助性活动,证监会行业分类
002684,,证监会行业分类
002685,C34通用设备制造业,证监会行业分类
002686,C34通用设备制造业,证监会行业分类
002687,C18纺织服装、服饰业,证监会行业分类
002688,C27医药制造业,证监会行业分类
002689,C34通用设备制造业,证监会行业分类
002690,C35专用设备制造业,证监会行业分类
002691,C35专用设备制造业,证监会行业分类
002692,C38电气机械和器材制造业,证监会行业分类
002693,C27医药制造业,证监会行业分类
002694,C29橡胶和塑料制品业,证监会行业分类
002695,C13农副食品加工业,证监会行业分类
002696,C13农副食品加工业,证监会行业分类
002697,F52零售业,证监会行业分类
002698,C34通用设备制造业,证监会行业分类
002699,,证监会行业分类
002700,D45燃气生产和供应业,证监会行业分类
002701,C33金属制品业,证监会行业分类
002702,C13农副食品加工业,证监会行业分类
002703,C36汽车制造业,证监会行业分类
002705,C38电气机械和器材制造业,证监会行业分类
002706,C38电气机械和器材制造业,证监会行业分类
002707,L72商务服务业,证监会行业分类
002708,C36汽车制造业,证监会行业分类
002709,C39计算机、通信和其他电子设备制造业,证监会行业分类
002711,,证监会行业分类
002712,L72商务服务业,证监会行业分类
002713,E50建筑装饰、装修和其他建筑业,证监会行业分类
002714,A03畜牧业,证监会行业分类
002715,C36汽车制造业,证监会行业分类
002716,C32有色金属冶炼和压延加工业,证监会行业分类
002717,N77生态保护和环境治理业,证监会行业分类
002718,C41其他制造业,证监会行业分类
002719,C14食品制造业,证监会行业分类
002721,C24文教、工美、体育和娱乐用品制造业,证监会行业分类
002722,C33金属制品业,证监会行业分类
002723,C38电气机械和器材制造业,证监会行业分类
002724,C38电气机械和器材制造业,证监会行业分类
002725,C36汽车制造业,证监会行业分类
002726,C13农副食品加工业,证监会行业分类
002727,F52零售业,证监会行业分类
002728,C27医药制造业,证监会行业分类
002729,C39计算机、通信和其他电子设备制造业,证监会行业分类
002730,C35专用设备制造业,证监会行业分类
002731,C24文教、工美、体育和娱乐用品制造业,证监会行业分类
002732,C14食品制造业,证监会行业分类
002733,C38电气机械和器材制造业,证监会行业分类
002734,C26化学原料和化学制品制造业,证监会行业分类
002735,C29橡胶和塑料制品业,证监会行业分类
002736,J67资本市场服务,证监会行业分类
002737,C27医药制造业,证监会行业分类
002738,C32有色金属冶炼和压延加工业,证监会行业分类
002739,R87广播、电视、电影和录音制作业,证监会行业分类
002740,,证监会行业分类
002741,C39计算机、通信和其他电子设备制造业,证监会行业分类
002742,C30非金属矿物制品业,证监会行业分类
002743,C33金属制品业,证监会行业分类
002745,C38电气机械和器材制造业,证监会行业分类
002746,C13农副食品加工业,证监会行业分类
002747,C34通用设备制造业,证监会行业分类
002748,C26化学原料和化学制品制造业,证监会行业分类
002749,C26化学原料和化学制品制造业,证监会行业分类
002750,,证监会行业分类
002751,,证监会行业分类
002752,C33金属制品业,证监会行业分类
002753,C26化学原料和化学制品制造业,证监会行业分类
002755,C27医药制造业,证监会行业分类
002756,C32有色金属冶炼和压延加工业,证监会行业分类
002757,C35专用设备制造业,证监会行业分类
002758,F51批发业,证监会行业分类
002759,C26化学原料和化学制品制造业,证监会行业分类
002760,C33金属制品业,证监会行业分类
002761,E48土木工程建筑业,证监会行业分类
002762,C18纺织服装、服饰业,证监会行业分类
002763,C18纺织服装、服饰业,证监会行业分类
002765,C36汽车制造业,证监会行业分类
002766,C39计算机、通信和其他电子设备制造业,证监会行业分类
002767,C40仪器仪表制造业,证监会行业分类
002768,C29橡胶和塑料制品业,证监会行业分类
002769,L72商务服务业,证监会行业分类
002770,,证监会行业分类
002771,I65软件和信息技术服务业,证监会行业分类
002772,A01农业,证监会行业分类
002773,C27医药制造业,证监会行业分类
002774,C34通用设备制造业,证监会行业分类
002775,E48土木工程建筑业,证监会行业分类
002776,,证监会行业分类
002777,I65软件和信息技术服务业,证监会行业分类
002778,C25石油、煤炭及其他燃料加工业,证监会行业分类
002779,C35专用设备制造业,证监会行业分类
002780,F52零售业,证监会行业分类
002781,,证监会行业分类
002782,C39计算机、通信和其他电子设备制造业,证监会行业分类
002783,C26化学原料和化学制品制造业,证监会行业分类
002785,C30非金属矿物制品业,证监会行业分类
002786,C35专用设备制造业,证监会行业分类
002787,C33金属制品业,证监会行业分类
002788,F51批发业,证监会行业分类
002789,E50建筑装饰、装修和其他建筑业,证监会行业分类
002790,C29橡胶和塑料制品业,证监会行业分类
002791,C33金属制品业,证监会行业分类
002792,C39计算机、通信和其他电子设备制造业,证监会行业分类
002793,C27医药制造业,证监会行业分类
002795,C34通用设备制造业,证监会行业分类
002796,C39计算机、通信和其他电子设备制造业,证监会行业分类
002797,J67资本市场服务,证监会行业分类
002798,C30非金属矿物制品业,证监会行业分类
002799,C22造纸和纸制品业,证监会行业分类
002800,G54道路运输业,证监会行业分类
002801,C38电气机械和器材制造业,证监会行业分类
002802,C26化学原料和化学制品制造业,证监会行业分类
002803,F52零售业,证监会行业分类
002805,C39计算机、通信和其他电子设备制造业,证监会行业分类
002806,C39计算机、通信和其他电子设备制造业,证监会行业分类
002807,J66货币金融服务,证监会行业分类
002808,C34通用设备制造业,证监会行业分类
002809,C26化学原料和化学制品制造业,证监会行业分类
002810,C26化学原料和化学制品制造业,证监会行业分类
002811,M74专业技术服务业,证监会行业分类
002812,C29橡胶和塑料制品业,证监会行业分类
002813,C39计算机、通信和其他电子设备制造业,证监会行业分类
002815,C39计算机、通信和其他电子设备制造业,证监会行业分类
002816,C34通用设备制造业,证监会行业分类
002817,C27医药制造业,证监会行业分类
002818,L72商务服务业,证监会行业分类
002819,F51批发业,证监会行业分类
002820,C14食品制造业,证监会行业分类
002821,C27医药制造业,证监会行业分类
002822,E50建筑装饰、装修和其他建筑业,证监会行业分类
002823,C38电气机械和器材制造业,证监会行业分类
002824,C36汽车制造业,证监会行业分类
002825,C29橡胶和塑料制品业,证监会行业分类
002826,C27医药制造业,证监会行业分类
002827,C26化学原料和化学制品制造业,证监会行业分类
002828,B11开采专业及辅助性活动,证监会行业分类
002829,C37铁路、船舶、航空航天和其他运输设备制造业,证监会行业分类
002830,E50建筑装饰、装修和其他建筑业,证监会行业分类
002831,C22造纸和纸制品业,证监会行业分类
002832,C18纺织服装、服饰业,证监会行业分类
002833,C35专用设备制造业,证监会行业分类
002835,C39计算机、通信和其他电子设备制造业,证监会行业分类
002836,C23印刷和记录媒介复制业,证监会行业分类
002837,C35专用设备制造业,证监会行业分类
002838,C29橡胶和塑料制品业,证监会行业分类
002839,J66货币金融服务,证监会行业分类
002840,C13农副食品加工业,证监会行业分类
002841,C39计算机、通信和其他电子设备制造业,证监会行业分类
002842,C32有色金属冶炼和压延加工业,证监会行业分类
002843,C34通用设备制造业,证监会行业分类
002845,C39计算机、通信和其他电子设备制造业,证监会行业分类
002846,C33金属制品业,证监会行业分类
002847,C14食品制造业,证监会行业分类
002848,C39计算机、通信和其他电子设备制造业,证监会行业分类
002849,C40仪器仪表制造业,证监会行业分类
002850,C33金属制品业,证监会行业分类
002851,C38电气机械和器材制造业,证监会行业分类
002852,C13农副食品加工业,证监会行业分类
002853,C21家具制造业,证监会行业分类
002855,C39计算机、通信和其他电子设备制造业,证监会行业分类
002856,E50建筑装饰、装修和其他建筑业,证监会行业分类
002857,C40仪器仪表制造业,证监会行业分类
002858,R89体育,证监会行业分类
002859,C39计算机、通信和其他电子设备制造业,证监会行业分类
002860,C38电气机械和器材制造业,证监会行业分类
002861,C39计算机、通信和其他电子设备制造业,证监会行业分类
002862,C24文教、工美、体育和娱乐用品制造业,证监会行业分类
002863,C36汽车制造业,证监会行业分类
002864,C27医药制造业,证监会行业分类
002865,C38电气机械和器材制造业,证监会行业分类
002866,C39计算机、通信和其他电子设备制造业,证监会行业分类
002867,F51批发业,证监会行业分类
002868,C27医药制造业,证监会行业分类
002869,C39计算机、通信和其他电子设备制造业,证监会行业分类
002870,C36汽车制造业,证监会行业分类
002871,C34通用设备制造业,证监会行业分类
002872,C27医药制造业,证监会行业分类
002873,C27医药制造业,证监会行业分类
002875,C18纺织服装、服饰业,证监会行业分类
002876,C39计算机、通信和其他电子设备制造业,证监会行业分类
002877,C34通用设备制造业,证监会行业分类
002878,L72商务服务业,证监会行业分类
002879,C38电气机械和器材制造业,证监会行业分类
002880,C27医药制造业,证监会行业分类
002881,C39计算机、通信和其他电子设备制造业,证监会行业分类
002882,C38电气机械和器材制造业,证监会行业分类
002883,M74专业技术服务业,证监会行业分类
002884,C34通用设备制造业,证监会行业分类
002885,C39计算机、通信和其他电子设备制造业,证监会行业分类
002886,C29橡胶和塑料制品业,证监会行业分类
002887,N77生态保护和环境治理业,证监会行业分类
002888,C39计算机、通信和其他电子设备制造业,证监会行业分类
002889,L72商务服务业,证监会行业分类
002890,C35专用设备制造业,证监会行业分类
002891,C13农副食品加工业,证监会行业分类
002892,C38电气机械和器材制造业,证监会行业分类
002893,D44电力、热力生产和供应业,证监会行业分类
002895,C26化学原料和化学制品制造业,证监会行业分类
002896,C34通用设备制造业,证监会行业分类
002897,C38电气机械和器材制造业,证监会行业分类
002898,C27医药制造业,证监会行业分类
002899,C24文教、工美、体育和娱乐用品制造业,证监会行业分类
002900,C27医药制造业,证监会行业分类
002901,C35专用设备制造业,证监会行业分类
002902,C39计算机、通信和其他电子设备制造业,证监会行业分类
002903,C34通用设备制造业,证监会行业分类
002905,R87广播、电视、电影和录音制作业,证监会行业分类
002906,C39计算机、通信和其他电子设备制造业,证监会行业分类
002907,C27医药制造业,证监会行业分类
002908,I65软件和信息技术服务业,证监会行业分类
002909,C26化学原料和化学制品制造业,证监会行业分类
002910,C14食品制造业,证监会行业分类
002911,D45燃气生产和供应业,证监会行业分类
002912,I65软件和信息技术服务业,证监会行业分类
002913,C39计算机、通信和其他电子设备制造业,证监会行业分类
002915,C26化学原料和化学制品制造业,证监会行业分类
002916,C39计算机、通信和其他电子设备制造业,证监会行业分类
002917,C26化学原料和化学制品制造业,证监会行业分类
002918,C30非金属矿物制品业,证监会行业分类
002919,I64互联网和相关服务,证监会行业分类
002920,C39计算机、通信和其他电子设备制造业,证监会行业分类
002921,C34通用设备制造业,证监会行业分类
002922,C38电气机械和器材制造业,证监会行业分类
002923,C27医药制造业,证监会行业分类
002925,C39计算机、通信和其他电子设备制造业,证监会行业分类
002926,J67资本市场服务,证监会行业分类
002927,C38电气机械和器材制造业,证监会行业分类
002928,G56航空运输业,证监会行业分类
002929,I65软件和信息技术服务业,证监会行业分类
002930,G59装卸搬运和仓储业,证监会行业分类
002931,C35专用设备制造业,证监会行业分类
002932,C27医药制造业,证监会行业分类
002933,C37铁路、船舶、航空航天和其他运输设备制造业,证监会行业分类
002935,C39计算机、通信和其他电子设备制造业,证监会行业分类
002936,J66货币金融服务,证监会行业分类
002937,C39计算机、通信和其他电子设备制造业,证监会行业分类
002938,C39计算机、通信和其他电子设备制造业,证监会行业分类
002939,J67资本市场服务,证监会行业分类
002940,C27医药制造业,证监会行业分类
002941,E48土木工程建筑业,证监会行业分类
002942,C26化学原料和化学制品制造业,证监会行业分类
002943,C34通用设备制造业,证监会行业分类
002945,J67资本市场服务,证监会行业分类
002946,C14食品制造业,证监会行业分类
002947,C39计算机、通信和其他电子设备制造业,证监会行业分类
002948,J66货币金融服务,证监会行业分类
002949,M74专业技术服务业,证监会行业分类
002950,C27医药制造业,证监会行业分类
002951,C23印刷和记录媒介复制业,证监会行业分类
002952,C39计算机、通信和其他电子设备制造业,证监会行业分类
002953,C38电气机械和器材制造业,证监会行业分类
002955,C39计算机、通信和其他电子设备制造业,证监会行业分类
002956,C14食品制造业,证监会行业分类
002957,C35专用设备制造业,证监会行业分类
002958,J66货币金融服务,证监会行业分类
002959,C38电气机械和器材制造业,证监会行业分类
002960,C39计算机、通信和其他电子设备制造业,证监会行业分类
002961,J67资本市场服务,证监会行业分类
002962,C39计算机、通信和其他电子设备制造业,证监会行业分类
002963,E50建筑装饰、装修和其他建筑业,证监会行业分类
002965,C36汽车制造业,证监会行业分类
002966,J66货币金融服务,证监会行业分类
002967,M74专业技术服务业,证监会行业分类
002968,K70房地产业,证监会行业分类
002969,C33金属制品业,证监会行业分类
002970,I65软件和信息技术服务业,证监会行业分类
002971,C26化学原料和化学制品制造业,证监会行业分类
002972,C39计算机、通信和其他电子设备制造业,证监会行业分类
002973,N78公共设施管理业,证监会行业分类
002975,C35专用设备制造业,证监会行业分类
002976,C33金属制品业,证监会行业分类
002977,C39计算机、通信和其他电子设备制造业,证监会行业分类
002978,B09有色金属矿采选业,证监会行业分类
002979,C40仪器仪表制造业,证监会行业分类
002980,C40仪器仪表制造业,证监会行业分类
002981,C39计算机、通信和其他电子设备制造业,证监会行业分类
002982,A03畜牧业,证监会行业分类
002983,C39计算机、通信和其他电子设备制造业,证监会行业分类
002984,C29橡胶和塑料制品业,证监会行业分类
002985,C37铁路、船舶、航空航天和其他运输设备制造业,证监会行业分类
002986,C26化学原料和化学制品制造业,证监会行业分类
002987,I65软件和信息技术服务业,证监会行业分类
002988,C32有色金属冶炼和压延加工业,证监会行业分类
002989,E50建筑装饰、装修和其他建筑业,证监会行业分类
002990,I65软件和信息技术服务业,证监会行业分类
002991,C13农副食品加工业,证监会行业分类
002992,C39计算机、通信和其他电子设备制造业,证监会行业分类
002993,C39计算机、通信和其他电子设备制造业,证监会行业分类
002995,L72商务服务业,证监会行业分类
002996,C42废弃资源综合利用业,证监会行业分类
002997,C35专用设备制造业,证监会行业分类
002998,C28化学纤维制造业,证监会行业分类
002999,F52零售业,证监会行业分类
003000,C13农副食品加工业,证监会行业分类
003001,E48土木工程建筑业,证监会行业分类
003002,C26化学原料和化学制品制造业,证监会行业分类
003003,C23印刷和记录媒介复制业,证监会行业分类
003004,I65软件和信息技术服务业,证监会行业分类
003005,I65软件和信息技术服务业,证监会行业分类
003006,C22造纸和纸制品业,证监会行业分类
003007,I65软件和信息技术服务业,证监会行业分类
003008,M74专业技术服务业,证监会行业分类
003009,C37铁路、船舶、航空航天和其他运输设备制造业,证监会行业分类
003010,I64互联网和相关服务,证监会行业分类
003011,C29橡胶和塑料制品业,证监会行业分类
003012,C30非金属矿物制品业,证监会行业分类
003013,M74专业技术服务业,证监会行业分类
003015,C39计算机、通信和其他电子设备制造业,证监会行业分类
003016,C18纺织服装、服饰业,证监会行业分类
003017,C26化学原料和化学制品制造业,证监会行业分类
003018,C29橡胶和塑料制品业,证监会行业分类
003019,C39计算机、通信和其他电子设备制造业,证监会行业分类
003020,C27医药制造业,证监会行业分类
003021,C38电气机械和器材制造业,证监会行业分类
003022,C26化学原料和化学制品制造业,证监会行业分类
003023,C38电气机械和器材制造业,证监会行业分类
003025,C34通用设备制造业,证监会行业分类
003026,C39计算机、通信和其他电子设备制造业,证监会行业分类
003027,N77生态保护和环境治理业,证监会行业分类
003028,C39计算机、通信和其他电子设备制造业,证监会行业分类
003029,I65软件和信息技术服务业,证监会行业分类
003030,C13农副食品加工业,证监会行业分类
003031,C39计算机、通信和其他电子设备制造业,证监会行业分类
003032,P83教育,证监会行业分类
003033,C37铁路、船舶、航空航天和其他运输设备制造业,证监会行业分类
003035,M75科技推广和应用服务业,证监会行业分类
003036,C35专用设备制造业,证监会行业分类
003037,C30非金属矿物制品业,证监会行业分类
003038,C32有色金属冶炼和压延加工业,证监会行业分类
003039,D46水的生产和供应业,证监会行业分类
003040,C39计算机、通信和其他电子设备制造业,证监会行业分类
003041,C17纺织业,证监会行业分类
003042,C26化学原料和化学制品制造业,证监会行业分类
003043,C33金属制品业,证监会行业分类
003816,D44电力、热力生产和供应业,证监会行业分类
300001,C38电气机械和器材制造业,证监会行业分类
300002,I64互联网和相关服务,证监会行业分类
300003,C35专用设备制造业,证监会行业分类
300004,C34通用设备制造业,证监会行业分类
300005,C18纺织服装、服饰业,证监会行业分类
300006,C27医药制造业,证监会行业分类
300007,I65软件和信息技术服务业,证监会行业分类
300008,C37铁路、船舶、航空航天和其他运输设备制造业,证监会行业分类
300009,C27医药制造业,证监会行业分类
300010,I65软件和信息技术服务业,证监会行业分类
300011,C37铁路、船舶、航空航天和其他运输设备制造业,证监会行业分类
300012,M74专业技术服务业,证监会行业分类
300013,G59装卸搬运和仓储业,证监会行业分类
300014,C38电气机械和器材制造业,证监会行业分类
300015,Q84卫生,证监会行业分类
300016,C27医药制造业,证监会行业分类
300017,I65软件和信息技术服务业,证监会行业分类
300018,C38电气机械和器材制造业,证监会行业分类
300019,C26化学原料和化学制品制造业,证监会行业分类
300020,I65软件和信息技术服务业,证监会行业分类
300021,N76水利管理业,证监会行业分类
300022,F51批发业,证监会行业分类
300023,,证监会行业分类
300024,C34通用设备制造业,证监会行业分类
300025,I65软件和信息技术服务业,证监会行业分类
300026,C27医药制造业,证监会行业分类
300027,R87广播、电视、电影和录音制作业,证监会行业分类
300028,,证监会行业分类
300029,E48土木工程建筑业,证监会行业分类
300030,C35专用设备制造业,证监会行业分类
300031,I64互联网和相关服务,证监会行业分类
300032,C38电气机械和器材制造业,证监会行业分类
300033,J69其他金融业,证监会行业分类
300034,C32有色金属冶炼和压延加工业,证监会行业分类
300035,C39计算机、通信和其他电子设备制造业,证监会行业分类
300036,I65软件和信息技术服务业,证监会行业分类
300037,C39计算机、通信和其他电子设备制造业,证监会行业分类
300038,,证监会行业分类
300039,C27医药制造业,证监会行业分类
300040,D44电力、热力生产和供应业,证监会行业分类
300041,C26化学原料和化学制品制造业,证监会行业分类
300042,C39计算机、通信和其他电子设备制造业,证监会行业分类
300043,I64互联网和相关服务,证监会行业分类
300044,I65软件和信息技术服务业,证监会行业分类
300045,C39计算机、通信和其他电子设备制造业,证监会行业分类
300046,C39计算机、通信和其他电子设备制造业,证监会行业分类
300047,I65软件和信息技术服务业,证监会行业分类
300048,C38电气机械和器材制造业,证监会行业分类
300049,C35专用设备制造业,证监会行业分类
300050,I65软件和信息技术服务业,证监会行业分类
300051,I65软件和信息技术服务业,证监会行业分类
300052,I64互联网和相关服务,证监会行业分类
300053,C39计算机、通信和其他电子设备制造业,证监会行业分类
300054,C39计算机、通信和其他电子设备制造业,证监会行业分类
300055,C26化学原料和化学制品制造业,证监会行业分类
300056,C35专用设备制造业,证监会行业分类
300057,C32有色金属冶炼和压延加工业,证监会行业分类
300058,L72商务服务业,证监会行业分类
300059,J67资本市场服务,证监会行业分类
300061,L72商务服务业,证监会行业分类
300062,C38电气机械和器材制造业,证监会行业分类
300063,L72商务服务业,证监会行业分类
300064,,证监会行业分类
300065,C39计算机、通信和其他电子设备制造业,证监会行业分类
300066,C40仪器仪表制造业,证监会行业分类
300067,C26化学原料和化学制品制造业,证监会行业分类
300068,C38电气机械和器材制造业,证监会行业分类
300069,C38电气机械和器材制造业,证监会行业分类
300070,N77生态保护和环境治理业,证监会行业分类
300071,L72商务服务业,证监会行业分类
300072,C26化学原料和化学制品制造业,证监会行业分类
300073,C39计算机、通信和其他电子设备制造业,证监会行业分类
300074,I65软件和信息技术服务业,证监会行业分类
300075,I65软件和信息技术服务业,证监会行业分类
300076,C39计算机、通信和其他电子设备制造业,证监会行业分类
300077,C39计算机、通信和其他电子设备制造业,证监会行业分类
300078,C39计算机、通信和其他电子设备制造业,证监会行业分类
300079,C39计算机、通信和其他电子设备制造业,证监会行业分类
300080,C38电气机械和器材制造业,证监会行业分类
300081,I65软件和信息技术服务业,证监会行业分类
300082,C26化学原料和化学制品制造业,证监会行业分类
300083,C34通用设备制造业,证监会行业分类
300084,B11开采专业及辅助性活动,证监会行业分类
300085,I65软件和信息技术服务业,证监会行业分类
300086,C27医药制造业,证监会行业分类
300087,A05农、林、牧、渔专业及辅助性活动,证监会行业分类
300088,C39计算机、通信和其他电子设备制造业,证监会行业分类
300089,,证监会行业分类
300090,,证监会行业分类
300091,C34通用设备制造业,证监会行业分类
300092,C35专用设备制造业,证监会行业分类
300093,C38电气机械和器材制造业,证监会行业分类
300094,C13农副食品加工业,证监会行业分类
300095,C34通用设备制造业,证监会行业分类
300096,I65软件和信息技术服务业,证监会行业分类
300097,C35专用设备制造业,证监会行业分类
300098,I65软件和信息技术服务业,证监会行业分类
300099,C35专用设备制造业,证监会行业分类
300100,C36汽车制造业,证监会行业分类
300101,I65软件和信息技术服务业,证监会行业分类
300102,C39计算机、通信和其他电子设备制造业,证监会行业分类
300103,C42废弃资源综合利用业,证监会行业分类
300104,,证监会行业分类
300105,C38电气机械和器材制造业,证监会行业分类
300106,C14食品制造业,证监会行业分类
300107,C26化学原料和化学制品制造业,证监会行业分类
300108,,证监会行业分类
300109,C26化学原料和化学制品制造业,证监会行业分类
300110,C27医药制造业,证监会行业分类
300111,C27医药制造业,证监会行业分类
300112,C40仪器仪表制造业,证监会行业分类
300113,I64互联网和相关服务,证监会行业分类
300115,C39计算机、通信和其他电子设备制造业,证监会行业分类
300116,,证监会行业分类
300117,,证监会行业分类
300118,C38电气机械和器材制造业,证监会行业分类
300119,C27医药制造业,证监会行业分类
300120,C39计算机、通信和其他电子设备制造业,证监会行业分类
300121,C26化学原料和化学制品制造业,证监会行业分类
300122,C27医药制造业,证监会行业分类
300123,C39计算机、通信和其他电子设备制造业,证监会行业分类
300124,C38电气机械和器材制造业,证监会行业分类
300125,C38电气机械和器材制造业,证监会行业分类
300126,C34通用设备制造业,证监会行业分类
300127,C39计算机、通信和其他电子设备制造业,证监会行业分类
300128,C39计算机、通信和其他电子设备制造业,证监会行业分类
300129,C38电气机械和器材制造业,证监会行业分类
300130,C35专用设备制造业,证监会行业分类
300131,F51批发业,证监会行业分类
300132,C26化学原料和化学制品制造业,证监会行业分类
300133,R87广播、电视、电影和录音制作业,证监会行业分类
300134,C39计算机、通信和其他电子设备制造业,证监会行业分类
300135,C25石油、煤炭及其他燃料加工业,证监会行业分类
300136,C39计算机、通信和其他电子设备制造业,证监会行业分类
300137,C40仪器仪表制造业,证监会行业分类
300138,C13农副食品加工业,证监会行业分类
300139,B09有色金属矿采选业,证监会行业分类
300140,N77生态保护和环境治理业,证监会行业分类
300141,C38电气机械和器材制造业,证监会行业分类
300142,C27医药制造业,证监会行业分类
300143,Q84卫生,证监会行业分类
300144,R88文化艺术业,证监会行业分类
300145,C34通用设备制造业,证监会行业分类
300146,C14食品制造业,证监会行业分类
300147,C27医药制造业,证监会行业分类
300148,R86新闻和出版业,证监会行业分类
300149,M73研究和试验发展,证监会行业分类
300150,I65软件和信息技术服务业,证监会行业分类
300151,C35专用设备制造业,证监会行业分类
300152,C34通用设备制造业,证监会行业分类
300153,C38电气机械和器材制造业,证监会行业分类
300154,C34通用设备制造业,证监会行业分类
300155,C39计算机、通信和其他电子设备制造业,证监会行业分类
300156,,证监会行业分类
300157,C34通用设备制造业,证监会行业分类
300158,C27医药制造业,证监会行业分类
300159,C35专用设备制造业,证监会行业分类
300160,C30非金属矿物制品业,证监会行业分类
300161,C34通用设备制造业,证监会行业分类
300162,C39计算机、通信和其他电子设备制造业,证监会行业分类
300163,C17纺织业,证监会行业分类
300164,B11开采专业及辅助性活动,证监会行业分类
300165,C40仪器仪表制造业,证监会行业分类
300166,I65软件和信息技术服务业,证监会行业分类
300167,I65软件和信息技术服务业,证监会行业分类
300168,I65软件和信息技术服务业,证监会行业分类
300169,C29橡胶和塑料制品业,证监会行业分类
300170,I65软件和信息技术服务业,证监会行业分类
300171,C35专用设备制造业,证监会行业分类
300172,D46水的生产和供应业,证监会行业分类
300173,C35专用设备制造业,证监会行业分类
300174,C26化学原料和化学制品制造业,证监会行业分类
300175,C13农副食品加工业,证监会行业分类
300176,C36汽车制造业,证监会行业分类
300177,C39计算机、通信和其他电子设备制造业,证监会行业分类
300178,,证监会行业分类
300179,C30非金属矿物制品业,证监会行业分类
300180,C29橡胶和塑料制品业,证监会行业分类
300181,C27医药制造业,证监会行业分类
300182,R87广播、电视、电影和录音制作业,证监会行业分类
300183,C40仪器仪表制造业,证监会行业分类
300184,F51批发业,证监会行业分类
300185,C33金属制品业,证监会行业分类
300186,,证监会行业分类
300187,N77生态保护和环境治理业,证监会行业分类
300188,I65软件和信息技术服务业,证监会行业分类
300189,A05农、林、牧、渔专业及辅助性活动,证监会行业分类
300190,N77生态保护和环境治理业,证监会行业分类
300191,B07石油和天然气开采业,证监会行业分类
300192,P83教育,证监会行业分类
300193,C34通用设备制造业,证监会行业分类
300194,C27医药制造业,证监会行业分类
300195,C35专用设备制造业,证监会行业分类
300196,C30非金属矿物制品业,证监会行业分类
300197,N77生态保护和环境治理业,证监会行业分类
300198,C29橡胶和塑料制品业,证监会行业分类
300199,C27医药制造业,证监会行业分类
300200,C26化学原料和化学制品制造业,证监会行业分类
300201,C35专用设备制造业,证监会行业分类
300202,,证监会行业分类
300203,C40仪器仪表制造业,证监会行业分类
300204,C27医药制造业,证监会行业分类
300205,C39计算机、通信和其他电子设备制造业,证监会行业分类
300206,C35专用设备制造业,证监会行业分类
300207,C38电气机械和器材制造业,证监会行业分类
300208,,证监会行业分类
300209,F52零售业,证监会行业分类
300210,C35专用设备制造业,证监会行业分类
300211,C39计算机、通信和其他电子设备制造业,证监会行业分类
300212,I65软件和信息技术服务业,证监会行业分类
300213,C39计算机、通信和其他电子设备制造业,证监会行业分类
300214,C26化学原料和化学制品制造业,证监会行业分类
300215,M74专业技术服务业,证监会行业分类
300216,,证监会行业分类
300217,C35专用设备制造业,证监会行业分类
300218,C29橡胶和塑料制品业,证监会行业分类
300219,C39计算机、通信和其他电子设备制造业,证监会行业分类
300220,C39计算机、通信和其他电子设备制造业,证监会行业分类
300221,C29橡胶和塑料制品业,证监会行业分类
300222,C34通用设备制造业,证监会行业分类
300223,C39计算机、通信和其他电子设备制造业,证监会行业分类
300224,C30非金属矿物制品业,证监会行业分类
300225,C26化学原料和化学制品制造业,证监会行业分类
300226,L72商务服务业,证监会行业分类
300227,C39计算机、通信和其他电子设备制造业,证监会行业分类
300228,C35专用设备制造业,证监会行业分类
300229,I65软件和信息技术服务业,证监会行业分类
300230,C29橡胶和塑料制品业,证监会行业分类
300231,I65软件和信息技术服务业,证监会行业分类
300232,C39计算机、通信和其他电子设备制造业,证监会行业分类
300233,C27医药制造业,证监会行业分类
300234,C30非金属矿物制品业,证监会行业分类
300235,I65软件和信息技术服务业,证监会行业分类
300236,C39计算机、通信和其他电子设备制造业,证监会行业分类
300237,C36汽车制造业,证监会行业分类
300238,C35专用设备制造业,证监会行业分类
300239,C27医药制造业,证监会行业分类
300240,G58多式联运和运输代理业,证监会行业分类
300241,C39计算机、通信和其他电子设备制造业,证监会行业分类
300242,L72商务服务业,证监会行业分类
300243,C26化学原料和化学制品制造业,证监会行业分类
300244,Q84卫生,证监会行业分类
300245,I65软件和信息技术服务业,证监会行业分类
300246,C35专用设备制造业,证监会行业分类
300247,C38电气机械和器材制造业,证监会行业分类
300248,I65软件和信息技术服务业,证监会行业分类
300249,I65软件和信息技术服务业,证监会行业分类
300250,I65软件和信息技术服务业,证监会行业分类
300251,R87广播、电视、电影和录音制作业,证监会行业分类
300252,C38电气机械和器材制造业,证监会行业分类
300253,I65软件和信息技术服务业,证监会行业分类
300254,C27医药制造业,证监会行业分类
300255,C27医药制造业,证监会行业分类
300256,C39计算机、通信和其他电子设备制造业,证监会行业分类
300257,C34通用设备制造业,证监会行业分类
300258,C36汽车制造业,证监会行业分类
300259,C40仪器仪表制造业,证监会行业分类
300260,C34通用设备制造业,证监会行业分类
300261,C26化学原料和化学制品制造业,证监会行业分类
300262,,证监会行业分类
300263,C34通用设备制造业,证监会行业分类
300264,I65软件和信息技术服务业,证监会行业分类
300265,C38电气机械和器材制造业,证监会行业分类
300266,N77生态保护和环境治理业,证监会行业分类
300267,C27医药制造业,证监会行业分类
300268,C13农副食品加工业,证监会行业分类
300269,C39计算机、通信和其他电子设备制造业,证监会行业分类
300270,C39计算机、通信和其他电子设备制造业,证监会行业分类
300271,I65软件和信息技术服务业,证监会行业分类
300272,C38电气机械和器材制造业,证监会行业分类
300273,,证监会行业分类
300274,C38电气机械和器材制造业,证监会行业分类
300275,I65软件和信息技术服务业,证监会行业分类
300276,C35专用设备制造业,证监会行业分类
300277,I65软件和信息技术服务业,证监会行业分类
300278,C35专用设备制造业,证监会行业分类
300279,C39计算机、通信和其他电子设备制造业,证监会行业分类
300280,,证监会行业分类
300281,C35专用设备制造业,证监会行业分类
300282,,证监会行业分类
300283,C38电气机械和器材制造业,证监会行业分类
300284,M74专业技术服务业,证监会行业分类
300285,C26化学原料和化学制品制造业,证监会行业分类
300286,C40仪器仪表制造业,证监会行业分类
300287,I65软件和信息技术服务业,证监会行业分类
300288,I63电信、广播电视和卫星传输服务,证监会行业分类
300289,C27医药制造业,证监会行业分类
300290,I65软件和信息技术服务业,证监会行业分类
300291,R87广播、电视、电影和录音制作业,证监会行业分类
300292,I65软件和信息技术服务业,证监会行业分类
300293,C35专用设备制造业,证监会行业分类
300294,C27医药制造业,证监会行业分类
300295,I64互联网和相关服务,证监会行业分类
300296,C39计算机、通信和其他电子设备制造业,证监会行业分类
300297,,证监会行业分类
300298,C35专用设备制造业,证监会行业分类
300299,I64互联网和相关服务,证监会行业分类
300300,I65软件和信息技术服务业,证监会行业分类
300301,C39计算机、通信和其他电子设备制造业,证监会行业分类
300302,I65软件和信息技术服务业,证监会行业分类
300303,C39计算机、通信和其他电子设备制造业,证监会行业分类
300304,C36汽车制造业,证监会行业分类
300305,C29橡胶和塑料制品业,证监会行业分类
300306,C40仪器仪表制造业,证监会行业分类
300307,C35专用设备制造业,证监会行业分类
300308,C39计算机、通信和其他电子设备制造业,证监会行业分类
300309,,证监会行业分类
300310,I63电信、广播电视和卫星传输服务,证监会行业分类
300311,I65软件和信息技术服务业,证监会行业分类
300312,,证监会行业分类
300313,A03畜牧业,证监会行业分类
300314,C35专用设备制造业,证监会行业分类
300315,I64互联网和相关服务,证监会行业分类
300316,C35专用设备制造业,证监会行业分类
300317,C38电气机械和器材制造业,证监会行业分类
300318,C35专用设备制造业,证监会行业分类
300319,C39计算机、通信和其他电子设备制造业,证监会行业分类
300320,C29橡胶和塑料制品业,证监会行业分类
300321,C29橡胶和塑料制品业,证监会行业分类
300322,C39计算机、通信和其他电子设备制造业,证监会行业分类
300323,C39计算机、通信和其他电子设备制造业,证监会行业分类
300324,I65软件和信息技术服务业,证监会行业分类
300325,,证监会行业分类
300326,C35专用设备制造业,证监会行业分类
300327,C39计算机、通信和其他电子设备制造业,证监会行业分类
300328,C33金属制品业,证监会行业分类
300329,C24文教、工美、体育和娱乐用品制造业,证监会行业分类
300330,,证监会行业分类
300331,C39计算机、通信和其他电子设备制造业,证监会行业分类
300332,D45燃气生产和供应业,证监会行业分类
300333,I65软件和信息技术服务业,证监会行业分类
300334,C35专用设备制造业,证监会行业分类
300335,D44电力、热力生产和供应业,证监会行业分类
300336,,证监会行业分类
300337,C32有色金属冶炼和压延加工业,证监会行业分类
300338,P83教育,证监会行业分类
300339,I65软件和信息技术服务业,证监会行业分类
300340,C39计算机、通信和其他电子设备制造业,证监会行业分类
300341,C40仪器仪表制造业,证监会行业分类
300342,C34通用设备制造业,证监会行业分类
300343,C26化学原料和化学制品制造业,证监会行业分类
300344,I65软件和信息技术服务业,证监会行业分类
300345,C38电气机械和器材制造业,证监会行业分类
300346,C39计算机、通信和其他电子设备制造业,证监会行业分类
300347,M73研究和试验发展,证监会行业分类
300348,I65软件和信息技术服务业,证监会行业分类
300349,I65软件和信息技术服务业,证监会行业分类
300350,G58多式联运和运输代理业,证监会行业分类
300351,C39计算机、通信和其他电子设备制造业,证监会行业分类
300352,I65软件和信息技术服务业,证监会行业分类
300353,C39计算机、通信和其他电子设备制造业,证监会行业分类
300354,C40仪器仪表制造业,证监会行业分类
300355,N77生态保护和环境治理业,证监会行业分类
300356,,证监会行业分类
300357,C27医药制造业,证监会行业分类
300358,C35专用设备制造业,证监会行业分类
300359,P83教育,证监会行业分类
300360,C40仪器仪表制造业,证监会行业分类
300362,,证监会行业分类
300363,C27医药制造业,证监会行业分类
300364,R86新闻和出版业,证监会行业分类
300365,I65软件和信息技术服务业,证监会行业分类
300366,I65软件和信息技术服务业,证监会行业分类
300367,,证监会行业分类
300368,I65软件和信息技术服务业,证监会行业分类
300369,I65软件和信息技术服务业,证监会行业分类
300370,C40仪器仪表制造业,证监会行业分类
300371,C40仪器仪表制造业,证监会行业分类
300372,,证监会行业分类
300373,C39计算机、通信和其他电子设备制造业,证监会行业分类
300374,C30非金属矿物制品业,证监会行业分类
300375,C29橡胶和塑料制品业,证监会行业分类
300376,C38电气机械和器材制造业,证监会行业分类
300377,I65软件和信息技术服务业,证监会行业分类
300378,I65软件和信息技术服务业,证监会行业分类
300379,,证监会行业分类
300380,I65软件和信息技术服务业,证监会行业分类
300381,C27医药制造业,证监会行业分类
300382,C35专用设备制造业,证监会行业分类
300383,I65软件和信息技术服务业,证监会行业分类
300384,M74专业技术服务业,证监会行业分类
300385,C35专用设备制造业,证监会行业分类
300386,I65软件和信息技术服务业,证监会行业分类
300387,C26化学原料和化学制品制造业,证监会行业分类
300388,N77生态保护和环境治理业,证监会行业分类
300389,C39计算机、通信和其他电子设备制造业,证监会行业分类
300390,C39计算机、通信和其他电子设备制造业,证监会行业分类
300391,,证监会行业分类
300392,,证监会行业分类
300393,C38电气机械和器材制造业,证监会行业分类
300394,C39计算机、通信和其他电子设备制造业,证监会行业分类
300395,C30非金属矿物制品业,证监会行业分类
300396,C35专用设备制造业,证监会行业分类
300397,C39计算机、通信和其他电子设备制造业,证监会行业分类
300398,C26化学原料和化学制品制造业,证监会行业分类
300399,I65软件和信息技术服务业,证监会行业分类
300400,C35专用设备制造业,证监会行业分类
300401,C27医药制造业,证监会行业分类
300402,C35专用设备制造业,证监会行业分类
300403,C38电气机械和器材制造业,证监会行业分类
300404,M73研究和试验发展,证监会行业分类
300405,C26化学原料和化学制品制造业,证监会行业分类
300406,C27医药制造业,证监会行业分类
300407,C37铁路、船舶、航空航天和其他运输设备制造业,证监会行业分类
300408,C39计算机、通信和其他电子设备制造业,证监会行业分类
300409,C39计算机、通信和其他电子设备制造业,证监会行业分类
300410,C35专用设备制造业,证监会行业分类
300411,C34通用设备制造业,证监会行业分类
300412,C35专用设备制造业,证监会行业分类
300413,I64互联网和相关服务,证监会行业分类
300414,C39计算机、通信和其他电子设备制造业,证监会行业分类
300415,C35专用设备制造业,证监会行业分类
300416,M74专业技术服务业,证监会行业分类
300417,C40仪器仪表制造业,证监会行业分类
300418,I64互联网和相关服务,证监会行业分类
300419,I65软件和信息技术服务业,证监会行业分类
300420,C34通用设备制造业,证监会行业分类
300421,C34通用设备制造业,证监会行业分类
300422,N77生态保护和环境治理业,证监会行业分类
300423,C38电气机械和器材制造业,证监会行业分类
300424,C43金属制品、机械和设备修理业,证监会行业分类
300425,C35专用设备制造业,证监会行业分类
300426,R87广播、电视、电影和录音制作业,证监会行业分类
300427,C38电气机械和器材制造业,证监会行业分类
300428,C32有色金属冶炼和压延加工业,证监会行业分类
300429,C26化学原料和化学制品制造业,证监会行业分类
300430,C35专用设备制造业,证监会行业分类
300431,,证监会行业分类
300432,C36汽车制造业,证监会行业分类
300433,C39计算机、通信和其他电子设备制造业,证监会行业分类
300434,C27医药制造业,证监会行业分类
300435,D45燃气生产和供应业,证监会行业分类
300436,C27医药制造业,证监会行业分类
300437,C26化学原料和化学制品制造业,证监会行业分类
300438,C38电气机械和器材制造业,证监会行业分类
300439,C27医药制造业,证监会行业分类
300440,I65软件和信息技术服务业,证监会行业分类
300441,C34通用设备制造业,证监会行业分类
300442,I65软件和信息技术服务业,证监会行业分类
300443,C35专用设备制造业,证监会行业分类
300444,C38电气机械和器材制造业,证监会行业分类
300445,C40仪器仪表制造业,证监会行业分类
300446,C26化学原料和化学制品制造业,证监会行业分类
300447,C38电气机械和器材制造业,证监会行业分类
300448,I65软件和信息技术服务业,证监会行业分类
300449,C39计算机、通信和其他电子设备制造业,证监会行业分类
300450,C35专用设备制造业,证监会行业分类
300451,I65软件和信息技术服务业,证监会行业分类
300452,C27医药制造业,证监会行业分类
300453,C35专用设备制造业,证监会行业分类
300454,I65软件和信息技术服务业,证监会行业分类
300455,C39计算机、通信和其他电子设备制造业,证监会行业分类
300456,C39计算机、通信和其他电子设备制造业,证监会行业分类
300457,C35专用设备制造业,证监会行业分类
300458,C39计算机、通信和其他电子设备制造业,证监会行业分类
300459,I64互联网和相关服务,证监会行业分类
300460,C39计算机、通信和其他电子设备制造业,证监会行业分类
300461,C35专用设备制造业,证监会行业分类
300462,C35专用设备制造业,证监会行业分类
300463,C27医药制造业,证监会行业分类
300464,F52零售业,证监会行业分类
300465,I65软件和信息技术服务业,证监会行业分类
300466,C40仪器仪表制造业,证监会行业分类
300467,I64互联网和相关服务,证监会行业分类
300468,I65软件和信息技术服务业,证监会行业分类
300469,I65软件和信息技术服务业,证监会行业分类
300470,C34通用设备制造业,证监会行业分类
300471,C35专用设备制造业,证监会行业分类
300472,C35专用设备制造业,证监会行业分类
300473,C36汽车制造业,证监会行业分类
300474,C39计算机、通信和其他电子设备制造业,证监会行业分类
300475,F51批发业,证监会行业分类
300476,C39计算机、通信和其他电子设备制造业,证监会行业分类
300477,C38电气机械和器材制造业,证监会行业分类
300478,C29橡胶和塑料制品业,证监会行业分类
300479,I65软件和信息技术服务业,证监会行业分类
300480,C35专用设备制造业,证监会行业分类
300481,C26化学原料和化学制品制造业,证监会行业分类
300482,C27医药制造业,证监会行业分类
300483,B07石油和天然气开采业,证监会行业分类
300484,C38电气机械和器材制造业,证监会行业分类
300485,C27医药制造业,证监会行业分类
300486,C34通用设备制造业,证监会行业分类
300487,C26化学原料和化学制品制造业,证监会行业分类
300488,C33金属制品业,证监会行业分类
300489,C39计算机、通信和其他电子设备制造业,证监会行业分类
300490,C38电气机械和器材制造业,证监会行业分类
300491,C38电气机械和器材制造业,证监会行业分类
300492,P83教育,证监会行业分类
300493,F51批发业,证监会行业分类
300494,I64互联网和相关服务,证监会行业分类
300495,,证监会行业分类
300496,I65软件和信息技术服务业,证监会行业分类
300497,C27医药制造业,证监会行业分类
300498,A03畜牧业,证监会行业分类
300499,C38电气机械和器材制造业,证监会行业分类
300500,M74专业技术服务业,证监会行业分类
300501,C27医药制造业,证监会行业分类
300502,C39计算机、通信和其他电子设备制造业,证监会行业分类
300503,C34通用设备制造业,证监会行业分类
300504,C39计算机、通信和其他电子设备制造业,证监会行业分类
300505,C26化学原料和化学制品制造业,证监会行业分类
300506,E50建筑装饰、装修和其他建筑业,证监会行业分类
300507,C36汽车制造业,证监会行业分类
300508,C40仪器仪表制造业,证监会行业分类
300509,C34通用设备制造业,证监会行业分类
300510,C38电气机械和器材制造业,证监会行业分类
300511,A01农业,证监会行业分类
300512,C34通用设备制造业,证监会行业分类
300513,I65软件和信息技术服务业,证监会行业分类
300514,C40仪器仪表制造业,证监会行业分类
300515,C40仪器仪表制造业,证监会行业分类
300516,C39计算机、通信和其他电子设备制造业,证监会行业分类
300517,E48土木工程建筑业,证监会行业分类
300518,I64互联网和相关服务,证监会行业分类
300519,C27医药制造业,证监会行业分类
300520,I65软件和信息技术服务业,证监会行业分类
300521,C35专用设备制造业,证监会行业分类
300522,C26化学原料和化学制品制造业,证监会行业分类
300523,I65软件和信息技术服务业,证监会行业分类
300525,I65软件和信息技术服务业,证监会行业分类
300526,,证监会行业分类
300527,C35专用设备制造业,证监会行业分类
300528,R87广播、电视、电影和录音制作业,证监会行业分类
300529,C35专用设备制造业,证监会行业分类
300530,C38电气机械和器材制造业,证监会行业分类
300531,C39计算机、通信和其他电子设备制造业,证监会行业分类
300532,I65软件和信息技术服务业,证监会行业分类
300533,I64互联网和相关服务,证监会行业分类
300534,C27医药制造业,证监会行业分类
300535,C26化学原料和化学制品制造业,证监会行业分类
300536,E48土木工程建筑业,证监会行业分类
300537,C26化学原料和化学制品制造业,证监会行业分类
300538,F51批发业,证监会行业分类
300539,C29橡胶和塑料制品业,证监会行业分类
300540,C34通用设备制造业,证监会行业分类
300541,I65软件和信息技术服务业,证监会行业分类
300542,I65软件和信息技术服务业,证监会行业分类
300543,C39计算机、通信和其他电子设备制造业,证监会行业分类
300545,C35专用设备制造业,证监会行业分类
300546,C39计算机、通信和其他电子设备制造业,证监会行业分类
300547,C29橡胶和塑料制品业,证监会行业分类
300548,C39计算机、通信和其他电子设备制造业,证监会行业分类
300549,C35专用设备制造业,证监会行业分类
300550,I65软件和信息技术服务业,证监会行业分类
300551,C34通用设备制造业,证监会行业分类
300552,C39计算机、通信和其他电子设备制造业,证监会行业分类
300553,C40仪器仪表制造业,证监会行业分类
300554,C30非金属矿物制品业,证监会行业分类
300555,C39计算机、通信和其他电子设备制造业,证监会行业分类
300556,I65软件和信息技术服务业,证监会行业分类
300557,C35专用设备制造业,证监会行业分类
300558,C27医药制造业,证监会行业分类
300559,I65软件和信息技术服务业,证监会行业分类
300560,I65软件和信息技术服务业,证监会行业分类
300561,I65软件和信息技术服务业,证监会行业分类
300562,C35专用设备制造业,证监会行业分类
300563,C39计算机、通信和其他电子设备制造业,证监会行业分类
300564,M74专业技术服务业,证监会行业分类
300565,C39计算机、通信和其他电子设备制造业,证监会行业分类
300566,C39计算机、通信和其他电子设备制造业,证监会行业分类
300567,C40仪器仪表制造业,证监会行业分类
300568,C26化学原料和化学制品制造业,证监会行业分类
300569,C38电气机械和器材制造业,证监会行业分类
300570,C39计算机、通信和其他电子设备制造业,证监会行业分类
300571,C39计算机、通信和其他电子设备制造业,证监会行业分类
300572,C40仪器仪表制造业,证监会行业分类
300573,C27医药制造业,证监会行业分类
300575,C26化学原料和化学制品制造业,证监会行业分类
300576,C39计算机、通信和其他电子设备制造业,证监会行业分类
300577,C19皮革、毛皮、羽毛及其制品和制鞋业,证监会行业分类
300578,I65软件和信息技术服务业,证监会行业分类
300579,I65软件和信息技术服务业,证监会行业分类
300580,C36汽车制造业,证监会行业分类
300581,C39计算机、通信和其他电子设备制造业,证监会行业分类
300582,C39计算机、通信和其他电子设备制造业,证监会行业分类
300583,C27医药制造业,证监会行业分类
300584,C27医药制造业,证监会行业分类
300585,C36汽车制造业,证监会行业分类
300586,C26化学原料和化学制品制造业,证监会行业分类
300587,C29橡胶和塑料制品业,证监会行业分类
300588,I65软件和信息技术服务业,证监会行业分类
300589,C37铁路、船舶、航空航天和其他运输设备制造业,证监会行业分类
300590,C39计算机、通信和其他电子设备制造业,证监会行业分类
300591,C19皮革、毛皮、羽毛及其制品和制鞋业,证监会行业分类
300592,F52零售业,证监会行业分类
300593,C38电气机械和器材制造业,证监会行业分类
300594,C37铁路、船舶、航空航天和其他运输设备制造业,证监会行业分类
300595,C35专用设备制造业,证监会行业分类
300596,C26化学原料和化学制品制造业,证监会行业分类
300597,I65软件和信息技术服务业,证监会行业分类
300598,I65软件和信息技术服务业,证监会行业分类
300599,C29橡胶和塑料制品业,证监会行业分类
300600,C37铁路、船舶、航空航天和其他运输设备制造业,证监会行业分类
300601,C27医药制造业,证监会行业分类
300602,C39计算机、通信和其他电子设备制造业,证监会行业分类
300603,I65软件和信息技术服务业,证监会行业分类
300604,C35专用设备制造业,证监会行业分类
300605,I65软件和信息技术服务业,证监会行业分类
300606,C30非金属矿物制品业,证监会行业分类
300607,C34通用设备制造业,证监会行业分类
300608,I65软件和信息技术服务业,证监会行业分类
300609,I65软件和信息技术服务业,证监会行业分类
300610,C26化学原料和化学制品制造业,证监会行业分类
300611,C36汽车制造业,证监会行业分类
300612,L72商务服务业,证监会行业分类
300613,I65软件和信息技术服务业,证监会行业分类
300614,N77生态保护和环境治理业,证监会行业分类
300615,C39计算机、通信和其他电子设备制造业,证监会行业分类
300616,C21家具制造业,证监会行业分类
300617,C38电气机械和器材制造业,证监会行业分类
300618,C32有色金属冶炼和压延加工业,证监会行业分类
300619,C35专用设备制造业,证监会行业分类
300620,C39计算机、通信和其他电子设备制造业,证监会行业分类
300621,E50建筑装饰、装修和其他建筑业,证监会行业分类
300622,F52零售业,证监会行业分类
300623,C39计算机、通信和其他电子设备制造业,证监会行业分类
300624,I65软件和信息技术服务业,证监会行业分类
300625,C38电气机械和器材制造业,证监会行业分类
300626,C38电气机械和器材制造业,证监会行业分类
300627,C39计算机、通信和其他电子设备制造业,证监会行业分类
300628,C39计算机、通信和其他电子设备制造业,证监会行业分类
300629,C39计算机、通信和其他电子设备制造业,证监会行业分类
300630,,证监会行业分类
300631,C35专用设备制造业,证监会行业分类
300632,C38电气机械和器材制造业,证监会行业分类
300633,C35专用设备制造业,证监会行业分类
300634,I65软件和信息技术服务业,证监会行业分类
300635,M74专业技术服务业,证监会行业分类
300636,C27医药制造业,证监会行业分类
300637,C26化学原料和化学制品制造业,证监会行业分类
300638,C39计算机、通信和其他电子设备制造业,证监会行业分类
300639,C27医药制造业,证监会行业分类
300640,C24文教、工美、体育和娱乐用品制造业,证监会行业分类
300641,C26化学原料和化学制品制造业,证监会行业分类
300642,C27医药制造业,证监会行业分类
300643,C36汽车制造业,证监会行业分类
300644,C29橡胶和塑料制品业,证监会行业分类
300645,I65软件和信息技术服务业,证监会行业分类
300647,C39计算机、通信和其他电子设备制造业,证监会行业分类
300648,C35专用设备制造业,证监会行业分类
300649,M74专业技术服务业,证监会行业分类
300650,F51批发业,证监会行业分类
300651,C24文教、工美、体育和娱乐用品制造业,证监会行业分类
300652,C36汽车制造业,证监会行业分类
300653,C35专用设备制造业,证监会行业分类
300654,R86新闻和出版业,证监会行业分类
300655,C26化学原料和化学制品制造业,证监会行业分类
300656,C39计算机、通信和其他电子设备制造业,证监会行业分类
300657,C39计算机、通信和其他电子设备制造业,证监会行业分类
300658,C17纺织业,证监会行业分类
300659,I65软件和信息技术服务业,证监会行业分类
300660,C38电气机械和器材制造业,证监会行业分类
300661,C39计算机、通信和其他电子设备制造业,证监会行业分类
300662,L72商务服务业,证监会行业分类
300663,I65软件和信息技术服务业,证监会行业分类
300664,N77生态保护和环境治理业,证监会行业分类
300665,C26化学原料和化学制品制造业,证监会行业分类
300666,C39计算机、通信和其他电子设备制造业,证监会行业分类
300667,C40仪器仪表制造业,证监会行业分类
300668,L72商务服务业,证监会行业分类
300669,C34通用设备制造业,证监会行业分类
300670,C38电气机械和器材制造业,证监会行业分类
300671,I65软件和信息技术服务业,证监会行业分类
300672,C39计算机、通信和其他电子设备制造业,证监会行业分类
300673,C13农副食品加工业,证监会行业分类
300674,I65软件和信息技术服务业,证监会行业分类
300675,M74专业技术服务业,证监会行业分类
300676,M74专业技术服务业,证监会行业分类
300677,C29橡胶和塑料制品业,证监会行业分类
300678,I65软件和信息技术服务业,证监会行业分类
300679,C39计算机、通信和其他电子设备制造业,证监会行业分类
300680,C36汽车制造业,证监会行业分类
300681,C36汽车制造业,证监会行业分类
300682,I65软件和信息技术服务业,证监会行业分类
300683,C27医药制造业,证监会行业分类
300684,C39计算机、通信和其他电子设备制造业,证监会行业分类
300685,C27医药制造业,证监会行业分类
300686,C39计算机、通信和其他电子设备制造业,证监会行业分类
300687,I65软件和信息技术服务业,证监会行业分类
300688,L72商务服务业,证监会行业分类
300689,C39计算机、通信和其他电子设备制造业,证监会行业分类
300690,C30非金属矿物制品业,证监会行业分类
300691,C39计算机、通信和其他电子设备制造业,证监会行业分类
300692,N77生态保护和环境治理业,证监会行业分类
300693,C38电气机械和器材制造业,证监会行业分类
300694,C36汽车制造业,证监会行业分类
300695,C36汽车制造业,证监会行业分类
300696,C37铁路、船舶、航空航天和其他运输设备制造业,证监会行业分类
300697,C32有色金属冶炼和压延加工业,证监会行业分类
300698,C39计算机、通信和其他电子设备制造业,证监会行业分类
300699,C28化学纤维制造业,证监会行业分类
300700,C30非金属矿物制品业,证监会行业分类
300701,C39计算机、通信和其他电子设备制造业,证监会行业分类
300702,C27医药制造业,证监会行业分类
300703,C24文教、工美、体育和娱乐用品制造业,证监会行业分类
300705,C27医药制造业,证监会行业分类
300706,C39计算机、通信和其他电子设备制造业,证监会行业分类
300707,C35专用设备制造业,证监会行业分类
300708,C39计算机、通信和其他电子设备制造业,证监会行业分类
300709,C39计算机、通信和其他电子设备制造业,证监会行业分类
300710,C39计算机、通信和其他电子设备制造业,证监会行业分类
300711,C39计算机、通信和其他电子设备制造业,证监会行业分类
300712,E48土木工程建筑业,证监会行业分类
300713,C38电气机械和器材制造业,证监会行业分类
300715,C30非金属矿物制品业,证监会行业分类
300716,C29橡胶和塑料制品业,证监会行业分类
300717,C29橡胶和塑料制品业,证监会行业分类
300718,C34通用设备制造业,证监会行业分类
300719,C37铁路、船舶、航空航天和其他运输设备制造业,证监会行业分类
300720,C40仪器仪表制造业,证监会行业分类
300721,C26化学原料和化学制品制造业,证监会行业分类
300722,C41其他制造业,证监会行业分类
300723,C27医药制造业,证监会行业分类
300724,C35专用设备制造业,证监会行业分类
300725,M73研究和试验发展,证监会行业分类
300726,C39计算机、通信和其他电子设备制造业,证监会行业分类
300727,C26化学原料和化学制品制造业,证监会行业分类
300729,C21家具制造业,证监会行业分类
300730,I65软件和信息技术服务业,证监会行业分类
300731,C29橡胶和塑料制品业,证监会行业分类
300732,M74专业技术服务业,证监会行业分类
300733,C36汽车制造业,证监会行业分类
300735,C39计算机、通信和其他电子设备制造业,证监会行业分类
300736,O81机动车、电子产品和日用产品修理业,证监会行业分类
300737,C30非金属矿物制品业,证监会行业分类
300738,I65软件和信息技术服务业,证监会行业分类
300739,C39计算机、通信和其他电子设备制造业,证监会行业分类
300740,C26化学原料和化学制品制造业,证监会行业分类
300741,C26化学原料和化学制品制造业,证监会行业分类
300742,,证监会行业分类
300743,C39计算机、通信和其他电子设备制造业,证监会行业分类
300745,C36汽车制造业,证监会行业分类
300746,M74专业技术服务业,证监会行业分类
300747,C39计算机、通信和其他电子设备制造业,证监会行业分类
300748,C30非金属矿物制品业,证监会行业分类
300749,C21家具制造业,证监会行业分类
300750,C38电气机械和器材制造业,证监会行业分类
300751,C35专用设备制造业,证监会行业分类
300752,C39计算机、通信和其他电子设备制造业,证监会行业分类
300753,C35专用设备制造业,证监会行业分类
300755,F51批发业,证监会行业分类
300756,C24文教、工美、体育和娱乐用品制造业,证监会行业分类
300757,C35专用设备制造业,证监会行业分类
300758,C26化学原料和化学制品制造业,证监会行业分类
300759,M73研究和试验发展,证监会行业分类
300760,C35专用设备制造业,证监会行业分类
300761,A03畜牧业,证监会行业分类
300762,C39计算机、通信和其他电子设备制造业,证监会行业分类
300763,C38电气机械和器材制造业,证监会行业分类
300765,C14食品制造业,证监会行业分类
300766,I64互联网和相关服务,证监会行业分类
300767,C29橡胶和塑料制品业,证监会行业分类
300768,I65软件和信息技术服务业,证监会行业分类
300769,C39计算机、通信和其他电子设备制造业,证监会行业分类
300770,I63电信、广播电视和卫星传输服务,证监会行业分类
300771,C35专用设备制造业,证监会行业分类
300772,C34通用设备制造业,证监会行业分类
300773,I65软件和信息技术服务业,证监会行业分类
300774,N77生态保护和环境治理业,证监会行业分类
300775,C37铁路、船舶、航空航天和其他运输设备制造业,证监会行业分类
300776,C35专用设备制造业,证监会行业分类
300777,C28化学纤维制造业,证监会行业分类
300778,M74专业技术服务业,证监会行业分类
300779,C42废弃资源综合利用业,证监会行业分类
300780,C34通用设备制造业,证监会行业分类
300781,L72商务服务业,证监会行业分类
300782,C39计算机、通信和其他电子设备制造业,证监会行业分类
300783,F52零售业,证监会行业分类
300784,C29橡胶和塑料制品业,证监会行业分类
300785,I64互联网和相关服务,证监会行业分类
300786,C35专用设备制造业,证监会行业分类
300787,C39计算机、通信和其他电子设备制造业,证监会行业分类
300788,R86新闻和出版业,证监会行业分类
300789,I65软件和信息技术服务业,证监会行业分类
300790,C39计算机、通信和其他电子设备制造业,证监会行业分类
300791,C14食品制造业,证监会行业分类
300792,I64互联网和相关服务,证监会行业分类
300793,C39计算机、通信和其他电子设备制造业,证监会行业分类
300795,L72商务服务业,证监会行业分类
300796,C26化学原料和化学制品制造业,证监会行业分类
300797,M74专业技术服务业,证监会行业分类
300798,C26化学原料和化学制品制造业,证监会行业分类
300799,,证监会行业分类
300800,C40仪器仪表制造业,证监会行业分类
300801,C26化学原料和化学制品制造业,证监会行业分类
300802,C39计算机、通信和其他电子设备制造业,证监会行业分类
300803,J69其他金融业,证监会行业分类
300804,C26化学原料和化学制品制造业,证监会行业分类
300805,L72商务服务业,证监会行业分类
300806,C29橡胶和塑料制品业,证监会行业分类
300807,C39计算机、通信和其他电子设备制造业,证监会行业分类
300808,C38电气机械和器材制造业,证监会行业分类
300809,C34通用设备制造业,证监会行业分类
300810,I65软件和信息技术服务业,证监会行业分类
300811,C39计算机、通信和其他电子设备制造业,证监会行业分类
300812,C35专用设备制造业,证监会行业分类
300813,C35专用设备制造业,证监会行业分类
300814,C39计算机、通信和其他电子设备制造业,证监会行业分类
300815,N78公共设施管理业,证监会行业分类
300816,N77生态保护和环境治理业,证监会行业分类
300817,C34通用设备制造业,证监会行业分类
300818,C35专用设备制造业,证监会行业分类
300819,C17纺织业,证监会行业分类
300820,C38电气机械和器材制造业,证监会行业分类
300821,C26化学原料和化学制品制造业,证监会行业分类
300822,C39计算机、通信和其他电子设备制造业,证监会行业分类
300823,C35专用设备制造业,证监会行业分类
300824,C38电气机械和器材制造业,证监会行业分类
300825,M74专业技术服务业,证监会行业分类
300826,M74专业技术服务业,证监会行业分类
300827,C38电气机械和器材制造业,证监会行业分类
300828,C39计算机、通信和其他电子设备制造业,证监会行业分类
300829,C14食品制造业,证监会行业分类
300830,I65软件和信息技术服务业,证监会行业分类
300831,C39计算机、通信和其他电子设备制造业,证监会行业分类
300832,C27医药制造业,证监会行业分类
300833,C38电气机械和器材制造业,证监会行业分类
300834,C26化学原料和化学制品制造业,证监会行业分类
300835,C39计算机、通信和其他电子设备制造业,证监会行业分类
300836,C35专用设备制造业,证监会行业分类
300837,C35专用设备制造业,证监会行业分类
300838,C34通用设备制造业,证监会行业分类
300839,C25石油、煤炭及其他燃料加工业,证监会行业分类
300840,C18纺织服装、服饰业,证监会行业分类
300841,C27医药制造业,证监会行业分类
300842,C39计算机、通信和其他电子设备制造业,证监会行业分类
300843,C39计算机、通信和其他电子设备制造业,证监会行业分类
300844,M74专业技术服务业,证监会行业分类
300845,I65软件和信息技术服务业,证监会行业分类
300846,I65软件和信息技术服务业,证监会行业分类
300847,C39计算机、通信和其他电子设备制造业,证监会行业分类
300848,C26化学原料和化学制品制造业,证监会行业分类
300849,C29橡胶和塑料制品业,证监会行业分类
300850,C34通用设备制造业,证监会行业分类
300851,I65软件和信息技术服务业,证监会行业分类
300852,C39计算机、通信和其他电子设备制造业,证监会行业分类
300853,C34通用设备制造业,证监会行业分类
300854,N77生态保护和环境治理业,证监会行业分类
300855,C32有色金属冶炼和压延加工业,证监会行业分类
300856,C26化学原料和化学制品制造业,证监会行业分类
300857,C39计算机、通信和其他电子设备制造业,证监会行业分类
300858,C14食品制造业,证监会行业分类
300859,N78公共设施管理业,证监会行业分类
300860,R88文化艺术业,证监会行业分类
300861,C30非金属矿物制品业,证监会行业分类
300862,C40仪器仪表制造业,证监会行业分类
300863,C36汽车制造业,证监会行业分类
300864,L72商务服务业,证监会行业分类
300865,C35专用设备制造业,证监会行业分类
300866,C39计算机、通信和其他电子设备制造业,证监会行业分类
300867,N77生态保护和环境治理业,证监会行业分类
300868,C29橡胶和塑料制品业,证监会行业分类
300869,C35专用设备制造业,证监会行业分类
300870,C39计算机、通信和其他电子设备制造业,证监会行业分类
300871,C27医药制造业,证监会行业分类
300872,I65软件和信息技术服务业,证监会行业分类
300873,G58多式联运和运输代理业,证监会行业分类
300875,C35专用设备制造业,证监会行业分类
300876,C28化学纤维制造业,证监会行业分类
300877,C17纺织业,证监会行业分类
300878,C27医药制造业,证监会行业分类
300879,C35专用设备制造业,证监会行业分类
300880,C40仪器仪表制造业,证监会行业分类
300881,C33金属制品业,证监会行业分类
300882,C40仪器仪表制造业,证监会行业分类
300883,C22造纸和纸制品业,证监会行业分类
300884,C39计算机、通信和其他电子设备制造业,证监会行业分类
300885,C33金属制品业,证监会行业分类
300886,C26化学原料和化学制品制造业,证监会行业分类
300887,M74专业技术服务业,证监会行业分类
300888,C17纺织业,证监会行业分类
300889,C38电气机械和器材制造业,证监会行业分类
300890,C30非金属矿物制品业,证监会行业分类
300891,C26化学原料和化学制品制造业,证监会行业分类
300892,F52零售业,证监会行业分类
300893,C36汽车制造业,证监会行业分类
300894,C38电气机械和器材制造业,证监会行业分类
300895,I65软件和信息技术服务业,证监会行业分类
300896,C35专用设备制造业,证监会行业分类
300897,C40仪器仪表制造业,证监会行业分类
300898,C14食品制造业,证监会行业分类
300899,N77生态保护和环境治理业,证监会行业分类
300900,C37铁路、船舶、航空航天和其他运输设备制造业,证监会行业分类
300901,M74专业技术服务业,证监会行业分类
300902,C35专用设备制造业,证监会行业分类
300903,C39计算机、通信和其他电子设备制造业,证监会行业分类
300904,C34通用设备制造业,证监会行业分类
300905,C29橡胶和塑料制品业,证监会行业分类
300906,C37铁路、船舶、航空航天和其他运输设备制造业,证监会行业分类
300907,C38电气机械和器材制造业,证监会行业分类
300908,C14食品制造业,证监会行业分类
300909,C39计算机、通信和其他电子设备制造业,证监会行业分类
300910,C26化学原料和化学制品制造业,证监会行业分类
300911,C38电气机械和器材制造业,证监会行业分类
300912,N77生态保护和环境治理业,证监会行业分类
300913,C38电气机械和器材制造业,证监会行业分类
300915,C14食品制造业,证监会行业分类
300916,C39计算机、通信和其他电子设备制造业,证监会行业分类
300917,K70房地产业,证监会行业分类
300918,C17纺织业,证监会行业分类
300919,C39计算机、通信和其他电子设备制造业,证监会行业分类
300920,C29橡胶和塑料制品业,证监会行业分类
300921,I64互联网和相关服务,证监会行业分类
300922,C41其他制造业,证监会行业分类
300923,C37铁路、船舶、航空航天和其他运输设备制造业,证监会行业分类
300925,I65软件和信息技术服务业,证监会行业分类
300926,C36汽车制造业,证监会行业分类
300927,C26化学原料和化学制品制造业,证监会行业分类
300928,M74专业技术服务业,证监会行业分类
300929,N77生态保护和环境治理业,证监会行业分类
300930,C42废弃资源综合利用业,证监会行业分类
300931,C34通用设备制造业,证监会行业分类
300932,C38电气机械和器材制造业,证监会行业分类
300933,C38电气机械和器材制造业,证监会行业分类
300935,I65软件和信息技术服务业,证监会行业分类
300936,C39计算机、通信和其他电子设备制造业,证监会行业分类
300937,F51批发业,证监会行业分类
300938,M74专业技术服务业,证监会行业分类
300939,C39计算机、通信和其他电子设备制造业,证监会行业分类
300940,C39计算机、通信和其他电子设备制造业,证监会行业分类
300941,I65软件和信息技术服务业,证监会行业分类
300942,C27医药制造业,证监会行业分类
300943,C34通用设备制造业,证监会行业分类
300945,F52零售业,证监会行业分类
300946,C33金属制品业,证监会行业分类
300947,L72商务服务业,证监会行业分类
300948,N77生态保护和环境治理业,证监会行业分类
300949,M74专业技术服务业,证监会行业分类
300950,C35专用设备制造业,证监会行业分类
300951,C39计算机、通信和其他电子设备制造业,证监会行业分类
300952,C17纺织业,证监会行业分类
300953,C33金属制品业,证监会行业分类
300955,C26化学原料和化学制品制造业,证监会行业分类
300956,C39计算机、通信和其他电子设备制造业,证监会行业分类
300957,C26化学原料和化学制品制造业,证监会行业分类
300958,N77生态保护和环境治理业,证监会行业分类
300959,I65软件和信息技术服务业,证监会行业分类
300960,C37铁路、船舶、航空航天和其他运输设备制造业,证监会行业分类
300961,N77生态保护和环境治理业,证监会行业分类
300962,C41其他制造业,证监会行业分类
300963,C32有色金属冶炼和压延加工业,证监会行业分类
300964,C39计算机、通信和其他电子设备制造业,证监会行业分类
300965,C39计算机、通信和其他电子设备制造业,证监会行业分类
300966,C27医药制造业,证监会行业分类
300967,A03畜牧业,证监会行业分类
300968,C39计算机、通信和其他电子设备制造业,证监会行业分类
300969,C36汽车制造业,证监会行业分类
300970,A01农业,证监会行业分类
300971,C34通用设备制造业,证监会行业分类
300972,F52零售业,证监会行业分类
300973,C14食品制造业,证监会行业分类
300975,F51批发业,证监会行业分类
300976,C39计算机、通信和其他电子设备制造业,证监会行业分类
300977,M74专业技术服务业,证监会行业分类
300978,C36汽车制造业,证监会行业分类
300979,C19皮革、毛皮、羽毛及其制品和制鞋业,证监会行业分类
300980,C29橡胶和塑料制品业,证监会行业分类
300981,C29橡胶和塑料制品业,证监会行业分类
300982,E48土木工程建筑业,证监会行业分类
300983,M74专业技术服务业,证监会行业分类
300984,C34通用设备制造业,证监会行业分类
300985,C33金属制品业,证监会行业分类
300986,C33金属制品业,证监会行业分类
300987,I64互联网和相关服务,证监会行业分类
300988,C33金属制品业,证监会行业分类
300989,M74专业技术服务业,证监会行业分类
300990,C34通用设备制造业,证监会行业分类
300991,C39计算机、通信和其他电子设备制造业,证监会行业分类
300992,C34通用设备制造业,证监会行业分类
300993,C17纺织业,证监会行业分类
300994,C37铁路、船舶、航空航天和其他运输设备制造业,证监会行业分类
300995,C29橡胶和塑料制品业,证监会行业分类
300996,I65软件和信息技术服务业,证监会行业分类
300997,C15酒、饮料和精制茶制造业,证监会行业分类
300998,C35专用设备制造业,证监会行业分类
300999,C13农副食品加工业,证监会行业分类
301000,C29橡胶和塑料制品业,证监会行业分类
301001,F52零售业,证监会行业分类
301002,C39计算机、通信和其他电子设备制造业,证监会行业分类
301003,C29橡胶和塑料制品业,证监会行业分类
301004,C33金属制品业,证监会行业分类
301005,C36汽车制造业,证监会行业分类
301006,C40仪器仪表制造业,证监会行业分类
301007,C36汽车制造业,证监会行业分类
301008,C38电气机械和器材制造业,证监会行业分类
301009,C22造纸和纸制品业,证监会行业分类
301010,C30非金属矿物制品业,证监会行业分类
301011,C24文教、工美、体育和娱乐用品制造业,证监会行业分类
301012,C38电气机械和器材制造业,证监会行业分类
301013,C35专用设备制造业,证监会行业分类
301015,F51批发业,证监会行业分类
301016,C37铁路、船舶、航空航天和其他运输设备制造业,证监会行业分类
301017,F52零售业,证监会行业分类
301018,C35专用设备制造业,证监会行业分类
301019,C29橡胶和塑料制品业,证监会行业分类
301020,C34通用设备制造业,证监会行业分类
301021,C39计算机、通信和其他电子设备制造业,证监会行业分类
301022,C35专用设备制造业,证监会行业分类
301023,C34通用设备制造业,证监会行业分类
301024,M74专业技术服务业,证监会行业分类
301025,R86新闻和出版业,证监会行业分类
301026,C42废弃资源综合利用业,证监会行业分类
301027,M74专业技术服务业,证监会行业分类
301028,C34通用设备制造业,证监会行业分类
301029,C34通用设备制造业,证监会行业分类
301030,C35专用设备制造业,证监会行业分类
301031,C38电气机械和器材制造业,证监会行业分类
301032,C34通用设备制造业,证监会行业分类
301033,C35专用设备制造业,证监会行业分类
301035,C26化学原料和化学制品制造业,证监会行业分类
301036,C26化学原料和化学制品制造业,证监会行业分类
301037,C26化学原料和化学制品制造业,证监会行业分类
301038,M74专业技术服务业,证监会行业分类
301039,C36汽车制造业,证监会行业分类
301040,C33金属制品业,证监会行业分类
301041,C39计算机、通信和其他电子设备制造业,证监会行业分类
301042,C39计算机、通信和其他电子设备制造业,证监会行业分类
301043,C34通用设备制造业,证监会行业分类
301045,C39计算机、通信和其他电子设备制造业,证监会行业分类
301046,E48土木工程建筑业,证监会行业分类
301047,M73研究和试验发展,证监会行业分类
301048,C37铁路、船舶、航空航天和其他运输设备制造业,证监会行业分类
301049,N77生态保护和环境治理业,证监会行业分类
301050,C39计算机、通信和其他电子设备制造业,证监会行业分类
301051,C39计算机、通信和其他电子设备制造业,证监会行业分类
301052,R86新闻和出版业,证监会行业分类
301053,C35专用设备制造业,证监会行业分类
301055,C33金属制品业,证监会行业分类
301056,C34通用设备制造业,证监会行业分类
301057,C28化学纤维制造业,证监会行业分类
301058,M74专业技术服务业,证监会行业分类
301059,C26化学原料和化学制品制造业,证监会行业分类
301060,F51批发业,证监会行业分类
301061,C21家具制造业,证监会行业分类
301062,C22造纸和纸制品业,证监会行业分类
301063,C33金属制品业,证监会行业分类
301065,C26化学原料和化学制品制造业,证监会行业分类
301066,C18纺织服装、服饰业,证监会行业分类
301067,C39计算机、通信和其他电子设备制造业,证监会行业分类
301068,C42废弃资源综合利用业,证监会行业分类
301069,C26化学原料和化学制品制造业,证监会行业分类
301070,C34通用设备制造业,证监会行业分类
301071,C30非金属矿物制品业,证监会行业分类
301072,C36汽车制造业,证监会行业分类
301073,H61住宿业,证监会行业分类
301075,C27医药制造业,证监会行业分类
301076,C26化学原料和化学制品制造业,证监会行业分类
301077,C26化学原料和化学制品制造业,证监会行业分类
301078,F52零售业,证监会行业分类
301079,C34通用设备制造业,证监会行业分类
301080,M73研究和试验发展,证监会行业分类
301081,C35专用设备制造业,证监会行业分类
301082,C38电气机械和器材制造业,证监会行业分类
301083,C35专用设备制造业,证监会行业分类
301085,I65软件和信息技术服务业,证监会行业分类
301086,C39计算机、通信和其他电子设备制造业,证监会行业分类
301087,C35专用设备制造业,证监会行业分类
301088,F52零售业,证监会行业分类
301089,C27医药制造业,证监会行业分类
301090,C26化学原料和化学制品制造业,证监会行业分类
301091,M74专业技术服务业,证监会行业分类
301092,C26化学原料和化学制品制造业,证监会行业分类
301093,C27医药制造业,证监会行业分类
301095,I65软件和信息技术服务业,证监会行业分类
301096,M73研究和试验发展,证监会行业分类
301097,C35专用设备制造业,证监会行业分类
301098,E48土木工程建筑业,证监会行业分类
301099,F51批发业,证监会行业分类
301100,C26化学原料和化学制品制造业,证监会行业分类
301101,C35专用设备制造业,证监会行业分类
301102,L72商务服务业,证监会行业分类
301103,Q84卫生,证监会行业分类
301105,C34通用设备制造业,证监会行业分类
301106,C39计算机、通信和其他电子设备制造业,证监会行业分类
301107,C34通用设备制造业,证监会行业分类
301108,C26化学原料和化学制品制造业,证监会行业分类
301109,N77生态保护和环境治理业,证监会行业分类
301110,I64互联网和相关服务,证监会行业分类
301111,C27医药制造业,证监会行业分类
301112,C35专用设备制造业,证监会行业分类
301113,C21家具制造业,证监会行业分类
301115,M74专业技术服务业,证监会行业分类
301116,C13农副食品加工业,证监会行业分类
301117,I65软件和信息技术服务业,证监会行业分类
301118,C26化学原料和化学制品制造业,证监会行业分类
301119,C36汽车制造业,证监会行业分类
301120,C38电气机械和器材制造业,证监会行业分类
301121,C38电气机械和器材制造业,证监会行业分类
301122,C35专用设备制造业,证监会行业分类
301123,C39计算机、通信和其他电子设备制造业,证监会行业分类
301125,C34通用设备制造业,证监会行业分类
301126,F52零售业,证监会行业分类
301127,D46水的生产和供应业,证监会行业分类
301128,C35专用设备制造业,证监会行业分类
301129,C40仪器仪表制造业,证监会行业分类
301130,C27医药制造业,证监会行业分类
301131,C29橡胶和塑料制品业,证监会行业分类
301132,C39计算机、通信和其他电子设备制造业,证监会行业分类
301133,C36汽车制造业,证监会行业分类
301135,C39计算机、通信和其他电子设备制造业,证监会行业分类
301136,M74专业技术服务业,证监会行业分类
301137,C33金属制品业,证监会行业分类
301138,C35专用设备制造业,证监会行业分类
301139,I65软件和信息技术服务业,证监会行业分类
301141,C39计算机、通信和其他电子设备制造业,证监会行业分类
301148,N77生态保护和环境治理业,证监会行业分类
301149,C26化学原料和化学制品制造业,证监会行业分类
301150,C39计算机、通信和其他电子设备制造业,证监会行业分类
301151,C34通用设备制造业,证监会行业分类
301152,C39计算机、通信和其他电子设备制造业,证监会行业分类
301153,I65软件和信息技术服务业,证监会行业分类
301155,C38电气机械和器材制造业,证监会行业分类
301156,C14食品制造业,证监会行业分类
301157,C39计算机、通信和其他电子设备制造业,证监会行业分类
301158,C35专用设备制造业,证监会行业分类
301159,I65软件和信息技术服务业,证监会行业分类
301160,C33金属制品业,证监会行业分类
301161,C29橡胶和塑料制品业,证监会行业分类
301162,I65软件和信息技术服务业,证监会行业分类
301163,C33金属制品业,证监会行业分类
301165,C39计算机、通信和其他电子设备制造业,证监会行业分类
301166,F51批发业,证监会行业分类
301167,M74专业技术服务业,证监会行业分类
301168,C38电气机械和器材制造业,证监会行业分类
301169,L72商务服务业,证监会行业分类
301170,C36汽车制造业,证监会行业分类
301171,I64互联网和相关服务,证监会行业分类
301172,I65软件和信息技术服务业,证监会行业分类
301173,C36汽车制造业,证监会行业分类
301175,N78公共设施管理业,证监会行业分类
301176,C39计算机、通信和其他电子设备制造业,证监会行业分类
301177,F52零售业,证监会行业分类
301178,I65软件和信息技术服务业,证监会行业分类
301179,I65软件和信息技术服务业,证监会行业分类
301180,C39计算机、通信和其他电子设备制造业,证监会行业分类
301181,C36汽车制造业,证监会行业分类
301182,C39计算机、通信和其他电子设备制造业,证监会行业分类
301183,C39计算机、通信和其他电子设备制造业,证监会行业分类
301185,I65软件和信息技术服务业,证监会行业分类
301186,C35专用设备制造业,证监会行业分类
301187,C38电气机械和器材制造业,证监会行业分类
301188,C30非金属矿物制品业,证监会行业分类
301189,C39计算机、通信和其他电子设备制造业,证监会行业分类
301190,C26化学原料和化学制品制造业,证监会行业分类
301191,C39计算机、通信和其他电子设备制造业,证监会行业分类
301192,C36汽车制造业,证监会行业分类
301193,C29橡胶和塑料制品业,证监会行业分类
301195,I65软件和信息技术服务业,证监会行业分类
301196,C29橡胶和塑料制品业,证监会行业分类
301197,I65软件和信息技术服务业,证监会行业分类
301198,C29橡胶和塑料制品业,证监会行业分类
301199,C35专用设备制造业,证监会行业分类
301200,C35专用设备制造业,证监会行业分类
301201,C27医药制造业,证监会行业分类
301202,C33金属制品业,证监会行业分类
301203,N77生态保护和环境治理业,证监会行业分类
301205,C39计算机、通信和其他电子设备制造业,证监会行业分类
301206,C14食品制造业,证监会行业分类
301207,C27医药制造业,证监会行业分类
301208,I65软件和信息技术服务业,证监会行业分类
301209,C26化学原料和化学制品制造业,证监会行业分类
301210,C38电气机械和器材制造业,证监会行业分类
301211,C27医药制造业,证监会行业分类
301212,C26化学原料和化学制品制造业,证监会行业分类
301213,I65软件和信息技术服务业,证监会行业分类
301215,M74专业技术服务业,证监会行业分类
301216,C26化学原料和化学制品制造业,证监会行业分类
301217,C39计算机、通信和其他电子设备制造业,证监会行业分类
301218,I65软件和信息技术服务业,证监会行业分类
301219,C32有色金属冶炼和压延加工业,证监会行业分类
301220,C26化学原料和化学制品制造业,证监会行业分类
301221,I65软件和信息技术服务业,证监会行业分类
301222,C38电气机械和器材制造业,证监会行业分类
301223,C23印刷和记录媒介复制业,证监会行业分类
301225,C36汽车制造业,证监会行业分类
301226,C38电气机械和器材制造业,证监会行业分类
301227,C20木材加工和木、竹、藤、棕、草制品业,证监会行业分类
301228,M74专业技术服务业,证监会行业分类
301229,C36汽车制造业,证监会行业分类
301230,M73研究和试验发展,证监会行业分类
301231,R86新闻和出版业,证监会行业分类
301232,C34通用设备制造业,证监会行业分类
301233,C29橡胶和塑料制品业,证监会行业分类
301234,C35专用设备制造业,证监会行业分类
301235,E49建筑安装业,证监会行业分类
301236,I65软件和信息技术服务业,证监会行业分类
301237,C29橡胶和塑料制品业,证监会行业分类
301238,C26化学原料和化学制品制造业,证监会行业分类
301239,Q84卫生,证监会行业分类
301246,C27医药制造业,证监会行业分类
301248,I65软件和信息技术服务业,证监会行业分类
301251,C39计算机、通信和其他电子设备制造业,证监会行业分类
301252,C34通用设备制造业,证监会行业分类
301255,C34通用设备制造业,证监会行业分类
301256,C26化学原料和化学制品制造业,证监会行业分类
301257,M73研究和试验发展,证监会行业分类
301258,C27医药制造业,证监会行业分类
301259,N77生态保护和环境治理业,证监会行业分类
301260,C35专用设备制造业,证监会行业分类
301261,C34通用设备制造业,证监会行业分类
301262,I63电信、广播电视和卫星传输服务,证监会行业分类
301263,F51批发业,证监会行业分类
301265,C42废弃资源综合利用业,证监会行业分类
301266,C38电气机械和器材制造业,证监会行业分类
301267,Q84卫生,证监会行业分类
301268,C33金属制品业,证监会行业分类
301269,I65软件和信息技术服务业,证监会行业分类
301270,I65软件和信息技术服务业,证监会行业分类
301272,C34通用设备制造业,证监会行业分类
301273,C34通用设备制造业,证监会行业分类
301275,C39计算机、通信和其他电子设备制造业,证监会行业分类
301276,C18纺织服装、服饰业,证监会行业分类
301277,C27医药制造业,证监会行业分类
301278,C38电气机械和器材制造业,证监会行业分类
301279,C34通用设备制造业,证监会行业分类
301280,C39计算机、通信和其他电子设备制造业,证监会行业分类
301281,C27医药制造业,证监会行业分类
301282,C39计算机、通信和其他电子设备制造业,证监会行业分类
301283,C26化学原料和化学制品制造业,证监会行业分类
301285,C39计算机、通信和其他电子设备制造业,证监会行业分类
301286,C26化学原料和化学制品制造业,证监会行业分类
301287,C24文教、工美、体育和娱乐用品制造业,证监会行业分类
301288,C35专用设备制造业,证监会行业分类
301289,M74专业技术服务业,证监会行业分类
301290,C35专用设备制造业,证监会行业分类
301291,C38电气机械和器材制造业,证监会行业分类
301292,C26化学原料和化学制品制造业,证监会行业分类
301293,Q84卫生,证监会行业分类
301295,C38电气机械和器材制造业,证监会行业分类
301296,C22造纸和纸制品业,证监会行业分类
301297,M74专业技术服务业,证监会行业分类
301298,C36汽车制造业,证监会行业分类
301299,I64互联网和相关服务,证监会行业分类
301300,C26化学原料和化学制品制造业,证监会行业分类
301301,C27医药制造业,证监会行业分类
301302,I65软件和信息技术服务业,证监会行业分类
301303,C40仪器仪表制造业,证监会行业分类
301305,N77生态保护和环境治理业,证监会行业分类
301306,M74专业技术服务业,证监会行业分类
301307,C33金属制品业,证监会行业分类
301308,C39计算机、通信和其他电子设备制造业,证监会行业分类
301309,C34通用设备制造业,证监会行业分类
301310,C36汽车制造业,证监会行业分类
301311,C34通用设备制造业,证监会行业分类
301312,C35专用设备制造业,证监会行业分类
301313,I65软件和信息技术服务业,证监会行业分类
301314,C39计算机、通信和其他电子设备制造业,证监会行业分类
301315,I65软件和信息技术服务业,证监会行业分类
301316,I65软件和信息技术服务业,证监会行业分类
301317,C34通用设备制造业,证监会行业分类
301318,C39计算机、通信和其他电子设备制造业,证监会行业分类
301319,C39计算机、通信和其他电子设备制造业,证监会行业分类
301320,C38电气机械和器材制造业,证监会行业分类
301321,C39计算机、通信和其他电子设备制造业,证监会行业分类
301322,C37铁路、船舶、航空航天和其他运输设备制造业,证监会行业分类
301323,C29橡胶和塑料制品业,证监会行业分类
301325,C35专用设备制造业,证监会行业分类
301326,C39计算机、通信和其他电子设备制造业,证监会行业分类
301327,C38电气机械和器材制造业,证监会行业分类
301328,C39计算机、通信和其他电子设备制造业,证监会行业分类
301329,C39计算机、通信和其他电子设备制造业,证监会行业分类
301330,C39计算机、通信和其他电子设备制造业,证监会行业分类
301331,C27医药制造业,证监会行业分类
301332,C38电气机械和器材制造业,证监会行业分类
301333,M73研究和试验发展,证监会行业分类
301335,C41其他制造业,证监会行业分类
301336,C21家具制造业,证监会行业分类
301337,I65软件和信息技术服务业,证监会行业分类
301338,C35专用设备制造业,证监会行业分类
301339,I65软件和信息技术服务业,证监会行业分类
301345,C37铁路、船舶、航空航天和其他运输设备制造业,证监会行业分类
301348,C39计算机、通信和其他电子设备制造业,证监会行业分类
301349,C26化学原料和化学制品制造业,证监会行业分类
301353,C34通用设备制造业,证监会行业分类
301355,C22造纸和纸制品业,证监会行业分类
301356,C29橡胶和塑料制品业,证监会行业分类
301357,C41其他制造业,证监会行业分类
301358,C39计算机、通信和其他电子设备制造业,证监会行业分类
301359,C38电气机械和器材制造业,证监会行业分类
301360,C35专用设备制造业,证监会行业分类
301361,C38电气机械和器材制造业,证监会行业分类
301362,C38电气机械和器材制造业,证监会行业分类
301363,C35专用设备制造业,证监会行业分类
301365,M74专业技术服务业,证监会行业分类
301366,C39计算机、通信和其他电子设备制造业,证监会行业分类
301367,C35专用设备制造业,证监会行业分类
301368,C34通用设备制造业,证监会行业分类
301369,C35专用设备制造业,证监会行业分类
301370,F51批发业,证监会行业分类
301371,C26化学原料和化学制品制造业,证监会行业分类
301372,N77生态保护和环境治理业,证监会行业分类
301373,C26化学原料和化学制品制造业,证监会行业分类
301376,F52零售业,证监会行业分类
301377,C33金属制品业,证监会行业分类
301378,I65软件和信息技术服务业,证监会行业分类
301379,C39计算机、通信和其他电子设备制造业,证监会行业分类
301380,I65软件和信息技术服务业,证监会行业分类
301381,F52零售业,证监会行业分类
301382,I64互联网和相关服务,证监会行业分类
301383,C39计算机、通信和其他电子设备制造业,证监会行业分类
301386,C38电气机械和器材制造业,证监会行业分类
301387,C39计算机、通信和其他电子设备制造业,证监会行业分类
301388,C38电气机械和器材制造业,证监会行业分类
301389,C39计算机、通信和其他电子设备制造业,证监会行业分类
301390,M74专业技术服务业,证监会行业分类
301391,C39计算机、通信和其他电子设备制造业,证监会行业分类
301392,C34通用设备制造业,证监会行业分类
301393,C26化学原料和化学制品制造业,证监会行业分类
301395,C26化学原料和化学制品制造业,证监会行业分类
301396,I65软件和信息技术服务业,证监会行业分类
301397,C36汽车制造业,证监会行业分类
301398,C33金属制品业,证监会行业分类
301399,C34通用设备制造业,证监会行业分类
301408,F52零售业,证监会行业分类
301413,C39计算机、通信和其他电子设备制造业,证监会行业分类
301418,C38电气机械和器材制造业,证监会行业分类
301419,C39计算机、通信和其他电子设备制造业,证监会行业分类
301421,C40仪器仪表制造业,证监会行业分类
301428,I64互联网和相关服务,证监会行业分类
301429,C26化学原料和化学制品制造业,证监会行业分类
301439,C38电气机械和器材制造业,证监会行业分类
301446,C34通用设备制造业,证监会行业分类
301448,C34通用设备制造业,证监会行业分类
301449,M74专业技术服务业,证监会行业分类
301456,C35专用设备制造业,证监会行业分类
301458,C39计算机、通信和其他电子设备制造业,证监会行业分类
301459,C29橡胶和塑料制品业,证监会行业分类
301468,C35专用设备制造业,证监会行业分类
301469,C22造纸和纸制品业,证监会行业分类
301479,C39计算机、通信和其他电子设备制造业,证监会行业分类
301486,C39计算机、通信和其他电子设备制造业,证监会行业分类
301487,C26化学原料和化学制品制造业,证监会行业分类
301488,C39计算机、通信和其他电子设备制造业,证监会行业分类
301489,C39计算机、通信和其他电子设备制造业,证监会行业分类
301491,C39计算机、通信和其他电子设备制造业,证监会行业分类
301498,C13农副食品加工业,证监会行业分类
301499,C36汽车制造业,证监会行业分类
301500,C42废弃资源综合利用业,证监会行业分类
301501,C22造纸和纸制品业,证监会行业分类
301502,C38电气机械和器材制造业,证监会行业分类
301503,C39计算机、通信和其他电子设备制造业,证监会行业分类
301505,M74专业技术服务业,证监会行业分类
301507,C27医药制造业,证监会行业分类
301508,M74专业技术服务业,证监会行业分类
301509,C27医药制造业,证监会行业分类
301510,C40仪器仪表制造业,证监会行业分类
301511,C39计算机、通信和其他电子设备制造业,证监会行业分类
301512,C35专用设备制造业,证监会行业分类
301513,C35专用设备制造业,证监会行业分类
301515,C35专用设备制造业,证监会行业分类
301516,C39计算机、通信和其他电子设备制造业,证监会行业分类
301517,C39计算机、通信和其他电子设备制造业,证监会行业分类
301518,C26化学原料和化学制品制造业,证监会行业分类
301519,N77生态保护和环境治理业,证监会行业分类
301520,M73研究和试验发展,证监会行业分类
301522,C33金属制品业,证监会行业分类
301525,C38电气机械和器材制造业,证监会行业分类
301526,C30非金属矿物制品业,证监会行业分类
301528,C40仪器仪表制造业,证监会行业分类
301529,C36汽车制造业,证监会行业分类
301533,C35专用设备制造业,证监会行业分类
301535,C36汽车制造业,证监会行业分类
301536,C39计算机、通信和其他电子设备制造业,证监会行业分类
301538,C29橡胶和塑料制品业,证监会行业分类
301539,C36汽车制造业,证监会行业分类
301548,C34通用设备制造业,证监会行业分类
301550,C36汽车制造业,证监会行业分类
301551,I63电信、广播电视和卫星传输服务,证监会行业分类
301552,C36汽车制造业,证监会行业分类
301555,C26化学原料和化学制品制造业,证监会行业分类
301556,I65软件和信息技术服务业,证监会行业分类
301557,C30非金属矿物制品业,证监会行业分类
301558,F52零售业,证监会行业分类
301559,C34通用设备制造业,证监会行业分类
301560,C36汽车制造业,证监会行业分类
301563,F51批发业,证监会行业分类
301565,C29橡胶和塑料制品业,证监会行业分类
301566,C39计算机、通信和其他电子设备制造业,证监会行业分类
301567,C39计算机、通信和其他电子设备制造业,证监会行业分类
301568,C35专用设备制造业,证监会行业分类
301571,C39计算机、通信和其他电子设备制造业,证监会行业分类
301575,C33金属制品业,证监会行业分类
301577,C39计算机、通信和其他电子设备制造业,证监会行业分类
301578,C39计算机、通信和其他电子设备制造业,证监会行业分类
301580,C35专用设备制造业,证监会行业分类
301581,C36汽车制造业,证监会行业分类
301584,F51批发业,证监会行业分类
301585,C26化学原料和化学制品制造业,证监会行业分类
301586,C37铁路、船舶、航空航天和其他运输设备制造业,证监会行业分类
301587,C33金属制品业,证监会行业分类
301588,C29橡胶和塑料制品业,证监会行业分类
301589,C39计算机、通信和其他电子设备制造业,证监会行业分类
301590,C38电气机械和器材制造业,证监会行业分类
301591,C29橡胶和塑料制品业,证监会行业分类
301592,I65软件和信息技术服务业,证监会行业分类
301595,C29橡胶和塑料制品业,证监会行业分类
301596,C34通用设备制造业,证监会行业分类
301598,C35专用设备制造业,证监会行业分类
301600,C39计算机、通信和其他电子设备制造业,证监会行业分类
301601,M74专业技术服务业,证监会行业分类
301602,C35专用设备制造业,证监会行业分类
301603,C34通用设备制造业,证监会行业分类
301606,C39计算机、通信和其他电子设备制造业,证监会行业分类
301607,C36汽车制造业,证监会行业分类
301608,C39计算机、通信和其他电子设备制造业,证监会行业分类
301609,C38电气机械和器材制造业,证监会行业分类
301611,C39计算机、通信和其他电子设备制造业,证监会行业分类
301613,C36汽车制造业,证监会行业分类
301616,C34通用设备制造业,证监会行业分类
301617,C26化学原料和化学制品制造业,证监会行业分类
301618,C26化学原料和化学制品制造业,证监会行业分类
301622,C39计算机、通信和其他电子设备制造业,证监会行业分类
301626,C39计算机、通信和其他电子设备制造业,证监会行业分类
301628,C39计算机、通信和其他电子设备制造业,证监会行业分类
301629,C35专用设备制造业,证监会行业分类
301630,C39计算机、通信和其他电子设备制造业,证监会行业分类
301631,C39计算机、通信和其他电子设备制造业,证监会行业分类
301632,M74专业技术服务业,证监会行业分类
301633,I65软件和信息技术服务业,证监会行业分类
301636,C38电气机械和器材制造业,证监会行业分类
301638,I65软件和信息技术服务业,证监会行业分类
301656,C36汽车制造业,证监会行业分类
301658,C38电气机械和器材制造业,证监会行业分类
301662,C35专用设备制造业,证监会行业分类
301665,C26化学原料和化学制品制造业,证监会行业分类
301666,C39计算机、通信和其他电子设备制造业,证监会行业分类
301667,C36汽车制造业,证监会行业分类
301668,C38电气机械和器材制造业,证监会行业分类
301678,C39计算机、通信和其他电子设备制造业,证监会行业分类
301680,C36汽车制造业,证监会行业分类
301682,C39计算机、通信和其他电子设备制造业,证监会行业分类
301683,C26化学原料和化学制品制造业,证监会行业分类
301687,C39计算机、通信和其他电子设备制造业,证监会行业分类
301696,C38电气机械和器材制造业,证监会行业分类
302132,C39计算机、通信和其他电子设备制造业,证监会行业分类
